iter	RMSE
0	1.179448769
1	1.148720396
2	1.119077734
3	1.090241951
4	1.062067624
5	1.034668496
6	1.008166949
7	0.982758323
8	0.9579235377
9	0.9339481282
10	0.9104885223
11	0.8880824539
12	0.8663487637
13	0.8454370129
14	0.8246978718
15	0.8048947077
16	0.7853881781
17	0.766856823
18	0.7486829942
19	0.7313578281
20	0.7144506721
21	0.6978620227
22	0.6820547439
23	0.6665961883
24	0.6518493059
25	0.6374345036
26	0.6233001946
27	0.6098621919
28	0.5967045743
29	0.584253846
30	0.5720239029
31	0.5605425993
32	0.5492222861
33	0.5383097644
34	0.5275658879
35	0.5173839565
36	0.5073162327
37	0.4975042742
38	0.488413432
39	0.4792605381
40	0.4705722112
41	0.4621411651
42	0.4540998423
43	0.4465358731
44	0.4390570391
45	0.4318055926
46	0.4250429236
47	0.4181328548
48	0.4116793892
49	0.4051940056
50	0.3992325456
51	0.3933246454
52	0.3877292836
53	0.3821954798
54	0.3770026677
55	0.3718603575
56	0.3669322583
57	0.3622961624
58	0.3577592168
59	0.353507332
60	0.3493585245
61	0.3451495815
62	0.3412007064
63	0.3375322314
64	0.3338520174
65	0.3303487242
66	0.3269473776
67	0.3237443479
68	0.3205066282
69	0.317606194
70	0.3147767493
71	0.3118829435
72	0.3091096534
73	0.3066229571
74	0.3040620252
75	0.3015501736
76	0.2990948483
77	0.2969052703
78	0.2945892678
79	0.2924856335
80	0.290488911
81	0.2886031993
82	0.2865839402
83	0.2845494035
84	0.2826978173
85	0.2810465952
86	0.279329514
87	0.2777103436
88	0.276106332
89	0.2747031378
90	0.2731918088
91	0.2717559186
92	0.2702759187
93	0.2689764254
94	0.2678511479
95	0.2666670808
96	0.2656024471
97	0.2644000884
98	0.2633317182
99	0.2622664616
100	0.2612095059
101	0.2603122438
102	0.2594560411
103	0.2585100735
104	0.2575574503
105	0.2565764441
106	0.25561123
107	0.2547235961
108	0.2539390181
109	0.2531645274
110	0.2522612038
111	0.2515550076
112	0.2507946446
113	0.2500951203
114	0.2493059704
115	0.2485864605
116	0.247874864
117	0.2472477026
118	0.246499601
119	0.2458828183
120	0.2453680841
121	0.2448688328
122	0.244269532
123	0.2436682916
124	0.2430559543
125	0.2424258018
126	0.2418193644
127	0.2413756304
128	0.2408886451
129	0.2404756953
130	0.2399997894
131	0.2395300214
132	0.2390206955
133	0.2385889833
134	0.2382566664
135	0.2377071726
136	0.2372211706
137	0.2368199706
138	0.2365094375
139	0.2361389172
140	0.2357881973
141	0.2355374121
142	0.2351685318
143	0.234762825
144	0.2344884234
145	0.2341724484
146	0.2339421379
147	0.2336519906
148	0.2331922246
149	0.2327589017
150	0.2325091206
151	0.2321281864
152	0.2317701522
153	0.231543519
154	0.2313229228
155	0.2309764765
156	0.2306524543
157	0.2303535237
158	0.2300319802
159	0.2297208102
160	0.2295307835
161	0.2293365634
162	0.2291221388
163	0.2288205727
164	0.2284862784
165	0.22824629
166	0.2280378952
167	0.2278546914
168	0.2275825044
169	0.2273480909
170	0.2271655424
171	0.2268988168
172	0.2266965958
173	0.2265131612
174	0.2263707301
175	0.2262118589
176	0.2259083798
177	0.2256892132
178	0.2254877094
179	0.2253536629
180	0.2251027869
181	0.224866114
182	0.224641917
183	0.2244890419
184	0.2243461198
185	0.2241002089
186	0.2237987631
187	0.2236150563
188	0.2234974493
189	0.2233473455
190	0.2231005811
191	0.2229616887
192	0.2228085862
193	0.2226215071
194	0.2224305476
195	0.2222901736
196	0.2221088406
197	0.221904535
198	0.2217782143
199	0.2216010213
200	0.2213580244
201	0.2211358986
202	0.2209999851
203	0.2208890936
204	0.2206421817
205	0.2204698195
206	0.2203365538
207	0.220168966
208	0.2200321446
209	0.219887902
210	0.219706568
211	0.2195585489
212	0.2194461161
213	0.2192644397
214	0.2191513075
215	0.2189728072
216	0.2187771878
217	0.2186969421
218	0.2184556629
219	0.2182601303
220	0.2181376737
221	0.218030533
222	0.2179145178
223	0.2177346405
224	0.2176064405
225	0.2174332682
226	0.2173311076
227	0.2171909952
228	0.2170198508
229	0.2169170639
230	0.2168274886
231	0.2166455108
232	0.2165609825
233	0.2164248231
234	0.2162917846
235	0.2161564409
236	0.2160387643
237	0.2159168324
238	0.2157336141
239	0.2155508581
240	0.2154520238
241	0.2152880196
242	0.2151223218
243	0.2150330349
244	0.2149063776
245	0.2147483368
246	0.2145589006
247	0.2144458172
248	0.214327214
249	0.2142588064
250	0.2141274534
251	0.2139838609
252	0.2138755924
253	0.2137543791
254	0.213606395
255	0.2134646652
256	0.213335085
257	0.2132161588
258	0.2130633794
259	0.2129619771
260	0.2128724559
261	0.212737297
262	0.2126360927
263	0.2125290588
264	0.2124421549
265	0.2123546877
266	0.2122241819
267	0.2121023809
268	0.2119606539
269	0.2118331292
270	0.2117126982
271	0.2115968087
272	0.2114902031
273	0.2114237182
274	0.2112869325
275	0.2111838493
276	0.211104639
277	0.2109507276
278	0.2108440521
279	0.2107773856
280	0.210629375
281	0.2104865777
282	0.2103560329
283	0.2102584208
284	0.2101377559
285	0.2100348261
286	0.2099542292
287	0.2098365924
288	0.2097379047
289	0.2096165308
290	0.2095036407
291	0.2094031707
292	0.2093246479
293	0.2092010628
294	0.2091272127
295	0.2090269523
296	0.2089500445
297	0.2088509533
298	0.2087335142
299	0.2086353005
300	0.2085423238
301	0.2084119488
302	0.2083570172
303	0.2082509994
304	0.2081745099
305	0.2081041909
306	0.2080413498
307	0.20793727
308	0.2078189968
309	0.2076988569
310	0.2075890425
311	0.2074734736
312	0.2073743739
313	0.2073252399
314	0.2072094134
315	0.2071313659
316	0.207022004
317	0.2069367795
318	0.2068099134
319	0.2067051276
320	0.2066180684
321	0.2065338572
322	0.2064471266
323	0.2063544037
324	0.2062588669
325	0.2061773534
326	0.2061117953
327	0.2060349878
328	0.2059700442
329	0.2058685584
330	0.2057787076
331	0.2057057842
332	0.2056466169
333	0.2056017936
334	0.2055379977
335	0.2054466449
336	0.2053727127
337	0.2052796499
338	0.2052156162
339	0.2051598998
340	0.2050994076
341	0.2050293804
342	0.2049454722
343	0.2048616376
344	0.2047983892
345	0.2047456496
346	0.2046664258
347	0.2046053673
348	0.2045306724
349	0.2044519609
350	0.2043858198
351	0.2043121952
352	0.2042384729
353	0.204126233
354	0.2040582088
355	0.2039547807
356	0.2039034829
357	0.2038403965
358	0.2037783627
359	0.2036814541
360	0.2036379742
361	0.2035682134
362	0.2035028685
363	0.2034161777
364	0.2033442958
365	0.2032159644
366	0.2031277386
367	0.2030324792
368	0.2029670178
369	0.2028810847
370	0.2028131612
371	0.2027164908
372	0.2026129108
373	0.2025812663
374	0.2025361548
375	0.2024625413
376	0.2023755807
377	0.2022841296
378	0.2022337549
379	0.2021365217
380	0.2020997213
381	0.2020239705
382	0.2019432306
383	0.2018758082
384	0.2017848256
385	0.2017258032
386	0.2016752911
387	0.2015875006
388	0.2015424901
389	0.201447815
390	0.2013630268
391	0.2012927699
392	0.2012195537
393	0.2011579527
394	0.2010943531
395	0.2010108004
396	0.200939832
397	0.2008883594
398	0.2008349477
399	0.2008018082
400	0.2007165502
401	0.2006808085
402	0.2006342859
403	0.2005523435
404	0.2005065678
405	0.2004456616
406	0.2003989073
407	0.2003354901
408	0.2002940183
409	0.2002536071
410	0.2001839912
411	0.2000995659
412	0.2000523696
413	0.1999945778
414	0.1999317089
415	0.1998812463
416	0.1998213903
417	0.1997424903
418	0.1997047428
419	0.1996088455
420	0.1995576448
421	0.1994929779
422	0.199448221
423	0.1993789028
424	0.199339044
425	0.1992779483
426	0.1992308689
427	0.1991702751
428	0.1991318491
429	0.199065116
430	0.1990131243
431	0.1989555364
432	0.1988965587
433	0.1988171039
434	0.1987602071
435	0.1986922856
436	0.1986209277
437	0.1985657672
438	0.1984934487
439	0.198434755
440	0.1983727926
441	0.1983149814
442	0.1982571912
443	0.1982061462
444	0.1981568694
445	0.1980812873
446	0.1980282794
447	0.1979790461
448	0.1979117779
449	0.197839659
450	0.197755989
451	0.1977079705
452	0.1976546223
453	0.1975854008
454	0.197541283
455	0.1974952451
456	0.1974342741
457	0.1973961948
458	0.1973431624
459	0.1972740689
460	0.1972226421
461	0.197154084
462	0.1971008191
463	0.1970390045
464	0.1969745024
465	0.1969027686
466	0.1968578535
467	0.1968003688
468	0.1967644205
469	0.1967305782
470	0.1966807221
471	0.1966139784
472	0.1965498954
473	0.1964967779
474	0.196447902
475	0.1963896758
476	0.1963090742
477	0.1962747935
478	0.1962091394
479	0.1961485178
480	0.1960964638
481	0.1960401438
482	0.1959802042
483	0.1959270154
484	0.1958566403
485	0.1957941955
486	0.1957369826
487	0.195667712
488	0.1956125811
489	0.195561911
490	0.1955219406
491	0.1954762228
492	0.19543318
493	0.1953726971
494	0.1953158619
495	0.1952459744
496	0.1951771943
497	0.1951192038
498	0.1950487439
499	0.1949994707
500	0.1949447151
501	0.1949104866
502	0.1948661306
503	0.1948116872
504	0.1947666787
505	0.1947259802
506	0.1946666012
507	0.1946144434
508	0.1945541411
509	0.1945032772
510	0.1944595929
511	0.1943944003
512	0.1943375471
513	0.1942854117
514	0.1942456553
515	0.1941766309
516	0.1941259597
517	0.194073888
518	0.1940403325
519	0.19399913
520	0.1939488033
521	0.1938862707
522	0.1938469336
523	0.1938052018
524	0.1937723735
525	0.1937397523
526	0.1936792376
527	0.1936365023
528	0.1935837022
529	0.1935352392
530	0.1934936854
531	0.1934601707
532	0.1934221079
533	0.1933764343
534	0.1933331934
535	0.1932716092
536	0.1932269213
537	0.1931842014
538	0.1931510601
539	0.1930960954
540	0.1930315154
541	0.192979724
542	0.1929378775
543	0.1928743192
544	0.19283029
545	0.192776526
546	0.1927278185
547	0.1926818724
548	0.1926392195
549	0.1926119312
550	0.1925674191
551	0.1925187564
552	0.19246034
553	0.1924196819
554	0.1923719096
555	0.1923520832
556	0.192297242
557	0.1922373534
558	0.1921952066
559	0.1921529689
560	0.1921129915
561	0.1920677537
562	0.192000917
563	0.1919500092
564	0.191899336
565	0.1918524936
566	0.1918188075
567	0.191766465
568	0.1917185714
569	0.1916846409
570	0.1916522497
571	0.1916146789
572	0.1915608003
573	0.1915255233
574	0.191468
575	0.191427658
576	0.1914038133
577	0.1913561494
578	0.191323822
579	0.1912655138
580	0.1912169868
581	0.1911707427
582	0.1911387227
583	0.1911067999
584	0.191064881
585	0.1910217565
586	0.1909738558
587	0.1909253223
588	0.1908760774
589	0.1908471769
590	0.1908092123
591	0.1907708452
592	0.1907401946
593	0.1906997913
594	0.190662434
595	0.1906251676
596	0.1905858116
597	0.1905548234
598	0.1905080057
599	0.1904826033
600	0.1904376752
601	0.1903973613
602	0.1903614056
603	0.1903319286
604	0.1902954621
605	0.1902496047
606	0.1902147938
607	0.1901839342
608	0.1901404772
609	0.1900880814
610	0.1900569097
611	0.190011908
612	0.1899763595
613	0.1899390193
614	0.1898980341
615	0.1898500852
616	0.1898229374
617	0.1898022666
618	0.1897554542
619	0.189712915
620	0.1896650925
621	0.1896216997
622	0.1895704919
623	0.1895326131
624	0.1894968068
625	0.1894558381
626	0.1894082107
627	0.1893626825
628	0.189332723
629	0.1892919325
630	0.1892393905
631	0.1891985164
632	0.1891523046
633	0.1890982915
634	0.1890577845
635	0.1890220264
636	0.1889729326
637	0.1889254426
638	0.1888856486
639	0.1888547337
640	0.1887951245
641	0.188754587
642	0.1887041578
643	0.188664653
644	0.1886235663
645	0.1885964
646	0.1885663615
647	0.1885386041
648	0.1885121693
649	0.1884731994
650	0.1884302713
651	0.1883966373
652	0.1883664822
653	0.1883197294
654	0.1882679594
655	0.18822919
656	0.1881944178
657	0.1881712332
658	0.1881441003
659	0.1881083682
660	0.1880661342
661	0.1880347312
662	0.1879969617
663	0.1879574596
664	0.1879142867
665	0.1878764699
666	0.1878408937
667	0.187811588
668	0.1877709434
669	0.1877222757
670	0.1876835343
671	0.1876269797
672	0.1875838564
673	0.1875571418
674	0.1875126915
675	0.187477047
676	0.1874401546
677	0.1874041431
678	0.1873721348
679	0.1873180781
680	0.1873036197
681	0.1872719337
682	0.1872348893
683	0.1872035563
684	0.1871747203
685	0.1871317136
686	0.1870963441
687	0.1870691455
688	0.1870335858
689	0.1870100346
690	0.186967028
691	0.1869336106
692	0.186908143
693	0.18687578
694	0.186848406
695	0.18681392
696	0.1867768765
697	0.1867447443
698	0.1867157129
699	0.1866903978
700	0.1866585442
701	0.1866188114
702	0.1865847848
703	0.1865611982
704	0.1865389073
705	0.1864997604
706	0.1864574419
707	0.1864175687
708	0.1863882343
709	0.1863510704
710	0.1863168829
711	0.1862744398
712	0.1862385659
713	0.1862044895
714	0.1861589823
715	0.1861315242
716	0.1860932148
717	0.1860578996
718	0.1860178963
719	0.185982057
720	0.1859377762
721	0.1859048504
722	0.1858682327
723	0.1858333881
724	0.1857912186
725	0.1857622968
726	0.1857394232
727	0.1857177363
728	0.185671441
729	0.1856423036
730	0.1856255207
731	0.1856036698
732	0.1855725996
733	0.1855376799
734	0.1854925859
735	0.1854438362
736	0.185422422
737	0.1853848146
738	0.1853454777
739	0.18531491
740	0.1852785326
741	0.185239687
742	0.1852142088
743	0.1851885442
744	0.1851510378
745	0.1851133146
746	0.1850850746
747	0.1850642291
748	0.1850410433
749	0.1850094843
750	0.1849818953
751	0.1849549296
752	0.1849377381
753	0.1849074625
754	0.1848721676
755	0.1848433163
756	0.1848140046
757	0.1847820748
758	0.1847649746
759	0.1847235526
760	0.1847011093
761	0.1846804329
762	0.1846511675
763	0.1846171272
764	0.1845934182
765	0.1845693158
766	0.1845310333
767	0.1845042987
768	0.1844705532
769	0.1844209905
770	0.1843929684
771	0.1843573166
772	0.1843281159
773	0.1843143944
774	0.1842691656
775	0.1842466564
776	0.1842180571
777	0.1841794185
778	0.1841637065
779	0.1841409198
780	0.1840965108
781	0.1840609649
782	0.1840393267
783	0.1840062191
784	0.18397644
785	0.1839440112
786	0.1839095731
787	0.1838775875
788	0.1838446401
789	0.1838093937
790	0.1837789399
791	0.1837511102
792	0.1837167199
793	0.1836798143
794	0.1836649143
795	0.1836350818
796	0.1835919625
797	0.1835654501
798	0.1835411959
799	0.1835156798
800	0.1834842601
801	0.1834568466
802	0.1834159812
803	0.1833964019
804	0.183352932
805	0.1833246208
806	0.1832948574
807	0.1832798282
808	0.1832524846
809	0.1832231631
810	0.1832033627
811	0.1831777341
812	0.1831421604
813	0.1831266884
814	0.1830915803
815	0.183054724
816	0.1830322929
817	0.1830061175
818	0.1829828815
819	0.1829539972
820	0.1829350432
821	0.1828905879
822	0.1828599447
823	0.1828193167
824	0.1828051563
825	0.1827668551
826	0.1827427278
827	0.1827119311
828	0.1826795626
829	0.1826512031
830	0.1826225211
831	0.1825958587
832	0.1825717027
833	0.1825501599
834	0.1825059718
835	0.1824854696
836	0.1824498335
837	0.1824135
838	0.1823894542
839	0.1823463565
840	0.1823253772
841	0.1823076526
842	0.1822812263
843	0.182257455
844	0.182242734
845	0.1822143124
846	0.1821848614
847	0.1821567113
848	0.1821164914
849	0.1820872982
850	0.1820705392
851	0.1820497375
852	0.1820270476
853	0.1819930025
854	0.1819628192
855	0.1819329306
856	0.1819049366
857	0.1818744237
858	0.1818546102
859	0.1818226464
860	0.181801062
861	0.1817859358
862	0.1817697883
863	0.1817417681
864	0.1817074347
865	0.1816743883
866	0.1816448452
867	0.1816172315
868	0.1815825689
869	0.1815543844
870	0.1815430768
871	0.1815257736
872	0.1815058156
873	0.1814813677
874	0.1814585058
875	0.1814238298
876	0.1813818621
877	0.1813565317
878	0.1813284539
879	0.1813006383
880	0.1812782585
881	0.1812547031
882	0.1812274943
883	0.1811897584
884	0.1811708375
885	0.1811394289
886	0.1811121332
887	0.1810904591
888	0.1810584952
889	0.1810349844
890	0.1810081936
891	0.1809869684
892	0.1809548964
893	0.1809320989
894	0.1809055422
895	0.1808792502
896	0.1808486027
897	0.1808260158
898	0.180791851
899	0.1807608221
900	0.1807249189
901	0.1807054105
902	0.1806714163
903	0.180646606
904	0.1806240904
905	0.1806026954
906	0.1805640037
907	0.180541663
908	0.1805192754
909	0.180493064
910	0.1804698895
911	0.1804493773
912	0.1804361769
913	0.1804066074
914	0.1803745134
915	0.1803545651
916	0.1803154599
917	0.1802803928
918	0.1802710346
919	0.1802433402
920	0.1802154254
921	0.1801910663
922	0.1801715495
923	0.1801478057
924	0.1801255401
925	0.180092411
926	0.1800722219
927	0.1800357244
928	0.1800112095
929	0.1799709031
930	0.1799485901
931	0.1799271434
932	0.1799068367
933	0.1798948413
934	0.179875346
935	0.1798607589
936	0.1798389341
937	0.1798196026
938	0.179800248
939	0.1797845511
940	0.1797602366
941	0.1797322288
942	0.1797073533
943	0.1796914532
944	0.1796692911
945	0.1796492021
946	0.1796159678
947	0.1795995531
948	0.179581804
949	0.1795497413
950	0.1795327207
951	0.1795107867
952	0.1794771544
953	0.1794425109
954	0.1794017452
955	0.1793890327
956	0.1793666173
957	0.1793490641
958	0.1793259197
959	0.1793063256
960	0.179279136
961	0.1792621806
962	0.1792287476
963	0.1792051172
964	0.1791943
965	0.1791552843
966	0.1791209556
967	0.1790875585
968	0.1790680054
969	0.1790461653
970	0.1790294952
971	0.1790116821
972	0.1789760122
973	0.1789450644
974	0.1789235571
975	0.1789043714
976	0.1788842595
977	0.1788560853
978	0.178835831
979	0.1788176855
980	0.1787839832
981	0.1787565222
982	0.1787322378
983	0.1787115384
984	0.1786750953
985	0.1786610763
986	0.1786337537
987	0.1786098924
988	0.1785837194
989	0.1785672996
990	0.1785493017
991	0.1785312447
992	0.1785158312
993	0.1784992012
994	0.1784784771
995	0.1784608674
996	0.1784274645
997	0.1783974284
998	0.1783753426
999	0.1783415607
1000	0.1783060671
1001	0.1782885353
1002	0.1782642439
1003	0.1782367591
1004	0.1781998277
1005	0.1781768372
1006	0.1781533141
1007	0.1781236711
1008	0.1780975028
1009	0.1780684959
1010	0.178053697
1011	0.1780360981
1012	0.1780062325
1013	0.1779935072
1014	0.1779773843
1015	0.1779490657
1016	0.1779216076
1017	0.1778942838
1018	0.1778639876
1019	0.1778337194
1020	0.1778111946
1021	0.1777991904
1022	0.1777795488
1023	0.1777680325
1024	0.1777554504
1025	0.1777323796
1026	0.1777095953
1027	0.177680062
1028	0.1776641153
1029	0.1776363479
1030	0.1776046702
1031	0.1775886404
1032	0.1775706106
1033	0.1775440085
1034	0.1775120141
1035	0.177476507
1036	0.177453227
1037	0.1774354305
1038	0.1774057572
1039	0.1773874911
1040	0.1773677122
1041	0.1773493689
1042	0.1773206527
1043	0.1773095944
1044	0.1772884836
1045	0.1772578437
1046	0.1772380331
1047	0.1772154465
1048	0.1771980797
1049	0.1771698389
1050	0.1771338954
1051	0.1771252877
1052	0.1771095599
1053	0.1770962672
1054	0.1770727917
1055	0.1770388501
1056	0.1770115891
1057	0.1769759124
1058	0.1769471367
1059	0.1769274697
1060	0.1769085436
1061	0.1768858869
1062	0.1768642471
1063	0.1768465801
1064	0.1768302072
1065	0.176807037
1066	0.1767880985
1067	0.1767668816
1068	0.1767435324
1069	0.1767183544
1070	0.1766970673
1071	0.1766730052
1072	0.1766637641
1073	0.1766616433
1074	0.1766446919
1075	0.1766176269
1076	0.1765992839
1077	0.1765876812
1078	0.1765714183
1079	0.1765694566
1080	0.1765504015
1081	0.176528311
1082	0.1765028394
1083	0.1764677982
1084	0.1764488912
1085	0.1764321691
1086	0.1764112053
1087	0.1763954007
1088	0.1763782572
1089	0.1763649903
1090	0.1763288805
1091	0.1763181803
1092	0.1762908557
1093	0.1762698526
1094	0.1762433826
1095	0.176223489
1096	0.1762126906
1097	0.1762026537
1098	0.1761675209
1099	0.1761451344
1100	0.1761108023
1101	0.1760950092
1102	0.1760670081
1103	0.1760358389
1104	0.1760138781
1105	0.1759834092
1106	0.1759578919
1107	0.1759400353
1108	0.1759305755
1109	0.1759151218
1110	0.1759132744
1111	0.1758946668
1112	0.1758760811
1113	0.1758597804
1114	0.1758375561
1115	0.17581669
1116	0.1757902934
1117	0.1757602114
1118	0.1757489101
1119	0.1757329295
1120	0.1757088442
1121	0.175690115
1122	0.175655515
1123	0.1756377548
1124	0.1756157022
1125	0.1755853366
1126	0.1755612262
1127	0.175561039
1128	0.1755363631
1129	0.1755167215
1130	0.1755034488
1131	0.1754670729
1132	0.1754475167
1133	0.1754285812
1134	0.1754142184
1135	0.175402215
1136	0.1753732122
1137	0.1753441997
1138	0.1753202419
1139	0.1752920984
1140	0.1752676649
1141	0.1752505073
1142	0.1752352239
1143	0.1752174421
1144	0.1752007231
1145	0.1751808622
1146	0.1751606081
1147	0.1751421525
1148	0.1751141153
1149	0.1750929115
1150	0.1750792136
1151	0.1750630047
1152	0.1750470397
1153	0.1750260569
1154	0.1750020012
1155	0.1749845797
1156	0.1749719688
1157	0.1749480265
1158	0.1749261994
1159	0.1749244832
1160	0.1749007069
1161	0.1748849777
1162	0.1748699034
1163	0.1748513797
1164	0.1748321035
1165	0.1748039548
1166	0.174785773
1167	0.1747700195
1168	0.174745566
1169	0.1747278475
1170	0.1747097059
1171	0.1746927694
1172	0.1746786628
1173	0.1746587434
1174	0.1746254685
1175	0.1746084888
1176	0.1745890291
1177	0.1745719694
1178	0.1745368356
1179	0.1745142309
1180	0.1744918178
1181	0.1744811287
1182	0.1744773331
1183	0.1744640754
1184	0.1744509816
1185	0.1744091786
1186	0.174406608
1187	0.1743968406
1188	0.1743882145
1189	0.1743625541
1190	0.1743432651
1191	0.174331486
1192	0.1743134183
1193	0.1742962783
1194	0.1742653711
1195	0.1742417532
1196	0.1742231712
1197	0.1742014398
1198	0.1741790646
1199	0.1741553839
1200	0.1741374374
1201	0.1741154609
1202	0.1740963336
1203	0.1740708063
1204	0.174070532
1205	0.1740647608
1206	0.174042613
1207	0.1740272865
1208	0.1740205498
1209	0.1740080752
1210	0.1739941382
1211	0.1739802379
1212	0.1739589801
1213	0.1739442199
1214	0.1739307524
1215	0.1739070157
1216	0.1738781267
1217	0.1738757122
1218	0.1738677508
1219	0.1738426601
1220	0.1738289914
1221	0.1738134053
1222	0.1737962396
1223	0.1737724516
1224	0.1737548804
1225	0.1737401677
1226	0.1737170193
1227	0.1736951619
1228	0.1736790221
1229	0.1736654034
1230	0.1736465832
1231	0.1736252193
1232	0.1736127527
1233	0.1736019072
1234	0.1735881427
1235	0.1735743387
1236	0.1735601968
1237	0.1735310752
1238	0.1735121153
1239	0.1734940693
1240	0.1734854525
1241	0.1734649477
1242	0.1734449724
1243	0.173426993
1244	0.1734074739
1245	0.1733910933
1246	0.1733590028
1247	0.173342076
1248	0.173328987
1249	0.1733198417
1250	0.1733019843
1251	0.1732801899
1252	0.1732658868
1253	0.1732505592
1254	0.1732239852
1255	0.1732064446
1256	0.1731882815
1257	0.1731758161
1258	0.1731607734
1259	0.1731409096
1260	0.1731280239
1261	0.1731140519
1262	0.1730960472
1263	0.173073777
1264	0.1730594068
1265	0.173045631
1266	0.1730270788
1267	0.1730054234
1268	0.1729808095
1269	0.1729571423
1270	0.1729450998
1271	0.1729339501
1272	0.1729093559
1273	0.1728882866
1274	0.1728624945
1275	0.1728483228
1276	0.1728326665
1277	0.1728098542
1278	0.1727801442
1279	0.1727616703
1280	0.1727476112
1281	0.1727257958
1282	0.1727106008
1283	0.1726898784
1284	0.1726628704
1285	0.172652884
1286	0.1726361409
1287	0.1726189602
1288	0.1726016393
1289	0.1725902748
1290	0.1725710375
1291	0.1725529478
1292	0.1725386007
1293	0.1725152649
1294	0.1725008841
1295	0.1724807003
1296	0.172459963
1297	0.1724420851
1298	0.1724231756
1299	0.172397836
1300	0.1723820188
1301	0.1723634599
1302	0.1723433762
1303	0.1723272503
1304	0.1723055984
1305	0.1722919375
1306	0.1722690125
1307	0.1722551203
1308	0.1722389849
1309	0.1722225055
1310	0.1721953916
1311	0.1721815644
1312	0.1721646498
1313	0.1721520179
1314	0.1721252856
1315	0.1721109539
1316	0.1720826328
1317	0.1720650235
1318	0.1720508809
1319	0.1720253954
1320	0.1720097601
1321	0.1719960031
1322	0.1719835345
1323	0.1719638641
1324	0.1719563428
1325	0.1719347985
1326	0.1719072917
1327	0.1718859076
1328	0.171874895
1329	0.1718453526
1330	0.1718275593
1331	0.171809927
1332	0.1717980598
1333	0.1717815215
1334	0.1717660378
1335	0.1717563308
1336	0.1717332621
1337	0.1717075301
1338	0.1716984519
1339	0.1716756651
1340	0.1716626549
1341	0.1716370008
1342	0.1716215689
1343	0.1716076832
1344	0.1715889403
1345	0.1715677853
1346	0.171550906
1347	0.1715326412
1348	0.171522117
1349	0.1715155565
1350	0.1715039182
1351	0.1714764111
1352	0.1714683002
1353	0.1714489655
1354	0.1714237934
1355	0.1713991218
1356	0.1713804184
1357	0.1713594686
1358	0.1713453079
1359	0.1713346947
1360	0.1713223972
1361	0.1713029918
1362	0.1712817048
1363	0.1712619003
1364	0.1712460735
1365	0.1712221506
1366	0.1712044257
1367	0.1711880789
1368	0.1711725027
1369	0.1711473722
1370	0.1711345393
1371	0.1711335148
1372	0.1711251553
1373	0.1711059797
1374	0.1710854095
1375	0.1710642732
1376	0.1710408999
1377	0.1710270778
1378	0.1710145986
1379	0.171006635
1380	0.1709974801
1381	0.1709651672
1382	0.17094945
1383	0.1709186066
1384	0.1709031322
1385	0.1708941178
1386	0.1708810529
1387	0.1708623898
1388	0.1708385392
1389	0.1708175571
1390	0.1707979897
1391	0.1707810311
1392	0.1707654034
1393	0.1707498764
1394	0.1707214337
1395	0.1707102775
1396	0.1706955946
1397	0.1706834221
1398	0.170661218
1399	0.1706507184
1400	0.1706420719
1401	0.1706248946
1402	0.1705990765
1403	0.1705880477
1404	0.1705654246
1405	0.1705544364
1406	0.1705350965
1407	0.170518488
1408	0.1704985319
1409	0.1704870602
1410	0.1704807495
1411	0.1704578795
1412	0.1704464018
1413	0.1704271103
1414	0.1704071655
1415	0.1703931579
1416	0.1703840837
1417	0.1703697722
1418	0.1703385694
1419	0.1703208654
1420	0.170307219
1421	0.1702956031
1422	0.170284378
1423	0.1702691562
1424	0.1702568298
1425	0.1702424305
1426	0.1702205823
1427	0.1702006145
1428	0.1701822781
1429	0.1701703367
1430	0.1701476412
1431	0.1701170106
1432	0.1701074192
1433	0.1700929306
1434	0.1700637665
1435	0.1700398982
1436	0.170028235
1437	0.170019143
1438	0.1700085869
1439	0.1699966289
1440	0.1699824525
1441	0.1699673214
1442	0.1699521035
1443	0.1699352679
1444	0.169918432
1445	0.1698972451
1446	0.1698822708
1447	0.1698627266
1448	0.1698575239
1449	0.1698463223
1450	0.1698345771
1451	0.1698145488
1452	0.1697970861
1453	0.1697824911
1454	0.1697685493
1455	0.1697590063
1456	0.1697368159
1457	0.1697071244
1458	0.1696858191
1459	0.1696715546
1460	0.1696670643
1461	0.1696548057
1462	0.1696428929
1463	0.1696327288
1464	0.1696219117
1465	0.1696016847
1466	0.1695909917
1467	0.1695732274
1468	0.1695542733
1469	0.1695391188
1470	0.1695262794
1471	0.1695057584
1472	0.169495877
1473	0.1694725755
1474	0.169458179
1475	0.1694521634
1476	0.1694416535
1477	0.1694256392
1478	0.1694050647
1479	0.1693878365
1480	0.1693813507
1481	0.1693685313
1482	0.1693520925
1483	0.1693334136
1484	0.1693237052
1485	0.1693021748
1486	0.169286598
1487	0.169263475
1488	0.1692504111
1489	0.1692341247
1490	0.1692146723
1491	0.1692044426
1492	0.1691929325
1493	0.1691801692
1494	0.1691534237
1495	0.1691411305
1496	0.1691293803
1497	0.1691117263
1498	0.1690955019
1499	0.1690655766
1500	0.1690541345
1501	0.1690418047
1502	0.1690152535
1503	0.168997323
1504	0.1689874168
1505	0.1689721396
1506	0.1689648809
1507	0.1689585046
1508	0.1689393561
1509	0.168920746
1510	0.1689181987
1511	0.1689019492
1512	0.1688854189
1513	0.168874631
1514	0.1688502228
1515	0.1688325347
1516	0.1688121655
1517	0.1688020736
1518	0.168787677
1519	0.16876898
1520	0.1687607618
1521	0.1687439041
1522	0.1687257201
1523	0.168715965
1524	0.1687022009
1525	0.1686981398
1526	0.1686906053
1527	0.1686691389
1528	0.1686547623
1529	0.1686303792
1530	0.1686143831
1531	0.1686028386
1532	0.1685728975
1533	0.1685625929
1534	0.1685549979
1535	0.1685411586
1536	0.1685308162
1537	0.1685184467
1538	0.1685109275
1539	0.1685024277
1540	0.1684811932
1541	0.1684526554
1542	0.168436923
1543	0.1684247808
1544	0.1684056552
1545	0.1683903623
1546	0.1683686795
1547	0.1683569712
1548	0.168339945
1549	0.1683280352
1550	0.1683205503
1551	0.1683047777
1552	0.1682860376
1553	0.1682691476
1554	0.1682628682
1555	0.1682517756
1556	0.1682440607
1557	0.1682269164
1558	0.1682132567
1559	0.1682025266
1560	0.1681757846
1561	0.1681594543
1562	0.1681478412
1563	0.1681306793
1564	0.1681074595
1565	0.168101062
1566	0.1680773469
1567	0.1680580623
1568	0.1680405701
1569	0.1680127061
1570	0.1679971173
1571	0.1679848601
1572	0.1679698572
1573	0.1679496356
1574	0.167932485
1575	0.1679246964
1576	0.1679147369
1577	0.167905877
1578	0.1678951038
1579	0.1678876264
1580	0.1678754952
1581	0.1678537534
1582	0.1678466482
1583	0.1678463398
1584	0.1678373578
1585	0.1678270403
1586	0.1678072966
1587	0.1677909274
1588	0.1677752523
1589	0.1677604562
1590	0.167751036
1591	0.16772891
1592	0.1677088826
1593	0.1677012699
1594	0.1676780182
1595	0.1676697535
1596	0.1676558542
1597	0.1676441465
1598	0.1676262916
1599	0.1676046101
1600	0.1675826718
1601	0.1675554254
1602	0.1675453154
1603	0.1675307469
1604	0.1675211903
1605	0.1674929188
1606	0.1674794048
1607	0.1674689281
1608	0.1674604752
1609	0.1674428462
1610	0.1674179876
1611	0.1674091366
1612	0.1673960731
1613	0.1673880265
1614	0.1673676358
1615	0.1673575652
1616	0.1673471488
1617	0.1673396648
1618	0.1673255557
1619	0.1673132027
1620	0.1673038022
1621	0.1672834161
1622	0.1672791204
1623	0.167254122
1624	0.167245686
1625	0.1672347205
1626	0.1672258301
1627	0.1672118189
1628	0.1671964292
1629	0.1671712917
1630	0.1671629509
1631	0.1671445547
1632	0.1671260753
1633	0.1671099009
1634	0.1670988703
1635	0.1670895495
1636	0.1670779911
1637	0.1670684081
1638	0.1670561488
1639	0.1670397392
1640	0.1670294948
1641	0.1670070135
1642	0.1669968502
1643	0.1669708298
1644	0.1669470407
1645	0.166933782
1646	0.166922639
1647	0.1669094241
1648	0.1668915665
1649	0.1668773206
1650	0.1668608776
1651	0.1668491202
1652	0.1668181849
1653	0.1668021882
1654	0.1667851062
1655	0.1667767625
1656	0.1667567876
1657	0.1667463108
1658	0.166736521
1659	0.1667245835
1660	0.1667115281
1661	0.166700835
1662	0.1666909602
1663	0.1666776952
1664	0.1666688403
1665	0.1666675602
1666	0.1666584538
1667	0.166643607
1668	0.1666400106
1669	0.1666197691
1670	0.1666152668
1671	0.1666072931
1672	0.1665938976
1673	0.1665826297
1674	0.1665635593
1675	0.1665542418
1676	0.166546768
1677	0.1665245723
1678	0.1665053409
1679	0.1664884933
1680	0.1664844954
1681	0.1664584947
1682	0.1664503171
1683	0.1664245074
1684	0.1664154887
1685	0.1664010428
1686	0.1663791649
1687	0.1663704818
1688	0.1663629645
1689	0.1663454424
1690	0.1663357723
1691	0.1663355293
1692	0.1663255762
1693	0.1663114193
1694	0.1663004297
1695	0.1662865965
1696	0.1662745374
1697	0.1662618511
1698	0.166232704
1699	0.1662230092
1700	0.1662058873
1701	0.1661972315
1702	0.1661815788
1703	0.1661719778
1704	0.1661676396
1705	0.1661418995
1706	0.1661373414
1707	0.1661264375
1708	0.1661225938
1709	0.1661043231
1710	0.1660940353
1711	0.166078601
1712	0.166068769
1713	0.1660585187
1714	0.166047773
1715	0.166023549
1716	0.1660135735
1717	0.1659999914
1718	0.1659819877
1719	0.1659700366
1720	0.1659656411
1721	0.1659558462
1722	0.1659372927
1723	0.1659289128
1724	0.1659135505
1725	0.1659061347
1726	0.1658966507
1727	0.1658830227
1728	0.1658666317
1729	0.1658562388
1730	0.1658443063
1731	0.1658297009
1732	0.1658185784
1733	0.1658041481
1734	0.1657903941
1735	0.1657835972
1736	0.1657704039
1737	0.1657554041
1738	0.1657456129
1739	0.1657284111
1740	0.1657211696
1741	0.1657035216
1742	0.1656847169
1743	0.1656818053
1744	0.1656694099
1745	0.1656558311
1746	0.1656452722
1747	0.1656276853
1748	0.1656107906
1749	0.165592324
1750	0.1655898388
1751	0.1655755552
1752	0.1655691847
1753	0.1655603489
1754	0.1655443116
1755	0.1655348642
1756	0.1655193162
1757	0.1655041558
1758	0.1654944125
1759	0.1654850288
1760	0.1654661211
1761	0.1654469981
1762	0.1654393282
1763	0.1654332934
1764	0.1654097365
1765	0.1653977654
1766	0.1653876942
1767	0.1653752507
1768	0.1653589714
1769	0.1653525162
1770	0.1653299036
1771	0.1653210413
1772	0.1653079372
1773	0.1652961244
1774	0.1652788463
1775	0.1652718952
1776	0.1652567862
1777	0.165248124
1778	0.1652381705
1779	0.1652181544
1780	0.1652067235
1781	0.165195105
1782	0.1651757978
1783	0.1651604116
1784	0.1651455961
1785	0.165136483
1786	0.1651301919
1787	0.165104745
1788	0.1650863239
1789	0.1650692126
1790	0.1650505973
1791	0.1650461898
1792	0.165035958
1793	0.1650270261
1794	0.1650138066
1795	0.1649936451
1796	0.164984583
1797	0.1649693559
1798	0.1649605213
1799	0.1649416921
1800	0.1649222625
1801	0.164912805
1802	0.1648923199
1803	0.1648762747
1804	0.1648619956
1805	0.1648547743
1806	0.1648387596
1807	0.1648285227
1808	0.1648211684
1809	0.1648126593
1810	0.164801572
1811	0.1647839578
1812	0.1647710691
1813	0.1647625862
1814	0.1647433326
1815	0.164729764
1816	0.1647114114
1817	0.1646984817
1818	0.164687044
1819	0.1646780615
1820	0.1646728753
1821	0.1646639499
1822	0.1646476754
1823	0.1646325025
1824	0.1646207621
1825	0.1646051195
1826	0.1645925143
1827	0.1645801006
1828	0.1645636784
1829	0.164554632
1830	0.1645453032
1831	0.1645371157
1832	0.1645290864
1833	0.1645143888
1834	0.1645014902
1835	0.1644873749
1836	0.164471163
1837	0.1644552665
1838	0.1644386683
1839	0.1644197916
1840	0.1644118445
1841	0.164402585
1842	0.1643962258
1843	0.1643800433
1844	0.1643625877
1845	0.1643436445
1846	0.1643218698
1847	0.1643066474
1848	0.1643012429
1849	0.1642902119
1850	0.1642843098
1851	0.1642718522
1852	0.1642642009
1853	0.1642508194
1854	0.1642351155
1855	0.1642252974
1856	0.1642183403
1857	0.1641977027
1858	0.1641896742
1859	0.1641755652
1860	0.1641651209
1861	0.1641538566
1862	0.1641519309
1863	0.1641460518
1864	0.1641332002
1865	0.164131801
1866	0.1641211405
1867	0.1640997751
1868	0.1640906005
1869	0.1640755729
1870	0.1640713669
1871	0.1640562197
1872	0.1640490801
1873	0.1640417316
1874	0.1640319767
1875	0.1640132554
1876	0.1639995407
1877	0.163987809
1878	0.1639688712
1879	0.1639450736
1880	0.16393692
1881	0.1639262267
1882	0.163911103
1883	0.1638979741
1884	0.16388995
1885	0.1638816575
1886	0.1638724133
1887	0.1638560333
1888	0.1638384064
1889	0.1638183483
1890	0.1638093382
1891	0.163791687
1892	0.1637836368
1893	0.1637764243
1894	0.1637691427
1895	0.1637529439
1896	0.1637438024
1897	0.1637338055
1898	0.1637199618
1899	0.1636955072
1900	0.1636837984
1901	0.1636735884
1902	0.1636531592
1903	0.1636417488
1904	0.1636306123
1905	0.1636214885
1906	0.1636127462
1907	0.1636071941
1908	0.1635849125
1909	0.1635721947
1910	0.1635484889
1911	0.1635288197
1912	0.1635138917
1913	0.1634931195
1914	0.1634771899
1915	0.16346817
1916	0.1634547196
1917	0.1634419242
1918	0.1634278219
1919	0.1634204763
1920	0.1634111288
1921	0.1634018196
1922	0.1633924696
1923	0.1633706995
1924	0.1633602575
1925	0.1633434029
1926	0.1633340667
1927	0.1633257339
1928	0.1633044516
1929	0.1632900573
1930	0.163280767
1931	0.1632727804
1932	0.1632633667
1933	0.1632567048
1934	0.1632384694
1935	0.1632323994
1936	0.1632258509
1937	0.1632155654
1938	0.163209784
1939	0.1631897925
1940	0.1631727157
1941	0.1631468322
1942	0.1631253151
1943	0.1631143857
1944	0.1631063274
1945	0.1630947945
1946	0.1630812365
1947	0.1630699089
1948	0.1630499333
1949	0.1630370868
1950	0.1630198854
1951	0.1630064301
1952	0.1629965791
1953	0.162983678
1954	0.1629732589
1955	0.1629535367
1956	0.1629452958
1957	0.1629359919
1958	0.1629198594
1959	0.1629050893
1960	0.1628949393
1961	0.1628829768
1962	0.1628746452
1963	0.162856748
1964	0.1628396367
1965	0.1628283114
1966	0.1628143899
1967	0.1627904649
1968	0.1627848917
1969	0.1627787704
1970	0.1627716768
1971	0.1627627022
1972	0.1627528999
1973	0.1627460651
1974	0.1627362892
1975	0.1627284783
1976	0.1627097911
1977	0.1626938493
1978	0.1626688401
1979	0.1626604209
1980	0.1626510605
1981	0.1626355346
1982	0.1626180723
1983	0.1626076249
1984	0.1625999614
1985	0.1625979075
1986	0.1625881388
1987	0.1625685647
1988	0.1625586746
1989	0.162548453
1990	0.162538582
1991	0.1625271946
1992	0.1625161934
1993	0.162505209
1994	0.1624966377
1995	0.1624910412
1996	0.1624818382
1997	0.1624612259
1998	0.1624361265
1999	0.1624276919
2000	0.1624226209
2001	0.1624104497
2002	0.1623981326
2003	0.1623870937
2004	0.162379874
2005	0.1623652145
2006	0.1623607185
2007	0.1623487016
2008	0.1623430824
2009	0.1623251691
2010	0.1623155207
2011	0.16229945
2012	0.162286579
2013	0.1622794122
2014	0.1622753388
2015	0.1622589929
2016	0.162245526
2017	0.1622252188
2018	0.1622123728
2019	0.162194954
2020	0.1621869636
2021	0.1621711507
2022	0.1621679168
2023	0.1621591698
2024	0.1621472656
2025	0.1621333248
2026	0.1621114291
2027	0.1620936592
2028	0.1620780001
2029	0.1620640376
2030	0.1620470863
2031	0.1620347142
2032	0.1620233364
2033	0.1620084443
2034	0.1619966626
2035	0.1619906336
2036	0.1619749829
2037	0.1619557633
2038	0.1619469496
2039	0.1619358346
2040	0.1619257097
2041	0.161917275
2042	0.1618964588
2043	0.161885586
2044	0.1618715766
2045	0.1618590366
2046	0.1618474646
2047	0.1618284799
2048	0.1618164565
2049	0.1618001294
2050	0.1617885666
2051	0.1617687076
2052	0.1617598171
2053	0.1617505736
2054	0.1617398261
2055	0.161729454
2056	0.1617066686
2057	0.1616961888
2058	0.1616831137
2059	0.161663383
2060	0.1616440002
2061	0.1616257492
2062	0.1616171297
2063	0.1616019828
2064	0.1615867706
2065	0.1615762653
2066	0.1615681066
2067	0.1615462061
2068	0.1615377652
2069	0.1615256075
2070	0.1615087009
2071	0.1614928353
2072	0.1614905931
2073	0.1614710927
2074	0.1614595139
2075	0.1614461655
2076	0.1614276825
2077	0.1614179871
2078	0.161409696
2079	0.1614017578
2080	0.1613849411
2081	0.1613760154
2082	0.1613566026
2083	0.1613498109
2084	0.1613413404
2085	0.1613347871
2086	0.1613212083
2087	0.1613098789
2088	0.1612990398
2089	0.1612905206
2090	0.161279294
2091	0.161262916
2092	0.1612464418
2093	0.1612403499
2094	0.1612262083
2095	0.1612133231
2096	0.1611992566
2097	0.1611867365
2098	0.1611795847
2099	0.1611622721
2100	0.1611547155
2101	0.1611534429
2102	0.1611470577
2103	0.1611438588
2104	0.1611266845
2105	0.1611127404
2106	0.1611059818
2107	0.1611004125
2108	0.1610917946
2109	0.1610855594
2110	0.1610753246
2111	0.1610678597
2112	0.1610601126
2113	0.1610490384
2114	0.1610417335
2115	0.1610286289
2116	0.1610196291
2117	0.1610102517
2118	0.1610048522
2119	0.1609861794
2120	0.1609812634
2121	0.1609695242
2122	0.1609625446
2123	0.1609529494
2124	0.1609436909
2125	0.1609318252
2126	0.1609191569
2127	0.1609102139
2128	0.160899731
2129	0.1608917475
2130	0.1608777997
2131	0.1608639351
2132	0.1608552384
2133	0.1608451816
2134	0.1608409515
2135	0.1608330129
2136	0.1608207124
2137	0.1608076318
2138	0.1607913356
2139	0.1607804563
2140	0.160766455
2141	0.1607526288
2142	0.1607446121
2143	0.1607252762
2144	0.1607210422
2145	0.1607133043
2146	0.1607051187
2147	0.1606903517
2148	0.1606741788
2149	0.1606663624
2150	0.1606526834
2151	0.1606362136
2152	0.160628916
2153	0.1606249713
2154	0.1606182986
2155	0.1606116741
2156	0.1605967364
2157	0.1605872979
2158	0.1605721369
2159	0.1605616053
2160	0.1605528657
2161	0.1605380124
2162	0.1605302645
2163	0.1605252604
2164	0.1605140191
2165	0.1605050703
2166	0.1604973165
2167	0.1604871271
2168	0.1604633295
2169	0.1604454972
2170	0.1604396351
2171	0.1604353836
2172	0.1604212237
2173	0.1604160878
2174	0.1604009116
2175	0.1603819919
2176	0.1603779375
2177	0.1603650008
2178	0.1603513023
2179	0.1603478943
2180	0.1603314909
2181	0.1603189146
2182	0.1603105884
2183	0.1603053322
2184	0.1602924041
2185	0.1602740659
2186	0.1602681204
2187	0.1602601681
2188	0.1602461951
2189	0.160235737
2190	0.1602238463
2191	0.16021629
2192	0.1602017848
2193	0.160179995
2194	0.160158047
2195	0.1601444486
2196	0.160134435
2197	0.1601199611
2198	0.1601066709
2199	0.1600984368
2200	0.1600890617
2201	0.1600811703
2202	0.1600696763
2203	0.1600637882
2204	0.1600569821
2205	0.1600436721
2206	0.1600317181
2207	0.1600184664
2208	0.1600116479
2209	0.1599980883
2210	0.1599905782
2211	0.1599772438
2212	0.1599663981
2213	0.1599589395
2214	0.1599447674
2215	0.1599346812
2216	0.1599283776
2217	0.1599220591
2218	0.1599148366
2219	0.1599031061
2220	0.1598967102
2221	0.159889668
2222	0.1598795612
2223	0.1598714481
2224	0.159860381
2225	0.1598529044
2226	0.1598327741
2227	0.1598181778
2228	0.1598117301
2229	0.1598037923
2230	0.1597871831
2231	0.1597743099
2232	0.1597697005
2233	0.1597626007
2234	0.1597566083
2235	0.1597491788
2236	0.1597346969
2237	0.1597240257
2238	0.159717227
2239	0.1597077196
2240	0.1596962445
2241	0.1596891826
2242	0.1596821471
2243	0.1596657625
2244	0.1596576575
2245	0.1596512675
2246	0.1596449777
2247	0.1596278617
2248	0.1596086762
2249	0.1595902554
2250	0.1595667902
2251	0.1595532436
2252	0.1595434295
2253	0.1595360858
2254	0.1595265135
2255	0.1595207128
2256	0.1595143871
2257	0.1594995369
2258	0.1594888958
2259	0.1594785824
2260	0.1594726216
2261	0.1594569416
2262	0.1594476073
2263	0.15943703
2264	0.1594298762
2265	0.1594239161
2266	0.1594196445
2267	0.1594130905
2268	0.1594044554
2269	0.1593841753
2270	0.1593753536
2271	0.1593702801
2272	0.1593610799
2273	0.1593553141
2274	0.1593450815
2275	0.1593241192
2276	0.1593158123
2277	0.1593015792
2278	0.1592847205
2279	0.1592749442
2280	0.1592612779
2281	0.1592477744
2282	0.1592372379
2283	0.1592280186
2284	0.1592154461
2285	0.1591975611
2286	0.1591891207
2287	0.1591804113
2288	0.1591720218
2289	0.1591553003
2290	0.1591475303
2291	0.1591440744
2292	0.1591380861
2293	0.1591318521
2294	0.1591239473
2295	0.1591147161
2296	0.1590958814
2297	0.1590839153
2298	0.1590729841
2299	0.1590626762
2300	0.159054685
2301	0.1590390818
2302	0.1590332219
2303	0.1590274979
2304	0.1590186097
2305	0.1590056219
2306	0.1589945674
2307	0.1589849914
2308	0.1589756718
2309	0.1589597186
2310	0.15894977
2311	0.158945037
2312	0.158937897
2313	0.1589284668
2314	0.1589260666
2315	0.1589193076
2316	0.1589103726
2317	0.1589041394
2318	0.1588975993
2319	0.1588870743
2320	0.1588756954
2321	0.1588557077
2322	0.1588369868
2323	0.1588310206
2324	0.1588266561
2325	0.1588182056
2326	0.1588066486
2327	0.1587973744
2328	0.1587820763
2329	0.1587671894
2330	0.1587614095
2331	0.1587487344
2332	0.1587319933
2333	0.158722476
2334	0.1587095527
2335	0.1586935397
2336	0.1586859705
2337	0.1586737993
2338	0.1586605035
2339	0.1586505789
2340	0.1586422568
2341	0.1586275383
2342	0.1586187826
2343	0.1586055331
2344	0.1585978556
2345	0.1585918218
2346	0.1585864176
2347	0.1585813876
2348	0.1585703293
2349	0.1585634497
2350	0.1585568239
2351	0.1585487602
2352	0.1585397994
2353	0.1585337527
2354	0.1585258726
2355	0.158510132
2356	0.1585011525
2357	0.1584871608
2358	0.1584806949
2359	0.1584709341
2360	0.1584621011
2361	0.1584523515
2362	0.1584369495
2363	0.1584135498
2364	0.1584063802
2365	0.1583945619
2366	0.1583899443
2367	0.1583820922
2368	0.1583740034
2369	0.1583577235
2370	0.1583458327
2371	0.1583368089
2372	0.1583297775
2373	0.1583260223
2374	0.1583174276
2375	0.1583071405
2376	0.1582863166
2377	0.1582787465
2378	0.158255306
2379	0.158238566
2380	0.1582242714
2381	0.1582180975
2382	0.1582085098
2383	0.1582026979
2384	0.1581949194
2385	0.158184148
2386	0.158177201
2387	0.1581745576
2388	0.1581675496
2389	0.158161302
2390	0.158149509
2391	0.1581397435
2392	0.1581321453
2393	0.1581246055
2394	0.1581171065
2395	0.158107132
2396	0.1581005476
2397	0.1580953434
2398	0.1580851892
2399	0.1580783952
2400	0.158073048
2401	0.1580562536
2402	0.1580327375
2403	0.1580210109
2404	0.1580033007
2405	0.1579897481
2406	0.1579824927
2407	0.1579713037
2408	0.1579597025
2409	0.1579596181
2410	0.1579561063
2411	0.1579480604
2412	0.1579386325
2413	0.1579314598
2414	0.1579181683
2415	0.1579055641
2416	0.157897246
2417	0.1578833183
2418	0.1578779083
2419	0.1578633077
2420	0.1578551044
2421	0.1578460904
2422	0.157836736
2423	0.1578190517
2424	0.1578054182
2425	0.1578014899
2426	0.1577945442
2427	0.1577858915
2428	0.157770287
2429	0.1577621254
2430	0.1577531894
2431	0.1577463148
2432	0.1577361809
2433	0.157729888
2434	0.1577257491
2435	0.1577089989
2436	0.1577046547
2437	0.1576976225
2438	0.1576846148
2439	0.1576736126
2440	0.1576631962
2441	0.1576393433
2442	0.1576308446
2443	0.1576231543
2444	0.1576164299
2445	0.1575952579
2446	0.1575834325
2447	0.1575739166
2448	0.1575594893
2449	0.1575501818
2450	0.1575395663
2451	0.1575314451
2452	0.1575276527
2453	0.1575177754
2454	0.1575112204
2455	0.1575059667
2456	0.1574962385
2457	0.1574895636
2458	0.1574783267
2459	0.1574732621
2460	0.1574666695
2461	0.1574473876
2462	0.1574351636
2463	0.1574261496
2464	0.1574192244
2465	0.1574019868
2466	0.1573920609
2467	0.157381513
2468	0.1573702971
2469	0.1573603099
2470	0.1573488648
2471	0.157335454
2472	0.1573219805
2473	0.1573108026
2474	0.157297768
2475	0.1572871504
2476	0.1572777719
2477	0.1572586035
2478	0.1572508241
2479	0.1572377466
2480	0.1572303831
2481	0.1572224175
2482	0.1572127659
2483	0.1572060311
2484	0.1572024169
2485	0.1571856425
2486	0.15717282
2487	0.1571590825
2488	0.1571531766
2489	0.1571482432
2490	0.1571378816
2491	0.157129363
2492	0.1571144005
2493	0.1571010069
2494	0.1570919417
2495	0.157078242
2496	0.1570611034
2497	0.1570538743
2498	0.157035945
2499	0.1570232975
2500	0.1570171579
2501	0.1570053972
2502	0.1569958352
2503	0.1569800603
2504	0.1569589452
2505	0.156950585
2506	0.1569378308
2507	0.1569217597
2508	0.1569135986
2509	0.1569056563
2510	0.1568954985
2511	0.1568852623
2512	0.1568803713
2513	0.1568666201
2514	0.1568537227
2515	0.1568479424
2516	0.1568381683
2517	0.1568370378
2518	0.1568264093
2519	0.1568125703
2520	0.1568034409
2521	0.1567896298
2522	0.1567756282
2523	0.1567546443
2524	0.1567483467
2525	0.1567447194
2526	0.1567409225
2527	0.1567283422
2528	0.1567191452
2529	0.1567074136
2530	0.1567043216
2531	0.1566979668
2532	0.1566799027
2533	0.1566732632
2534	0.1566696137
2535	0.1566595399
2536	0.1566536053
2537	0.1566463945
2538	0.15663372
2539	0.1566236536
2540	0.1566084037
2541	0.1566039439
2542	0.1565975298
2543	0.1565843349
2544	0.156574674
2545	0.1565573527
2546	0.1565488757
2547	0.1565338684
2548	0.1565296769
2549	0.1565159061
2550	0.156505099
2551	0.1564903939
2552	0.1564859186
2553	0.1564809525
2554	0.1564777017
2555	0.1564627014
2556	0.1564585463
2557	0.1564473284
2558	0.1564399007
2559	0.1564267155
2560	0.1564116792
2561	0.1564046377
2562	0.1563979494
2563	0.1563890654
2564	0.1563739561
2565	0.1563603879
2566	0.1563509018
2567	0.1563423121
2568	0.1563316783
2569	0.1563250176
2570	0.1563126105
2571	0.1563042303
2572	0.1562874967
2573	0.1562730659
2574	0.156258555
2575	0.1562395617
2576	0.1562295241
2577	0.156220918
2578	0.1562114488
2579	0.1562041756
2580	0.1561965549
2581	0.1561849494
2582	0.1561771717
2583	0.1561674279
2584	0.1561551583
2585	0.1561472753
2586	0.1561356769
2587	0.1561166934
2588	0.1560956957
2589	0.1560926175
2590	0.1560809315
2591	0.1560732741
2592	0.1560703061
2593	0.156056477
2594	0.1560530055
2595	0.1560415245
2596	0.1560374012
2597	0.156023503
2598	0.1560094216
2599	0.1560038536
2600	0.1559903883
2601	0.1559807548
2602	0.1559726939
2603	0.1559615677
2604	0.1559554811
2605	0.1559458981
2606	0.1559287638
2607	0.1559268271
2608	0.1559224084
2609	0.155913507
2610	0.1558948014
2611	0.1558901072
2612	0.1558829348
2613	0.1558765612
2614	0.1558643854
2615	0.1558508616
2616	0.1558367293
2617	0.1558233494
2618	0.1558165184
2619	0.1558023968
2620	0.1557933493
2621	0.1557793306
2622	0.1557697199
2623	0.1557682494
2624	0.155756148
2625	0.1557480106
2626	0.1557318083
2627	0.1557251583
2628	0.1557152535
2629	0.1556974229
2630	0.1556835074
2631	0.1556686405
2632	0.1556560592
2633	0.1556486044
2634	0.1556424049
2635	0.1556365592
2636	0.1556187674
2637	0.1556097767
2638	0.1556013719
2639	0.1555866619
2640	0.1555805545
2641	0.1555729888
2642	0.1555670384
2643	0.1555633314
2644	0.1555553289
2645	0.1555477289
2646	0.1555281033
2647	0.1555197776
2648	0.155508811
2649	0.1555029764
2650	0.1554925335
2651	0.1554817102
2652	0.1554735577
2653	0.1554672481
2654	0.1554506379
2655	0.1554477207
2656	0.1554450077
2657	0.1554322601
2658	0.1554254043
2659	0.155415608
2660	0.1554108286
2661	0.1554013965
2662	0.1553948033
2663	0.1553892929
2664	0.1553824069
2665	0.1553684476
2666	0.1553563539
2667	0.1553504869
2668	0.1553409801
2669	0.155327101
2670	0.1553190041
2671	0.1553145164
2672	0.1553060545
2673	0.1552924252
2674	0.1552847064
2675	0.15527323
2676	0.1552670736
2677	0.1552603973
2678	0.1552433877
2679	0.155236676
2680	0.1552199178
2681	0.1552126507
2682	0.1552063694
2683	0.1551983512
2684	0.1551910734
2685	0.1551785681
2686	0.155170724
2687	0.1551491216
2688	0.1551403823
2689	0.1551219065
2690	0.1551091576
2691	0.1550979632
2692	0.1550846903
2693	0.1550803553
2694	0.1550658061
2695	0.1550601974
2696	0.1550525432
2697	0.1550465021
2698	0.1550408641
2699	0.1550236683
2700	0.1550148218
2701	0.1550025173
2702	0.1549994087
2703	0.1549892741
2704	0.1549777968
2705	0.1549692875
2706	0.1549533358
2707	0.1549488525
2708	0.1549415082
2709	0.1549306134
2710	0.1549215351
2711	0.1549155991
2712	0.1549005638
2713	0.1548907117
2714	0.1548878708
2715	0.1548780094
2716	0.1548659839
2717	0.1548523378
2718	0.1548427899
2719	0.1548294658
2720	0.1548213016
2721	0.1548014813
2722	0.154794955
2723	0.1547885501
2724	0.1547772109
2725	0.1547701607
2726	0.1547585547
2727	0.1547457304
2728	0.1547336844
2729	0.1547150528
2730	0.1547042143
2731	0.1546903899
2732	0.1546800672
2733	0.1546697201
2734	0.1546650271
2735	0.154660441
2736	0.1546455201
2737	0.1546366104
2738	0.1546264515
2739	0.1546152292
2740	0.1546087538
2741	0.1546042694
2742	0.1545867989
2743	0.1545812092
2744	0.1545729811
2745	0.1545674042
2746	0.1545614665
2747	0.1545515438
2748	0.1545459224
2749	0.1545308475
2750	0.1545227432
2751	0.1545142295
2752	0.1545098829
2753	0.1544985217
2754	0.1544769679
2755	0.1544670792
2756	0.1544620234
2757	0.1544548752
2758	0.1544496711
2759	0.154436782
2760	0.1544282837
2761	0.1544191825
2762	0.1544176769
2763	0.1544038325
2764	0.1543977968
2765	0.1543865832
2766	0.1543782761
2767	0.1543723873
2768	0.1543626967
2769	0.154353794
2770	0.1543487981
2771	0.1543413409
2772	0.154329393
2773	0.1543176476
2774	0.1543008984
2775	0.1542866195
2776	0.1542711103
2777	0.1542622882
2778	0.1542519585
2779	0.1542446895
2780	0.1542373728
2781	0.1542278505
2782	0.1542109384
2783	0.1542064526
2784	0.1542001069
2785	0.1541839109
2786	0.1541754505
2787	0.1541630146
2788	0.1541491177
2789	0.1541400115
2790	0.1541342122
2791	0.1541231032
2792	0.1541207936
2793	0.1541075294
2794	0.1540966146
2795	0.1540931303
2796	0.1540812668
2797	0.1540698965
2798	0.1540570747
2799	0.1540486353
2800	0.1540340253
2801	0.1540212202
2802	0.1540099097
2803	0.1540038625
2804	0.1539939299
2805	0.1539887454
2806	0.1539829745
2807	0.1539764479
2808	0.1539658329
2809	0.1539583045
2810	0.153950175
2811	0.1539410565
2812	0.1539344518
2813	0.1539231883
2814	0.153916038
2815	0.1539062226
2816	0.1538928738
2817	0.1538864105
2818	0.153882133
2819	0.1538725469
2820	0.1538656836
2821	0.1538587553
2822	0.1538506825
2823	0.1538439508
2824	0.1538369335
2825	0.1538227746
2826	0.1538118006
2827	0.1537955103
2828	0.1537861884
2829	0.1537779995
2830	0.1537631396
2831	0.1537572768
2832	0.153754883
2833	0.1537443278
2834	0.1537388949
2835	0.153727104
2836	0.1537151505
2837	0.1537026494
2838	0.1536939012
2839	0.1536891576
2840	0.1536746245
2841	0.1536558746
2842	0.1536426555
2843	0.1536393182
2844	0.1536336733
2845	0.1536265693
2846	0.1536101442
2847	0.1536019477
2848	0.1535952515
2849	0.153583287
2850	0.1535673825
2851	0.1535572288
2852	0.1535468023
2853	0.1535427415
2854	0.153534451
2855	0.1535146825
2856	0.1535041702
2857	0.1534922929
2858	0.1534862764
2859	0.1534786693
2860	0.1534740077
2861	0.1534509929
2862	0.1534436707
2863	0.1534319092
2864	0.1534227013
2865	0.1534172269
2866	0.1534043213
2867	0.1533958617
2868	0.153390648
2869	0.1533768696
2870	0.153370353
2871	0.1533629469
2872	0.1533555471
2873	0.153350684
2874	0.1533467047
2875	0.1533396582
2876	0.1533283423
2877	0.1533223046
2878	0.1533172663
2879	0.1533073996
2880	0.1533012652
2881	0.1532926837
2882	0.1532722352
2883	0.1532687715
2884	0.1532611454
2885	0.1532426603
2886	0.1532290081
2887	0.1532188428
2888	0.1532084602
2889	0.1532026885
2890	0.1531925063
2891	0.1531788961
2892	0.1531732518
2893	0.1531670788
2894	0.1531513571
2895	0.153139616
2896	0.1531319149
2897	0.1531188665
2898	0.153113329
2899	0.153106814
2900	0.1530956102
2901	0.1530833088
2902	0.1530721904
2903	0.1530683581
2904	0.1530552506
2905	0.1530451693
2906	0.1530327335
2907	0.153015868
2908	0.1530010139
2909	0.1529932641
2910	0.1529787389
2911	0.1529629285
2912	0.1529528025
2913	0.1529486947
2914	0.1529402972
2915	0.1529313428
2916	0.1529171615
2917	0.1529141835
2918	0.1529095067
2919	0.152905295
2920	0.1528993605
2921	0.1528934606
2922	0.1528750194
2923	0.152864244
2924	0.1528559934
2925	0.1528484716
2926	0.1528443826
2927	0.1528303683
2928	0.1528090526
2929	0.1527958007
2930	0.1527922032
2931	0.1527860965
2932	0.1527800275
2933	0.1527716944
2934	0.1527581306
2935	0.1527333852
2936	0.152728899
2937	0.1527168892
2938	0.152710355
2939	0.1527102313
2940	0.1527078194
2941	0.1526937415
2942	0.1526874573
2943	0.1526831854
2944	0.1526783493
2945	0.1526699675
2946	0.1526606707
2947	0.1526467901
2948	0.1526396668
2949	0.1526251217
2950	0.1526192002
2951	0.1526036866
2952	0.1525984474
2953	0.1525895821
2954	0.1525841222
2955	0.1525729529
2956	0.15256252
2957	0.1525484543
2958	0.1525430302
2959	0.1525346586
2960	0.1525274913
2961	0.152517452
2962	0.1525021473
2963	0.152483587
2964	0.1524779792
2965	0.1524677033
2966	0.1524587818
2967	0.1524479283
2968	0.1524327872
2969	0.1524273211
2970	0.1524184183
2971	0.1524162284
2972	0.1524090317
2973	0.1524021362
2974	0.1523944456
2975	0.1523883293
2976	0.152382565
2977	0.1523750885
2978	0.1523719118
2979	0.1523656746
2980	0.1523589642
2981	0.1523515916
2982	0.1523453868
2983	0.1523394146
2984	0.1523251107
2985	0.152314744
2986	0.1522979629
2987	0.1522870078
2988	0.1522764295
2989	0.1522684036
2990	0.1522572914
2991	0.1522544581
2992	0.152249648
2993	0.1522392929
2994	0.1522259143
2995	0.1522137326
2996	0.1521980302
2997	0.1521933375
2998	0.1521918211
2999	0.1521816562
3000	0.1521786211
3001	0.1521683252
3002	0.1521504335
3003	0.1521405157
3004	0.152140036
3005	0.1521273096
3006	0.1521189199
3007	0.1521118891
3008	0.1521024988
3009	0.1520991893
3010	0.1520932699
3011	0.1520821946
3012	0.1520751591
3013	0.1520678546
3014	0.1520484346
3015	0.1520391376
3016	0.1520171873
3017	0.1520052453
3018	0.1520016272
3019	0.1519935516
3020	0.1519901133
3021	0.151982072
3022	0.1519761517
3023	0.15197076
3024	0.1519601662
3025	0.1519468368
3026	0.1519364516
3027	0.1519317827
3028	0.1519142686
3029	0.1519058942
3030	0.1519015827
3031	0.1518939281
3032	0.1518873318
3033	0.1518771797
3034	0.151865848
3035	0.1518537538
3036	0.1518487349
3037	0.1518375114
3038	0.1518259261
3039	0.1518224145
3040	0.1518124743
3041	0.1518075797
3042	0.1518023295
3043	0.1517970902
3044	0.1517886972
3045	0.1517765667
3046	0.151767082
3047	0.1517616478
3048	0.1517581587
3049	0.1517509515
3050	0.1517333107
3051	0.1517291277
3052	0.1517210543
3053	0.1517209108
3054	0.1517129666
3055	0.1516935667
3056	0.1516899273
3057	0.1516818871
3058	0.1516680467
3059	0.1516616935
3060	0.15165586
3061	0.151649561
3062	0.1516422649
3063	0.151631589
3064	0.1516229377
3065	0.1516139442
3066	0.1516133737
3067	0.1516061517
3068	0.1515976497
3069	0.1515883399
3070	0.1515761558
3071	0.1515708685
3072	0.1515578304
3073	0.1515470039
3074	0.1515386904
3075	0.1515312847
3076	0.1515236554
3077	0.1515133148
3078	0.151502162
3079	0.1514944916
3080	0.1514836776
3081	0.1514797726
3082	0.1514747825
3083	0.1514662835
3084	0.1514632055
3085	0.1514515896
3086	0.1514428195
3087	0.1514358337
3088	0.1514297851
3089	0.1514199549
3090	0.1514062958
3091	0.1513949883
3092	0.1513849796
3093	0.1513816531
3094	0.1513730681
3095	0.1513700144
3096	0.1513641952
3097	0.1513588811
3098	0.1513467619
3099	0.1513362479
3100	0.1513255227
3101	0.1513115725
3102	0.1512993096
3103	0.1512845996
3104	0.1512809289
3105	0.1512727161
3106	0.1512665853
3107	0.1512540896
3108	0.1512421328
3109	0.1512367582
3110	0.15122682
3111	0.1512209144
3112	0.1512140972
3113	0.1512044241
3114	0.1511960982
3115	0.1511846153
3116	0.1511787863
3117	0.1511739285
3118	0.1511634893
3119	0.1511537048
3120	0.1511464574
3121	0.1511396051
3122	0.1511228975
3123	0.1511186764
3124	0.1511049697
3125	0.1510924859
3126	0.1510854566
3127	0.151078767
3128	0.1510748126
3129	0.1510716468
3130	0.1510598692
3131	0.1510541541
3132	0.1510438021
3133	0.1510393771
3134	0.1510337449
3135	0.1510243463
3136	0.1510103856
3137	0.1509887655
3138	0.1509757096
3139	0.1509575437
3140	0.1509496011
3141	0.1509447546
3142	0.1509251352
3143	0.1509190143
3144	0.1509106135
3145	0.1509023022
3146	0.1508885667
3147	0.150880488
3148	0.1508737079
3149	0.1508659983
3150	0.150862083
3151	0.1508579753
3152	0.1508548425
3153	0.1508434701
3154	0.1508358754
3155	0.1508317934
3156	0.1508262869
3157	0.1508126172
3158	0.1508094374
3159	0.1508028377
3160	0.1507913531
3161	0.1507865441
3162	0.1507864279
3163	0.1507763201
3164	0.1507673826
3165	0.1507636233
3166	0.1507504519
3167	0.1507315327
3168	0.1507284828
3169	0.1507117403
3170	0.1507012808
3171	0.1506954494
3172	0.1506916896
3173	0.1506777736
3174	0.1506729066
3175	0.1506572002
3176	0.1506504622
3177	0.1506360198
3178	0.1506250273
3179	0.1506122064
3180	0.1505996804
3181	0.1505896771
3182	0.1505870692
3183	0.150581971
3184	0.1505713705
3185	0.1505623615
3186	0.1505581507
3187	0.1505551076
3188	0.1505457057
3189	0.1505343375
3190	0.1505269994
3191	0.1505238332
3192	0.1505171378
3193	0.150510825
3194	0.1504973996
3195	0.1504885179
3196	0.150481459
3197	0.1504706188
3198	0.1504701218
3199	0.1504648373
3200	0.1504593603
3201	0.1504555692
3202	0.1504437221
3203	0.1504360524
3204	0.1504278168
3205	0.1504209844
3206	0.1504036839
3207	0.1503944646
3208	0.1503873129
3209	0.1503759685
3210	0.1503665661
3211	0.150357493
3212	0.1503543387
3213	0.1503433345
3214	0.1503266996
3215	0.1503140151
3216	0.1503062825
3217	0.1502926562
3218	0.1502827249
3219	0.1502714022
3220	0.1502551631
3221	0.1502514862
3222	0.150242551
3223	0.1502206757
3224	0.1502062241
3225	0.1501948415
3226	0.1501848062
3227	0.1501729444
3228	0.1501671695
3229	0.150162192
3230	0.1501537851
3231	0.150143915
3232	0.150137683
3233	0.150118588
3234	0.1501093879
3235	0.1501016589
3236	0.1500867726
3237	0.1500752938
3238	0.1500654449
3239	0.1500617808
3240	0.150056157
3241	0.150052766
3242	0.1500402365
3243	0.1500298922
3244	0.1500230264
3245	0.1500151828
3246	0.1500057392
3247	0.1499887063
3248	0.1499763441
3249	0.149973637
3250	0.1499577041
3251	0.1499439268
3252	0.1499259491
3253	0.1499214946
3254	0.1499157275
3255	0.1499088204
3256	0.1498931015
3257	0.1498846401
3258	0.1498790659
3259	0.1498696558
3260	0.149862997
3261	0.149847968
3262	0.1498400764
3263	0.1498304057
3264	0.1498237151
3265	0.149811736
3266	0.1498022907
3267	0.1497894489
3268	0.1497747401
3269	0.1497567763
3270	0.1497514528
3271	0.149744776
3272	0.1497358304
3273	0.1497248564
3274	0.1497134818
3275	0.1496967793
3276	0.149684849
3277	0.1496720858
3278	0.1496684181
3279	0.1496606917
3280	0.1496508517
3281	0.1496453749
3282	0.1496413532
3283	0.1496358256
3284	0.1496254248
3285	0.1496193534
3286	0.1496156894
3287	0.1496065341
3288	0.1495980563
3289	0.1495920754
3290	0.1495813808
3291	0.1495649188
3292	0.1495570309
3293	0.1495480023
3294	0.1495401409
3295	0.1495256005
3296	0.1495219835
3297	0.1495210517
3298	0.1495158984
3299	0.1495114439
3300	0.149504419
3301	0.1494929664
3302	0.1494821561
3303	0.1494779955
3304	0.149471291
3305	0.1494602831
3306	0.1494573263
3307	0.1494494126
3308	0.1494365998
3309	0.1494328781
3310	0.1494273078
3311	0.1494233653
3312	0.1494104173
3313	0.1494036087
3314	0.1493965448
3315	0.1493927079
3316	0.1493905683
3317	0.1493860361
3318	0.1493775736
3319	0.1493707836
3320	0.1493675134
3321	0.1493604782
3322	0.1493531685
3323	0.1493449817
3324	0.1493322367
3325	0.1493260009
3326	0.1493220871
3327	0.1493185845
3328	0.1493036293
3329	0.1492983952
3330	0.1492882237
3331	0.1492767967
3332	0.1492689511
3333	0.1492647787
3334	0.1492547235
3335	0.1492447471
3336	0.1492411271
3337	0.1492344959
3338	0.1492251056
3339	0.1492035678
3340	0.1491981081
3341	0.1491957022
3342	0.1491906689
3343	0.14918513
3344	0.1491791533
3345	0.149176914
3346	0.149171589
3347	0.1491624793
3348	0.149150572
3349	0.149147157
3350	0.1491413496
3351	0.1491327941
3352	0.1491239022
3353	0.1491147842
3354	0.1491097072
3355	0.1491096121
3356	0.1491006058
3357	0.1490988117
3358	0.1490851243
3359	0.1490795664
3360	0.149074811
3361	0.1490634299
3362	0.149050348
3363	0.1490372891
3364	0.1490348159
3365	0.1490213718
3366	0.1490161677
3367	0.1490038299
3368	0.1489894943
3369	0.1489842456
3370	0.1489723311
3371	0.1489651598
3372	0.1489583634
3373	0.1489483612
3374	0.1489330951
3375	0.1489258412
3376	0.1489217584
3377	0.1489066797
3378	0.1488995767
3379	0.1488922515
3380	0.1488818
3381	0.1488681534
3382	0.1488558736
3383	0.1488468438
3384	0.148843334
3385	0.1488396969
3386	0.1488238607
3387	0.1488137277
3388	0.1487975063
3389	0.1487918153
3390	0.1487808908
3391	0.1487722611
3392	0.1487649781
3393	0.1487544984
3394	0.1487494465
3395	0.1487367958
3396	0.148731027
3397	0.148722061
3398	0.1487112713
3399	0.148704111
3400	0.1486913823
3401	0.1486834558
3402	0.1486735121
3403	0.1486678779
3404	0.1486569702
3405	0.1486509483
3406	0.1486377804
3407	0.1486350399
3408	0.1486262624
3409	0.1486099341
3410	0.1486011117
3411	0.1485921679
3412	0.1485895656
3413	0.1485871732
3414	0.148571111
3415	0.1485548847
3416	0.1485502788
3417	0.1485337905
3418	0.1485301655
3419	0.1485244244
3420	0.1485172806
3421	0.1485092529
3422	0.1485026184
3423	0.1484963708
3424	0.1484896422
3425	0.1484724238
3426	0.1484648742
3427	0.1484574514
3428	0.1484435999
3429	0.1484410891
3430	0.1484365339
3431	0.1484283097
3432	0.1484214783
3433	0.1484130427
3434	0.1484066814
3435	0.148401826
3436	0.1483949272
3437	0.1483892638
3438	0.1483809766
3439	0.1483756193
3440	0.1483715153
3441	0.1483654437
3442	0.1483591242
3443	0.1483491149
3444	0.1483424877
3445	0.1483330678
3446	0.1483270554
3447	0.148320341
3448	0.1483133275
3449	0.1483080398
3450	0.1483012272
3451	0.148293027
3452	0.1482858965
3453	0.1482813355
3454	0.1482754005
3455	0.148266189
3456	0.14825425
3457	0.1482339862
3458	0.1482248077
3459	0.1482179036
3460	0.1482134845
3461	0.1481960316
3462	0.1481916082
3463	0.1481801217
3464	0.1481718769
3465	0.1481603552
3466	0.1481551782
3467	0.1481448515
3468	0.1481398282
3469	0.1481351961
3470	0.1481311803
3471	0.1481253341
3472	0.1481189288
3473	0.1481016042
3474	0.1480946962
3475	0.1480736434
3476	0.1480617189
3477	0.1480527493
3478	0.1480346572
3479	0.1480260972
3480	0.1480213159
3481	0.1480164421
3482	0.1480079785
3483	0.1480047325
3484	0.1479982116
3485	0.1479896282
3486	0.1479877486
3487	0.1479830641
3488	0.1479736841
3489	0.1479666996
3490	0.1479596043
3491	0.1479516315
3492	0.1479339976
3493	0.147926917
3494	0.1479201525
3495	0.1479159125
3496	0.1479059434
3497	0.1478947808
3498	0.1478915705
3499	0.1478840349
3500	0.147877831
3501	0.1478633169
3502	0.1478518225
3503	0.1478413414
3504	0.1478366928
3505	0.147830582
3506	0.1478235584
3507	0.1478139968
3508	0.1478083625
3509	0.1478032738
3510	0.1477960523
3511	0.1477897489
3512	0.1477808154
3513	0.1477750613
3514	0.1477737633
3515	0.1477690642
3516	0.1477609727
3517	0.1477520875
3518	0.1477403848
3519	0.1477325212
3520	0.1477209917
3521	0.1477135247
3522	0.1476922193
3523	0.1476864583
3524	0.147677943
3525	0.1476742107
3526	0.1476655098
3527	0.14765885
3528	0.1476561678
3529	0.1476507824
3530	0.1476332457
3531	0.1476277799
3532	0.1476174214
3533	0.1476097617
3534	0.1476059594
3535	0.1475905505
3536	0.1475812528
3537	0.1475655416
3538	0.1475587782
3539	0.1475506363
3540	0.1475377534
3541	0.1475302923
3542	0.1475136228
3543	0.1475100807
3544	0.1474979161
3545	0.1474919887
3546	0.1474866279
3547	0.147478425
3548	0.147473499
3549	0.1474538026
3550	0.1474520848
3551	0.1474434632
3552	0.1474392194
3553	0.1474305734
3554	0.1474257615
3555	0.1474219196
3556	0.1474087804
3557	0.1473936333
3558	0.1473865922
3559	0.1473704052
3560	0.1473666714
3561	0.1473630196
3562	0.1473558955
3563	0.1473438169
3564	0.1473351812
3565	0.1473271507
3566	0.1473147652
3567	0.1473089587
3568	0.1473059858
3569	0.147300212
3570	0.1472896256
3571	0.1472883539
3572	0.1472739413
3573	0.1472647871
3574	0.1472530096
3575	0.1472461694
3576	0.1472399958
3577	0.1472369834
3578	0.1472257193
3579	0.1472199311
3580	0.1472142141
3581	0.1472033718
3582	0.147196807
3583	0.1471938673
3584	0.1471865937
3585	0.1471714644
3586	0.1471659598
3587	0.1471582296
3588	0.1471449077
3589	0.1471383169
3590	0.1471334852
3591	0.1471302261
3592	0.1471238687
3593	0.147116359
3594	0.1471093265
3595	0.1471046866
3596	0.147098275
3597	0.1470845278
3598	0.1470791531
3599	0.1470737544
3600	0.1470664983
3601	0.1470610977
3602	0.1470570882
3603	0.1470540602
3604	0.1470487919
3605	0.147043313
3606	0.1470279862
3607	0.147021081
3608	0.1470164908
3609	0.1470108115
3610	0.1470056515
3611	0.1470003204
3612	0.1469911991
3613	0.1469705702
3614	0.1469637796
3615	0.1469565167
3616	0.1469447272
3617	0.1469385645
3618	0.1469327147
3619	0.1469210811
3620	0.1469131717
3621	0.1469085932
3622	0.1468995176
3623	0.1468953976
3624	0.1468868679
3625	0.1468742923
3626	0.1468704451
3627	0.1468668319
3628	0.1468618074
3629	0.1468467514
3630	0.1468380457
3631	0.1468280166
3632	0.146821695
3633	0.1468039509
3634	0.1467951987
3635	0.1467862728
3636	0.1467723225
3637	0.1467643615
3638	0.1467606339
3639	0.1467545626
3640	0.1467451135
3641	0.1467312373
3642	0.1467237026
3643	0.1467191608
3644	0.1467078801
3645	0.1467043273
3646	0.1466978351
3647	0.1466867158
3648	0.1466804151
3649	0.1466641812
3650	0.1466591811
3651	0.1466549981
3652	0.1466521508
3653	0.1466515359
3654	0.1466286663
3655	0.1466223154
3656	0.146615543
3657	0.1466069294
3658	0.1465917549
3659	0.1465812441
3660	0.1465718165
3661	0.1465635398
3662	0.1465582211
3663	0.1465539091
3664	0.1465487338
3665	0.1465418861
3666	0.146536565
3667	0.146528407
3668	0.1465214679
3669	0.1465048172
3670	0.1464993817
3671	0.1464933957
3672	0.1464858118
3673	0.1464791832
3674	0.1464746064
3675	0.1464659185
3676	0.1464545081
3677	0.1464506548
3678	0.1464414916
3679	0.1464355554
3680	0.1464321585
3681	0.1464230827
3682	0.1464180588
3683	0.1464145124
3684	0.1464041244
3685	0.1463971507
3686	0.1463906757
3687	0.1463817959
3688	0.1463688275
3689	0.146357626
3690	0.1463503953
3691	0.1463455452
3692	0.146331227
3693	0.1463222309
3694	0.1463168018
3695	0.1463132634
3696	0.1463101472
3697	0.1462980807
3698	0.1462925425
3699	0.1462845176
3700	0.1462802293
3701	0.1462673453
3702	0.1462608146
3703	0.1462470031
3704	0.1462426575
3705	0.1462294587
3706	0.1462192113
3707	0.1462126661
3708	0.1462040262
3709	0.1461954971
3710	0.1461830607
3711	0.1461765362
3712	0.1461735807
3713	0.1461704695
3714	0.1461664396
3715	0.1461573803
3716	0.1461493571
3717	0.1461426147
3718	0.1461350445
3719	0.1461319459
3720	0.14612675
3721	0.1461155348
3722	0.1460996327
3723	0.1460957145
3724	0.1460864993
3725	0.146082598
3726	0.1460753931
3727	0.1460697744
3728	0.1460570229
3729	0.1460501826
3730	0.1460356311
3731	0.1460289367
3732	0.146026494
3733	0.1460193647
3734	0.1460128236
3735	0.1460051783
3736	0.1459995453
3737	0.1459809462
3738	0.1459770372
3739	0.1459594811
3740	0.1459543576
3741	0.1459481497
3742	0.1459437212
3743	0.1459394705
3744	0.1459354218
3745	0.1459302938
3746	0.1459259614
3747	0.1459211054
3748	0.1459090408
3749	0.1458958341
3750	0.1458904919
3751	0.1458805405
3752	0.1458767775
3753	0.1458695268
3754	0.1458664532
3755	0.1458623207
3756	0.1458479609
3757	0.1458418709
3758	0.1458358713
3759	0.1458300041
3760	0.1458271851
3761	0.1458213781
3762	0.1458121564
3763	0.1458057132
3764	0.1457950594
3765	0.1457858207
3766	0.1457794812
3767	0.1457694041
3768	0.1457586328
3769	0.1457544206
3770	0.1457492532
3771	0.1457424465
3772	0.1457360715
3773	0.1457249906
3774	0.1457185181
3775	0.1457160038
3776	0.1457119931
3777	0.1457047735
3778	0.1456959765
3779	0.1456883183
3780	0.1456787729
3781	0.1456702285
3782	0.1456631243
3783	0.1456546094
3784	0.1456499075
3785	0.1456424981
3786	0.1456405936
3787	0.1456312568
3788	0.1456289952
3789	0.1456233845
3790	0.1456233217
3791	0.1456124878
3792	0.1456005407
3793	0.1455928816
3794	0.145590864
3795	0.1455864872
3796	0.1455798488
3797	0.1455696991
3798	0.1455571249
3799	0.1455417004
3800	0.1455341065
3801	0.1455254273
3802	0.1455193469
3803	0.1455115345
3804	0.1455002352
3805	0.1454930104
3806	0.1454892111
3807	0.1454868869
3808	0.145484773
3809	0.1454804432
3810	0.1454775262
3811	0.1454736563
3812	0.1454610614
3813	0.1454555475
3814	0.1454528993
3815	0.1454485385
3816	0.1454448632
3817	0.145433237
3818	0.1454272254
3819	0.1454228853
3820	0.1454162371
3821	0.1454093548
3822	0.1453949387
3823	0.145385347
3824	0.145375043
3825	0.1453670906
3826	0.1453533995
3827	0.1453423121
3828	0.1453333234
3829	0.1453176085
3830	0.145307964
3831	0.1453000073
3832	0.1452910208
3833	0.1452820602
3834	0.1452778079
3835	0.1452720393
3836	0.1452639296
3837	0.1452532106
3838	0.1452434367
3839	0.1452293188
3840	0.1452247051
3841	0.1452184805
3842	0.1452090606
3843	0.1452025976
3844	0.1451972961
3845	0.1451886147
3846	0.1451818788
3847	0.1451752557
3848	0.1451684004
3849	0.14516428
3850	0.14515953
3851	0.14514129
3852	0.1451304133
3853	0.1451248388
3854	0.1451226276
3855	0.1451051683
3856	0.1451005877
3857	0.1450962292
3858	0.1450843472
3859	0.14507177
3860	0.1450697603
3861	0.1450609623
3862	0.1450551195
3863	0.1450461315
3864	0.1450387793
3865	0.1450289086
3866	0.1450239338
3867	0.1450206981
3868	0.1450087254
3869	0.144992108
3870	0.1449817287
3871	0.1449761617
3872	0.1449716874
3873	0.1449676142
3874	0.1449616447
3875	0.1449537532
3876	0.1449403447
3877	0.144925334
3878	0.1449166711
3879	0.1449127617
3880	0.1449056801
3881	0.1448959755
3882	0.1448875374
3883	0.1448764351
3884	0.1448604643
3885	0.1448485798
3886	0.1448328532
3887	0.1448247786
3888	0.1448237932
3889	0.1448120789
3890	0.1448061768
3891	0.1447955659
3892	0.144786791
3893	0.1447760388
3894	0.1447717944
3895	0.1447578803
3896	0.1447482684
3897	0.1447356982
3898	0.1447261406
3899	0.1447142901
3900	0.1447050781
3901	0.1446967
3902	0.1446835525
3903	0.1446783115
3904	0.1446710083
3905	0.1446653233
3906	0.144659899
3907	0.144655814
3908	0.1446456479
3909	0.1446358878
3910	0.1446226737
3911	0.1446144998
3912	0.144608157
3913	0.1445986977
3914	0.1445954781
3915	0.1445851093
3916	0.1445782953
3917	0.1445702952
3918	0.1445641871
3919	0.1445577483
3920	0.1445396155
3921	0.1445248617
3922	0.1445137293
3923	0.1445060983
3924	0.1444972758
3925	0.144487993
3926	0.1444821555
3927	0.1444676586
3928	0.1444627651
3929	0.1444552602
3930	0.1444448936
3931	0.1444414446
3932	0.1444352887
3933	0.1444205719
3934	0.1444100681
3935	0.1444074371
3936	0.1443964237
3937	0.144386985
3938	0.1443841
3939	0.1443728853
3940	0.1443624972
3941	0.1443573994
3942	0.1443480616
3943	0.1443426669
3944	0.1443353125
3945	0.144329501
3946	0.1443223448
3947	0.1443173634
3948	0.1443121884
3949	0.1443026842
3950	0.144298563
3951	0.144295959
3952	0.1442854992
3953	0.1442777345
3954	0.144271572
3955	0.1442652349
3956	0.1442602877
3957	0.1442555944
3958	0.144250163
3959	0.1442439546
3960	0.1442402542
3961	0.1442267556
3962	0.1442222803
3963	0.1442171286
3964	0.1442146143
3965	0.1442069517
3966	0.1441985679
3967	0.1441909627
3968	0.1441843555
3969	0.1441772514
3970	0.1441738845
3971	0.144169368
3972	0.1441620183
3973	0.1441524216
3974	0.144146009
3975	0.1441408565
3976	0.1441329113
3977	0.1441291404
3978	0.1441193363
3979	0.1441139785
3980	0.1441081526
3981	0.1440981125
3982	0.1440948866
3983	0.1440908265
3984	0.1440769019
3985	0.144072877
3986	0.1440655253
3987	0.1440601758
3988	0.1440517249
3989	0.1440473568
3990	0.1440309626
3991	0.1440220354
3992	0.1440194403
3993	0.1440156733
3994	0.1440065838
3995	0.143999899
3996	0.1439902763
3997	0.1439840734
3998	0.1439694886
3999	0.1439613228
4000	0.1439502552
4001	0.1439383904
4002	0.1439287176
4003	0.1439210122
4004	0.1439179269
4005	0.143911161
4006	0.1439028297
4007	0.1438902624
4008	0.1438735365
4009	0.1438709272
4010	0.1438639228
4011	0.1438477092
4012	0.1438377887
4013	0.1438312947
4014	0.1438230052
4015	0.1438191418
4016	0.1438101043
4017	0.1438061921
4018	0.1437979851
4019	0.1437818878
4020	0.1437750724
4021	0.1437601107
4022	0.1437557589
4023	0.1437468888
4024	0.1437419438
4025	0.1437378197
4026	0.1437309916
4027	0.1437170922
4028	0.1437127445
4029	0.1437088706
4030	0.1437006219
4031	0.143694216
4032	0.1436849377
4033	0.1436745984
4034	0.1436699753
4035	0.1436644682
4036	0.1436544587
4037	0.1436471502
4038	0.143639634
4039	0.1436271863
4040	0.1436208997
4041	0.1436164326
4042	0.1436079526
4043	0.1436021117
4044	0.1435890803
4045	0.1435724662
4046	0.1435661565
4047	0.1435615087
4048	0.1435556261
4049	0.1435503899
4050	0.1435462354
4051	0.1435369073
4052	0.1435302709
4053	0.1435246019
4054	0.1435177922
4055	0.1435110462
4056	0.1435020838
4057	0.1434968143
4058	0.1434892357
4059	0.143473891
4060	0.1434660738
4061	0.1434529058
4062	0.1434449664
4063	0.1434323902
4064	0.1434285632
4065	0.1434239602
4066	0.1434198212
4067	0.1434154529
4068	0.1434041802
4069	0.1433960046
4070	0.1433806402
4071	0.1433743289
4072	0.1433659402
4073	0.1433614424
4074	0.1433558657
4075	0.1433464297
4076	0.1433413029
4077	0.1433323096
4078	0.143316475
4079	0.1433144307
4080	0.1433044098
4081	0.1432938189
4082	0.1432828139
4083	0.1432790396
4084	0.143277737
4085	0.1432717425
4086	0.143263733
4087	0.1432593825
4088	0.1432513317
4089	0.1432411199
4090	0.1432385624
4091	0.1432277835
4092	0.1432243894
4093	0.1432115416
4094	0.1431981121
4095	0.1431919062
4096	0.1431863276
4097	0.1431823482
4098	0.1431774437
4099	0.1431705688
4100	0.1431618549
4101	0.1431484252
4102	0.1431427061
4103	0.1431363318
4104	0.1431332754
4105	0.1431252948
4106	0.1431210763
4107	0.1431148678
4108	0.1431079892
4109	0.1431022145
4110	0.1430955351
4111	0.143091012
4112	0.14308554
4113	0.1430820363
4114	0.1430779658
4115	0.1430718095
4116	0.143062557
4117	0.1430561554
4118	0.1430512446
4119	0.1430459326
4120	0.1430415349
4121	0.1430350296
4122	0.1430268033
4123	0.1430238701
4124	0.143022144
4125	0.1430138498
4126	0.1430025352
4127	0.1429991581
4128	0.1429884258
4129	0.1429848358
4130	0.1429786321
4131	0.1429723059
4132	0.142967989
4133	0.1429555
4134	0.1429453385
4135	0.1429366844
4136	0.1429255893
4137	0.1429204629
4138	0.1429116661
4139	0.1428985825
4140	0.1428922495
4141	0.1428832735
4142	0.1428688728
4143	0.1428617748
4144	0.1428554606
4145	0.1428427109
4146	0.1428358442
4147	0.1428167795
4148	0.142815253
4149	0.1428092168
4150	0.1428052198
4151	0.1427997569
4152	0.1427889024
4153	0.1427825885
4154	0.1427743099
4155	0.1427688806
4156	0.1427650601
4157	0.1427582999
4158	0.1427494625
4159	0.1427392675
4160	0.1427283325
4161	0.1427167654
4162	0.1427146116
4163	0.1427059288
4164	0.1427021752
4165	0.1426997505
4166	0.1426926458
4167	0.1426793594
4168	0.1426764111
4169	0.1426658546
4170	0.14266122
4171	0.1426537589
4172	0.1426502145
4173	0.1426418324
4174	0.1426385409
4175	0.1426336615
4176	0.1426259565
4177	0.1426218425
4178	0.1426124569
4179	0.1426001335
4180	0.1425894543
4181	0.1425819519
4182	0.1425784847
4183	0.1425725416
4184	0.1425669981
4185	0.1425525793
4186	0.1425475714
4187	0.1425408427
4188	0.1425267472
4189	0.1425176856
4190	0.1425133594
4191	0.1425045188
4192	0.1425001601
4193	0.1424954104
4194	0.1424796866
4195	0.1424735046
4196	0.1424595254
4197	0.1424523546
4198	0.1424455283
4199	0.1424333959
4200	0.1424232216
4201	0.1424205154
4202	0.1424151183
4203	0.1424063949
4204	0.1424016109
4205	0.1423882357
4206	0.1423823828
4207	0.1423778164
4208	0.1423739664
4209	0.1423595486
4210	0.142352439
4211	0.1423427755
4212	0.1423369372
4213	0.1423320533
4214	0.1423216136
4215	0.1423179181
4216	0.1423115175
4217	0.142306591
4218	0.1422965185
4219	0.1422868135
4220	0.1422778483
4221	0.1422737892
4222	0.1422636035
4223	0.142253061
4224	0.1422461841
4225	0.1422361316
4226	0.1422322198
4227	0.1422267452
4228	0.1422170175
4229	0.1422122258
4230	0.1422049917
4231	0.1421992547
4232	0.1421966519
4233	0.1421942435
4234	0.1421864963
4235	0.1421741662
4236	0.1421698257
4237	0.1421582967
4238	0.1421544846
4239	0.1421495199
4240	0.1421430553
4241	0.1421314604
4242	0.1421287851
4243	0.1421229192
4244	0.1421159523
4245	0.1421114746
4246	0.1421047555
4247	0.1420925943
4248	0.1420889989
4249	0.1420862812
4250	0.1420770874
4251	0.1420724932
4252	0.142068737
4253	0.1420663907
4254	0.1420560572
4255	0.1420450963
4256	0.1420398641
4257	0.142031882
4258	0.1420279443
4259	0.1420243271
4260	0.1420204845
4261	0.1420128099
4262	0.1420090189
4263	0.1420036313
4264	0.1419933244
4265	0.1419811881
4266	0.1419761265
4267	0.1419729917
4268	0.14196415
4269	0.1419622278
4270	0.1419566983
4271	0.1419491451
4272	0.1419480313
4273	0.1419319617
4274	0.1419265969
4275	0.1419228257
4276	0.1419089415
4277	0.1419051904
4278	0.1418999193
4279	0.1418929862
4280	0.1418872805
4281	0.1418701818
4282	0.1418669782
4283	0.1418612063
4284	0.1418517057
4285	0.1418383157
4286	0.1418252982
4287	0.1418229769
4288	0.1418180896
4289	0.1418117247
4290	0.1418078108
4291	0.141798726
4292	0.1417927468
4293	0.1417854182
4294	0.1417788489
4295	0.1417763206
4296	0.1417631008
4297	0.1417479223
4298	0.1417414685
4299	0.1417286901
4300	0.1417181684
4301	0.1417074442
4302	0.1417003282
4303	0.1416974094
4304	0.1416882472
4305	0.1416841884
4306	0.1416798545
4307	0.1416736823
4308	0.1416622395
4309	0.1416570696
4310	0.1416524929
4311	0.1416467068
4312	0.141635572
4313	0.1416301186
4314	0.1416237486
4315	0.1416128547
4316	0.1415979357
4317	0.1415919012
4318	0.141589053
4319	0.1415850512
4320	0.1415797799
4321	0.1415742739
4322	0.1415714169
4323	0.1415666058
4324	0.1415626049
4325	0.1415572213
4326	0.1415528453
4327	0.1415497427
4328	0.1415469594
4329	0.141535785
4330	0.1415308041
4331	0.1415223008
4332	0.1415139614
4333	0.1415060003
4334	0.1414937844
4335	0.1414825632
4336	0.1414685539
4337	0.141465311
4338	0.1414552739
4339	0.1414446094
4340	0.1414397927
4341	0.1414369639
4342	0.1414291379
4343	0.1414269248
4344	0.1414214446
4345	0.1414088632
4346	0.1413981156
4347	0.1413908797
4348	0.1413834343
4349	0.1413803238
4350	0.1413767876
4351	0.1413620738
4352	0.1413545599
4353	0.1413502777
4354	0.1413388586
4355	0.1413290769
4356	0.1413218539
4357	0.1413182636
4358	0.1413123542
4359	0.1412993726
4360	0.1412942824
4361	0.141291975
4362	0.1412873882
4363	0.1412811448
4364	0.1412739288
4365	0.1412634872
4366	0.1412603732
4367	0.1412514914
4368	0.1412427728
4369	0.1412321278
4370	0.1412271689
4371	0.1412216677
4372	0.1412122865
4373	0.1412063212
4374	0.1412027564
4375	0.1411971466
4376	0.1411895886
4377	0.1411837066
4378	0.1411784384
4379	0.1411708558
4380	0.141152017
4381	0.1411408232
4382	0.1411319543
4383	0.1411217486
4384	0.1411130217
4385	0.1411064465
4386	0.1410991162
4387	0.1410895855
4388	0.1410823966
4389	0.1410760164
4390	0.1410738077
4391	0.1410688705
4392	0.1410644105
4393	0.141060118
4394	0.1410497503
4395	0.1410408556
4396	0.1410367545
4397	0.1410299247
4398	0.1410251489
4399	0.1410212123
4400	0.1410117056
4401	0.1409993975
4402	0.1409896819
4403	0.1409817157
4404	0.1409757055
4405	0.140971059
4406	0.1409663547
4407	0.1409539878
4408	0.1409466701
4409	0.1409398169
4410	0.1409286909
4411	0.1409230796
4412	0.1409173044
4413	0.1409162028
4414	0.1409127919
4415	0.1409011398
4416	0.1408953997
4417	0.1408891145
4418	0.1408817752
4419	0.1408763115
4420	0.140870062
4421	0.1408658723
4422	0.1408603219
4423	0.1408502324
4424	0.1408400758
4425	0.1408240331
4426	0.1408187523
4427	0.1408121507
4428	0.14080686
4429	0.1408001752
4430	0.1407937814
4431	0.1407858757
4432	0.1407819132
4433	0.1407713277
4434	0.1407560001
4435	0.140748899
4436	0.1407462794
4437	0.1407422253
4438	0.1407372048
4439	0.1407340594
4440	0.1407308178
4441	0.1407281952
4442	0.1407225147
4443	0.1407162352
4444	0.1407104478
4445	0.1407013491
4446	0.1406883559
4447	0.1406823582
4448	0.140671863
4449	0.1406637668
4450	0.140653677
4451	0.1406435348
4452	0.1406397517
4453	0.140636863
4454	0.1406281134
4455	0.1406235174
4456	0.1406168066
4457	0.1406044935
4458	0.140598696
4459	0.1405947206
4460	0.1405886268
4461	0.140582647
4462	0.140577232
4463	0.1405702659
4464	0.1405578831
4465	0.1405535771
4466	0.1405442757
4467	0.140536627
4468	0.1405324894
4469	0.1405278821
4470	0.1405214489
4471	0.1405061647
4472	0.1404991878
4473	0.1404955141
4474	0.1404879691
4475	0.1404861012
4476	0.1404822074
4477	0.1404729259
4478	0.1404641629
4479	0.1404598513
4480	0.1404488502
4481	0.1404437272
4482	0.140440688
4483	0.1404295587
4484	0.1404231159
4485	0.1404146872
4486	0.1404117233
4487	0.1404021033
4488	0.1403887247
4489	0.1403840412
4490	0.1403807203
4491	0.1403765088
4492	0.1403705397
4493	0.1403620808
4494	0.1403586635
4495	0.1403532834
4496	0.1403467208
4497	0.1403435011
4498	0.1403372371
4499	0.1403269013
4500	0.1403144376
4501	0.1403077943
4502	0.1403035132
4503	0.1402989484
4504	0.1402941745
4505	0.1402909095
4506	0.14028293
4507	0.140277617
4508	0.1402696122
4509	0.1402635278
4510	0.1402538873
4511	0.1402477609
4512	0.1402410026
4513	0.1402313455
4514	0.140229276
4515	0.1402272312
4516	0.1402220475
4517	0.1402138558
4518	0.1402060721
4519	0.1402011019
4520	0.1401966431
4521	0.1401945148
4522	0.1401860894
4523	0.1401848343
4524	0.1401780511
4525	0.1401729243
4526	0.1401596078
4527	0.1401533069
4528	0.1401486986
4529	0.1401444667
4530	0.1401399895
4531	0.1401378851
4532	0.1401323964
4533	0.140118646
4534	0.1401144652
4535	0.1401071076
4536	0.1401025929
4537	0.1400973624
4538	0.1400885457
4539	0.1400854676
4540	0.1400742181
4541	0.1400620519
4542	0.1400563358
4543	0.1400512179
4544	0.1400431651
4545	0.1400398761
4546	0.1400344537
4547	0.1400263842
4548	0.1400185896
4549	0.1400098289
4550	0.1400025356
4551	0.1399886337
4552	0.1399839573
4553	0.1399754736
4554	0.1399712348
4555	0.1399665275
4556	0.1399602769
4557	0.1399573591
4558	0.1399502685
4559	0.1399440421
4560	0.1399366597
4561	0.1399344357
4562	0.1399320606
4563	0.1399286175
4564	0.1399253345
4565	0.1399117626
4566	0.1399017068
4567	0.1398973094
4568	0.1398942581
4569	0.1398883167
4570	0.139887439
4571	0.1398790051
4572	0.1398761872
4573	0.1398610955
4574	0.1398547916
4575	0.1398534122
4576	0.1398488525
4577	0.1398447363
4578	0.139838195
4579	0.1398322324
4580	0.1398251189
4581	0.1398180581
4582	0.1398090684
4583	0.139804273
4584	0.1397952876
4585	0.1397833881
4586	0.13976957
4587	0.139765255
4588	0.1397620212
4589	0.1397480452
4590	0.1397398152
4591	0.1397364194
4592	0.1397315225
4593	0.1397276616
4594	0.1397156055
4595	0.1397085698
4596	0.1397027349
4597	0.1396994572
4598	0.1396900274
4599	0.1396850099
4600	0.1396762979
4601	0.1396712746
4602	0.1396627334
4603	0.1396527108
4604	0.1396465336
4605	0.1396407909
4606	0.1396332404
4607	0.1396234789
4608	0.1396210537
4609	0.1396178876
4610	0.1396137488
4611	0.1396090093
4612	0.1396016645
4613	0.1395932769
4614	0.1395868378
4615	0.1395790051
4616	0.1395726912
4617	0.1395572451
4618	0.1395403901
4619	0.1395399086
4620	0.1395270132
4621	0.1395199587
4622	0.1395171517
4623	0.1395126063
4624	0.139501033
4625	0.1394961183
4626	0.1394861684
4627	0.1394734895
4628	0.1394656941
4629	0.1394606303
4630	0.1394520992
4631	0.1394499141
4632	0.1394462441
4633	0.1394363833
4634	0.1394335314
4635	0.1394267585
4636	0.1394182752
4637	0.1394111331
4638	0.1394090513
4639	0.1394046284
4640	0.1393998047
4641	0.1393936629
4642	0.1393918841
4643	0.1393849479
4644	0.1393694808
4645	0.1393679119
4646	0.1393655557
4647	0.1393617546
4648	0.1393503737
4649	0.1393480649
4650	0.1393457372
4651	0.1393425695
4652	0.1393381166
4653	0.139328999
4654	0.1393255046
4655	0.1393226727
4656	0.1393162873
4657	0.1393017126
4658	0.1392894848
4659	0.1392845179
4660	0.1392802003
4661	0.13927589
4662	0.1392684185
4663	0.1392580896
4664	0.1392557116
4665	0.139248935
4666	0.1392374913
4667	0.1392230359
4668	0.1392202447
4669	0.1392124645
4670	0.1392069217
4671	0.1391991181
4672	0.1391909036
4673	0.1391782118
4674	0.139166922
4675	0.1391616223
4676	0.1391556682
4677	0.1391474724
4678	0.1391416505
4679	0.1391328998
4680	0.1391286677
4681	0.1391246899
4682	0.1391142228
4683	0.1391118049
4684	0.1391033928
4685	0.1390980758
4686	0.1390920914
4687	0.1390893837
4688	0.1390833937
4689	0.1390759835
4690	0.1390719604
4691	0.1390626065
4692	0.139051298
4693	0.1390495911
4694	0.139046933
4695	0.1390362124
4696	0.1390297112
4697	0.1390271833
4698	0.1390178223
4699	0.1390134224
4700	0.1390096715
4701	0.1390077286
4702	0.1390026844
4703	0.1389979378
4704	0.1389897683
4705	0.1389831523
4706	0.1389725253
4707	0.1389684619
4708	0.1389594987
4709	0.1389531835
4710	0.1389468888
4711	0.1389380448
4712	0.1389353429
4713	0.1389311255
4714	0.1389290615
4715	0.138919562
4716	0.1389063093
4717	0.1388959157
4718	0.1388927956
4719	0.1388904081
4720	0.138879538
4721	0.1388712592
4722	0.1388680565
4723	0.1388657961
4724	0.1388647418
4725	0.1388611264
4726	0.1388465558
4727	0.1388403976
4728	0.1388319334
4729	0.13883107
4730	0.1388230736
4731	0.1388153744
4732	0.1388084253
4733	0.1387994596
4734	0.1387918385
4735	0.1387793037
4736	0.1387712778
4737	0.1387682736
4738	0.1387628992
4739	0.1387575519
4740	0.1387505729
4741	0.1387430356
4742	0.1387365871
4743	0.1387315697
4744	0.1387257679
4745	0.1387214492
4746	0.1387150219
4747	0.1387125751
4748	0.1387011689
4749	0.1386934646
4750	0.138687566
4751	0.1386828211
4752	0.1386775027
4753	0.1386696028
4754	0.1386643617
4755	0.1386627086
4756	0.1386600682
4757	0.1386516588
4758	0.1386452387
4759	0.1386325366
4760	0.1386294584
4761	0.1386225725
4762	0.1386127177
4763	0.1386060996
4764	0.1385995856
4765	0.1385936511
4766	0.138586364
4767	0.1385752006
4768	0.1385668552
4769	0.1385597064
4770	0.1385557851
4771	0.1385505157
4772	0.1385445014
4773	0.1385418153
4774	0.1385335657
4775	0.1385289183
4776	0.1385255329
4777	0.1385191254
4778	0.1385120512
4779	0.1385068673
4780	0.1384927843
4781	0.13848658
4782	0.1384789418
4783	0.1384717467
4784	0.1384677969
4785	0.1384577956
4786	0.1384548815
4787	0.1384453348
4788	0.1384396291
4789	0.1384332716
4790	0.1384302652
4791	0.1384215435
4792	0.1384144188
4793	0.1384116104
4794	0.1384080477
4795	0.1383981331
4796	0.1383854487
4797	0.1383789717
4798	0.1383727844
4799	0.138365365
4800	0.1383620027
4801	0.1383583157
4802	0.1383485626
4803	0.1383404127
4804	0.1383317372
4805	0.1383297335
4806	0.1383273764
4807	0.1383227612
4808	0.1383167056
4809	0.1383123559
4810	0.1383040468
4811	0.1382916258
4812	0.1382841753
4813	0.138277741
4814	0.1382694018
4815	0.138267247
4816	0.1382572865
4817	0.1382527434
4818	0.1382449711
4819	0.1382405662
4820	0.1382319654
4821	0.138223317
4822	0.1382158423
4823	0.138212842
4824	0.1382089798
4825	0.1382025661
4826	0.1381977792
4827	0.1381905121
4828	0.1381873326
4829	0.1381787196
4830	0.1381725525
4831	0.1381670059
4832	0.1381521703
4833	0.1381461144
4834	0.1381442014
4835	0.1381413161
4836	0.1381292154
4837	0.1381269364
4838	0.1381251796
4839	0.1381196225
4840	0.138112967
4841	0.1381074804
4842	0.138099852
4843	0.1380983391
4844	0.1380896888
4845	0.1380812729
4846	0.1380781076
4847	0.1380712149
4848	0.1380640954
4849	0.1380614649
4850	0.13805873
4851	0.1380484791
4852	0.1380417761
4853	0.1380409596
4854	0.1380358671
4855	0.1380302701
4856	0.138028943
4857	0.1380189831
4858	0.1380153467
4859	0.1380136469
4860	0.1380072825
4861	0.1379984122
4862	0.1379958478
4863	0.1379902785
4864	0.1379789505
4865	0.1379737169
4866	0.137964759
4867	0.1379611022
4868	0.1379550553
4869	0.1379520038
4870	0.1379433153
4871	0.1379377888
4872	0.1379348479
4873	0.1379305565
4874	0.1379272418
4875	0.1379176392
4876	0.137906159
4877	0.1378975128
4878	0.1378942083
4879	0.1378878275
4880	0.1378830418
4881	0.1378791104
4882	0.1378749904
4883	0.1378693955
4884	0.1378640292
4885	0.1378626974
4886	0.1378586781
4887	0.1378526997
4888	0.1378447242
4889	0.1378397189
4890	0.1378371262
4891	0.1378314117
4892	0.137828862
4893	0.1378222313
4894	0.1378204048
4895	0.1378148881
4896	0.1378098375
4897	0.1378041447
4898	0.1377914146
4899	0.1377875444
4900	0.137779107
4901	0.137773958
4902	0.1377639954
4903	0.1377568385
4904	0.1377539919
4905	0.1377505162
4906	0.1377399273
4907	0.1377316525
4908	0.1377158672
4909	0.1377095659
4910	0.1377038153
4911	0.1376981798
4912	0.1376938537
4913	0.1376839661
4914	0.1376736178
4915	0.1376637098
4916	0.1376522334
4917	0.1376506952
4918	0.137642815
4919	0.1376347774
4920	0.1376247502
4921	0.1376199488
4922	0.1376165735
4923	0.1376029539
4924	0.1375966313
4925	0.1375949854
4926	0.1375887851
4927	0.1375768668
4928	0.1375664297
4929	0.1375607545
4930	0.1375521618
4931	0.1375493719
4932	0.1375381012
4933	0.1375300181
4934	0.1375268602
4935	0.1375168659
4936	0.1375069199
4937	0.1374973596
4938	0.1374953812
4939	0.1374908104
4940	0.1374851036
4941	0.1374830027
4942	0.1374660743
4943	0.1374643364
4944	0.1374534443
4945	0.137448283
4946	0.1374363546
4947	0.1374287799
4948	0.1374267096
4949	0.1374228576
4950	0.1374209299
4951	0.1374166496
4952	0.1374054753
4953	0.1373977202
4954	0.1373937635
4955	0.1373860003
4956	0.137380953
4957	0.1373777539
4958	0.1373724474
4959	0.1373695329
4960	0.1373626657
4961	0.1373596134
4962	0.1373478765
4963	0.1373411929
4964	0.1373387391
4965	0.1373351075
4966	0.1373256986
4967	0.1373196423
4968	0.1373140531
4969	0.1373084134
4970	0.1372962436
4971	0.1372855786
4972	0.1372819458
4973	0.1372763609
4974	0.1372642196
4975	0.1372605635
4976	0.1372541941
4977	0.1372514543
4978	0.1372468702
4979	0.1372395779
4980	0.1372275597
4981	0.1372252254
4982	0.1372196589
4983	0.1372137219
4984	0.1372061366
4985	0.1372015901
4986	0.1371934868
4987	0.1371807992
4988	0.1371717362
4989	0.1371671496
4990	0.1371615924
4991	0.1371585209
4992	0.1371522963
4993	0.1371467888
4994	0.137142043
4995	0.1371375659
4996	0.1371337603
4997	0.1371320151
4998	0.1371222748
4999	0.1371144865
5000	0.1371098429
5001	0.1371042621
5002	0.1371012959
5003	0.1370954586
5004	0.1370905401
5005	0.1370840342
5006	0.1370773532
5007	0.1370755381
5008	0.1370671805
5009	0.1370565942
5010	0.1370524076
5011	0.1370490347
5012	0.1370345983
5013	0.1370248043
5014	0.1370148024
5015	0.1370091609
5016	0.136997838
5017	0.1369968784
5018	0.1369952013
5019	0.136991891
5020	0.1369781708
5021	0.1369715538
5022	0.1369686674
5023	0.1369652658
5024	0.1369621316
5025	0.1369605882
5026	0.1369582005
5027	0.1369546272
5028	0.1369472069
5029	0.1369439501
5030	0.1369428262
5031	0.136936575
5032	0.1369221566
5033	0.1369173945
5034	0.1369113044
5035	0.1369080354
5036	0.1368966693
5037	0.1368954056
5038	0.1368899486
5039	0.1368761709
5040	0.1368719143
5041	0.1368650862
5042	0.136860428
5043	0.1368557112
5044	0.136850742
5045	0.1368442189
5046	0.1368417969
5047	0.1368313704
5048	0.1368234331
5049	0.1368159697
5050	0.1368105784
5051	0.1368058509
5052	0.1367999591
5053	0.1367979033
5054	0.1367927499
5055	0.1367881549
5056	0.1367819647
5057	0.1367775534
5058	0.1367727048
5059	0.1367720548
5060	0.1367654285
5061	0.1367577513
5062	0.1367496339
5063	0.1367394174
5064	0.1367336449
5065	0.1367281522
5066	0.1367224201
5067	0.1367176971
5068	0.1367163191
5069	0.1367142854
5070	0.1367116988
5071	0.1366981616
5072	0.1366945022
5073	0.136686563
5074	0.1366822724
5075	0.1366717879
5076	0.1366671906
5077	0.1366554377
5078	0.1366470419
5079	0.1366409768
5080	0.1366305623
5081	0.1366241969
5082	0.1366204063
5083	0.1366145962
5084	0.1366091888
5085	0.1366021412
5086	0.1365982163
5087	0.1365950876
5088	0.1365879694
5089	0.1365748962
5090	0.1365678819
5091	0.1365637616
5092	0.1365602159
5093	0.1365539347
5094	0.1365469158
5095	0.1365393849
5096	0.1365360447
5097	0.1365286899
5098	0.1365244212
5099	0.1365176615
5100	0.1365137008
5101	0.1365077875
5102	0.1364978995
5103	0.1364940158
5104	0.1364822195
5105	0.1364766104
5106	0.1364720958
5107	0.1364699631
5108	0.1364534076
5109	0.1364450219
5110	0.1364408376
5111	0.136437288
5112	0.136429354
5113	0.1364238669
5114	0.1364168731
5115	0.1364108553
5116	0.1364043363
5117	0.1363997164
5118	0.1363955845
5119	0.1363937514
5120	0.1363902136
5121	0.1363823632
5122	0.1363745838
5123	0.1363658136
5124	0.1363640267
5125	0.1363581369
5126	0.1363485584
5127	0.1363447515
5128	0.1363423173
5129	0.1363257712
5130	0.1363204638
5131	0.1363101071
5132	0.1363061981
5133	0.1363044342
5134	0.1362995678
5135	0.1362901193
5136	0.1362837869
5137	0.1362726384
5138	0.1362702247
5139	0.1362649331
5140	0.1362611438
5141	0.136257628
5142	0.1362551704
5143	0.136249328
5144	0.1362461106
5145	0.1362412708
5146	0.1362285117
5147	0.1362213623
5148	0.1362162781
5149	0.1362107696
5150	0.1362017925
5151	0.1361990203
5152	0.1361945749
5153	0.1361930351
5154	0.136190801
5155	0.136187719
5156	0.1361829915
5157	0.1361791043
5158	0.1361717297
5159	0.1361659306
5160	0.1361623413
5161	0.1361602969
5162	0.1361576692
5163	0.1361503031
5164	0.1361424766
5165	0.1361402349
5166	0.1361313146
5167	0.1361280641
5168	0.1361203803
5169	0.1361104511
5170	0.1361036958
5171	0.1361004127
5172	0.1360964258
5173	0.1360917671
5174	0.1360873148
5175	0.1360780503
5176	0.136067941
5177	0.1360609616
5178	0.1360582079
5179	0.1360501655
5180	0.1360446085
5181	0.1360407855
5182	0.1360364061
5183	0.1360285487
5184	0.1360240582
5185	0.1360223798
5186	0.1360100936
5187	0.1360033636
5188	0.1359955721
5189	0.1359895652
5190	0.1359865674
5191	0.1359767018
5192	0.1359717984
5193	0.1359638074
5194	0.1359575826
5195	0.1359548515
5196	0.1359508387
5197	0.1359453464
5198	0.1359396439
5199	0.135935442
5200	0.1359307119
5201	0.1359245446
5202	0.1359201006
5203	0.135907833
5204	0.1359030888
5205	0.1358996363
5206	0.1358938615
5207	0.135892506
5208	0.1358798174
5209	0.1358736188
5210	0.1358682615
5211	0.1358635618
5212	0.1358567855
5213	0.1358557375
5214	0.1358532011
5215	0.135846401
5216	0.1358402301
5217	0.1358359667
5218	0.1358269144
5219	0.1358187846
5220	0.1358122911
5221	0.1358062943
5222	0.1358044295
5223	0.1358019477
5224	0.135795591
5225	0.1357905597
5226	0.1357841374
5227	0.1357746969
5228	0.1357730285
5229	0.1357643957
5230	0.1357551376
5231	0.1357493041
5232	0.1357482318
5233	0.1357447849
5234	0.1357368029
5235	0.1357238484
5236	0.135718398
5237	0.1357168015
5238	0.1357104128
5239	0.1357066484
5240	0.1357050195
5241	0.135693849
5242	0.1356850338
5243	0.1356775024
5244	0.1356708195
5245	0.1356658575
5246	0.1356559557
5247	0.1356515076
5248	0.1356468606
5249	0.1356375687
5250	0.1356281926
5251	0.1356264598
5252	0.1356226192
5253	0.1356176798
5254	0.1356049994
5255	0.1356016788
5256	0.1355953044
5257	0.1355867726
5258	0.1355844493
5259	0.1355819293
5260	0.1355701982
5261	0.1355635353
5262	0.1355587746
5263	0.1355512841
5264	0.1355421759
5265	0.1355406416
5266	0.1355376136
5267	0.1355359725
5268	0.1355342632
5269	0.1355316477
5270	0.135523797
5271	0.13551453
5272	0.1355066136
5273	0.1354993619
5274	0.1354956365
5275	0.1354858258
5276	0.1354836101
5277	0.1354809894
5278	0.1354790067
5279	0.1354763029
5280	0.1354717025
5281	0.1354660052
5282	0.1354641378
5283	0.1354577042
5284	0.1354533132
5285	0.1354499783
5286	0.135446263
5287	0.135438589
5288	0.1354342421
5289	0.1354282944
5290	0.1354251384
5291	0.1354104358
5292	0.1354033466
5293	0.1353986008
5294	0.1353917187
5295	0.1353884753
5296	0.135387817
5297	0.135379125
5298	0.1353768435
5299	0.1353701399
5300	0.1353604567
5301	0.1353567099
5302	0.1353542042
5303	0.1353387171
5304	0.1353353978
5305	0.1353248327
5306	0.1353174669
5307	0.1353120104
5308	0.1353031405
5309	0.135294699
5310	0.1352890381
5311	0.1352795347
5312	0.1352779543
5313	0.1352761211
5314	0.1352696822
5315	0.1352655548
5316	0.1352581989
5317	0.1352534812
5318	0.1352433394
5319	0.1352388629
5320	0.1352320645
5321	0.1352218376
5322	0.1352165438
5323	0.1352156524
5324	0.1352087019
5325	0.1352053514
5326	0.1351978895
5327	0.1351951787
5328	0.135192501
5329	0.1351858742
5330	0.1351787503
5331	0.135172913
5332	0.1351673705
5333	0.1351645279
5334	0.135158338
5335	0.1351571936
5336	0.1351509043
5337	0.1351402218
5338	0.1351326777
5339	0.1351303274
5340	0.1351248725
5341	0.1351199634
5342	0.1351134085
5343	0.1351079402
5344	0.1351022912
5345	0.1350985747
5346	0.1350907116
5347	0.135083334
5348	0.1350779463
5349	0.1350642878
5350	0.1350556774
5351	0.1350543476
5352	0.1350501148
5353	0.1350462704
5354	0.1350392957
5355	0.1350293653
5356	0.1350198764
5357	0.1350158843
5358	0.1350122489
5359	0.1350065115
5360	0.1350010805
5361	0.134991735
5362	0.1349874245
5363	0.1349752677
5364	0.1349699893
5365	0.1349616301
5366	0.134952446
5367	0.1349409743
5368	0.1349358279
5369	0.1349317482
5370	0.134922467
5371	0.1349154694
5372	0.1349113783
5373	0.1349035715
5374	0.1348964192
5375	0.1348862601
5376	0.1348800765
5377	0.134870023
5378	0.1348637769
5379	0.1348582491
5380	0.1348464755
5381	0.1348376594
5382	0.134833227
5383	0.1348214166
5384	0.1348191264
5385	0.1348140743
5386	0.1348103654
5387	0.1348080226
5388	0.1348055622
5389	0.1348028855
5390	0.134796375
5391	0.1347925807
5392	0.1347879649
5393	0.1347809695
5394	0.1347751548
5395	0.1347657506
5396	0.1347569233
5397	0.1347469952
5398	0.1347369099
5399	0.1347326447
5400	0.1347289798
5401	0.1347250535
5402	0.1347222227
5403	0.1347145145
5404	0.1347075067
5405	0.1347020052
5406	0.1346935863
5407	0.134686243
5408	0.1346843473
5409	0.1346829179
5410	0.134672425
5411	0.1346679913
5412	0.1346650619
5413	0.1346603997
5414	0.1346496249
5415	0.1346449842
5416	0.1346375507
5417	0.1346316575
5418	0.1346276784
5419	0.1346256474
5420	0.1346188249
5421	0.1346114154
5422	0.1346099492
5423	0.1346004199
5424	0.1345983376
5425	0.1345960339
5426	0.1345923012
5427	0.1345913166
5428	0.134586453
5429	0.1345797646
5430	0.1345704946
5431	0.1345667459
5432	0.1345608738
5433	0.1345526702
5434	0.1345493337
5435	0.1345447561
5436	0.1345402041
5437	0.1345377727
5438	0.1345369629
5439	0.1345259676
5440	0.1345143573
5441	0.1345110789
5442	0.1345045868
5443	0.1344929346
5444	0.1344882541
5445	0.1344842503
5446	0.1344809627
5447	0.1344737187
5448	0.1344704922
5449	0.1344681848
5450	0.1344612526
5451	0.1344578395
5452	0.1344558978
5453	0.134453538
5454	0.1344490134
5455	0.1344444162
5456	0.1344359933
5457	0.1344323255
5458	0.1344278546
5459	0.1344250717
5460	0.1344158002
5461	0.1344122372
5462	0.1344076217
5463	0.1344002623
5464	0.1343938883
5465	0.1343911518
5466	0.1343898067
5467	0.1343886822
5468	0.1343828879
5469	0.1343793289
5470	0.1343691953
5471	0.1343660386
5472	0.1343651682
5473	0.1343624111
5474	0.1343551077
5475	0.1343487566
5476	0.1343475389
5477	0.1343444686
5478	0.1343362461
5479	0.1343298286
5480	0.1343251135
5481	0.134319828
5482	0.1343127094
5483	0.1343099149
5484	0.1343070496
5485	0.1343034974
5486	0.1342980381
5487	0.1342955105
5488	0.134289764
5489	0.1342842766
5490	0.1342742244
5491	0.134267713
5492	0.1342654738
5493	0.1342612658
5494	0.1342484605
5495	0.1342459742
5496	0.1342428678
5497	0.1342402099
5498	0.1342335223
5499	0.1342287367
5500	0.1342214537
5501	0.1342131465
5502	0.1342044846
5503	0.1342015686
5504	0.1341960963
5505	0.1341888156
5506	0.134179322
5507	0.1341728545
5508	0.1341631268
5509	0.1341575164
5510	0.1341551164
5511	0.1341527336
5512	0.1341470466
5513	0.134140137
5514	0.1341328437
5515	0.134129113
5516	0.1341249424
5517	0.134121008
5518	0.1341065682
5519	0.1340974715
5520	0.1340941161
5521	0.1340848879
5522	0.1340763075
5523	0.1340682726
5524	0.134059617
5525	0.134057292
5526	0.1340453854
5527	0.1340315473
5528	0.1340287461
5529	0.1340241048
5530	0.13401863
5531	0.1340085175
5532	0.1340047331
5533	0.1339996614
5534	0.1339927622
5535	0.1339918768
5536	0.1339795833
5537	0.1339762301
5538	0.1339667047
5539	0.1339621671
5540	0.1339533374
5541	0.1339513724
5542	0.1339439916
5543	0.1339371752
5544	0.1339320169
5545	0.1339256513
5546	0.1339193045
5547	0.1339138675
5548	0.1339108557
5549	0.1339064323
5550	0.1339019529
5551	0.1338946324
5552	0.1338903719
5553	0.133887444
5554	0.133885399
5555	0.1338788558
5556	0.1338723922
5557	0.1338679073
5558	0.1338589059
5559	0.1338516852
5560	0.1338457289
5561	0.1338356519
5562	0.1338315876
5563	0.1338254282
5564	0.1338219014
5565	0.1338175705
5566	0.1338142831
5567	0.133803157
5568	0.1337988754
5569	0.1337905353
5570	0.1337871773
5571	0.1337833439
5572	0.1337800162
5573	0.1337779408
5574	0.1337717507
5575	0.1337645067
5576	0.1337573877
5577	0.1337498781
5578	0.1337394124
5579	0.1337323878
5580	0.1337282127
5581	0.1337200689
5582	0.1337167213
5583	0.1337126159
5584	0.133710708
5585	0.1337074991
5586	0.133699249
5587	0.133695605
5588	0.1336846078
5589	0.1336828653
5590	0.1336793617
5591	0.1336755876
5592	0.1336729364
5593	0.1336691902
5594	0.1336624161
5595	0.1336585152
5596	0.13365082
5597	0.1336489072
5598	0.1336406797
5599	0.1336311372
5600	0.1336269345
5601	0.1336204221
5602	0.1336098943
5603	0.1336018812
5604	0.1335995078
5605	0.1335905645
5606	0.1335826631
5607	0.1335813914
5608	0.1335766848
5609	0.1335744122
5610	0.1335693206
5611	0.1335636326
5612	0.1335594451
5613	0.1335558524
5614	0.1335520742
5615	0.1335472313
5616	0.1335405955
5617	0.1335359949
5618	0.1335326934
5619	0.1335319563
5620	0.1335256816
5621	0.1335179726
5622	0.1335149854
5623	0.1335058952
5624	0.1334958011
5625	0.1334929318
5626	0.1334854269
5627	0.1334819282
5628	0.1334777622
5629	0.1334715219
5630	0.1334684027
5631	0.1334609522
5632	0.1334500941
5633	0.1334410481
5634	0.1334378241
5635	0.1334320892
5636	0.1334287168
5637	0.1334263916
5638	0.1334238528
5639	0.1334167712
5640	0.1334153516
5641	0.1334145048
5642	0.1334071315
5643	0.1333997285
5644	0.1333900505
5645	0.1333880806
5646	0.1333848657
5647	0.133382241
5648	0.1333734746
5649	0.1333683846
5650	0.1333659895
5651	0.1333628046
5652	0.133352341
5653	0.1333490072
5654	0.1333445524
5655	0.1333408902
5656	0.1333356292
5657	0.1333288889
5658	0.133323366
5659	0.133316188
5660	0.1333141062
5661	0.1333098498
5662	0.1333044491
5663	0.1332973129
5664	0.133295639
5665	0.1332880438
5666	0.1332833343
5667	0.1332771321
5668	0.1332676747
5669	0.1332633544
5670	0.1332577854
5671	0.1332548594
5672	0.1332444014
5673	0.1332376742
5674	0.1332313447
5675	0.1332244662
5676	0.1332208872
5677	0.1332173705
5678	0.1332108201
5679	0.1332017414
5680	0.1331960051
5681	0.1331840002
5682	0.1331805398
5683	0.1331763289
5684	0.1331735049
5685	0.1331655597
5686	0.1331606931
5687	0.1331497614
5688	0.1331459703
5689	0.1331432563
5690	0.1331407284
5691	0.1331357385
5692	0.133128251
5693	0.1331218551
5694	0.1331169255
5695	0.1331079562
5696	0.1331012099
5697	0.133099474
5698	0.1330909113
5699	0.1330861662
5700	0.1330770048
5701	0.1330687743
5702	0.1330639938
5703	0.1330600059
5704	0.1330566607
5705	0.1330536151
5706	0.1330494955
5707	0.1330454572
5708	0.1330387913
5709	0.1330363554
5710	0.1330316217
5711	0.133027257
5712	0.1330234337
5713	0.1330201968
5714	0.1330157811
5715	0.1330118329
5716	0.1329991378
5717	0.132988419
5718	0.1329737051
5719	0.132970619
5720	0.1329660386
5721	0.1329627666
5722	0.1329576952
5723	0.1329473526
5724	0.1329396774
5725	0.1329344646
5726	0.1329265136
5727	0.1329208559
5728	0.1329133072
5729	0.1329004879
5730	0.1328918105
5731	0.1328864813
5732	0.132879098
5733	0.1328734319
5734	0.1328690956
5735	0.1328634928
5736	0.1328598142
5737	0.1328501975
5738	0.1328477281
5739	0.1328435643
5740	0.1328331157
5741	0.1328267656
5742	0.1328215778
5743	0.1328127204
5744	0.1328044555
5745	0.1328004368
5746	0.1327978222
5747	0.1327920397
5748	0.1327892779
5749	0.1327790097
5750	0.1327735466
5751	0.1327685623
5752	0.1327611964
5753	0.1327585026
5754	0.1327536349
5755	0.1327497747
5756	0.1327468357
5757	0.1327411975
5758	0.1327319557
5759	0.1327279279
5760	0.132723057
5761	0.1327182169
5762	0.1327090024
5763	0.1327044468
5764	0.1327029137
5765	0.1326993499
5766	0.1326943768
5767	0.1326842353
5768	0.1326800234
5769	0.1326772631
5770	0.1326745207
5771	0.1326619095
5772	0.1326613159
5773	0.1326581951
5774	0.1326567238
5775	0.1326461994
5776	0.1326388648
5777	0.1326336168
5778	0.1326290201
5779	0.1326240026
5780	0.1326165211
5781	0.1326078475
5782	0.1326046255
5783	0.1325992724
5784	0.1325922707
5785	0.1325894603
5786	0.1325869812
5787	0.1325768594
5788	0.1325728892
5789	0.132567642
5790	0.132563099
5791	0.1325577053
5792	0.132555266
5793	0.1325544925
5794	0.1325491492
5795	0.1325475882
5796	0.1325406518
5797	0.1325327003
5798	0.1325264007
5799	0.1325177213
5800	0.1325132928
5801	0.1325131528
5802	0.1325113352
5803	0.1325080176
5804	0.1325036169
5805	0.1325003399
5806	0.1324936734
5807	0.1324889123
5808	0.1324798507
5809	0.1324778769
5810	0.132473035
5811	0.1324701941
5812	0.1324676592
5813	0.1324585048
5814	0.1324529344
5815	0.132449665
5816	0.1324431451
5817	0.1324402858
5818	0.132432781
5819	0.1324239883
5820	0.1324204011
5821	0.1324115269
5822	0.1324108079
5823	0.1324056217
5824	0.1324013896
5825	0.1323957286
5826	0.1323935954
5827	0.1323908103
5828	0.1323799149
5829	0.1323730183
5830	0.1323682811
5831	0.1323599837
5832	0.1323548155
5833	0.1323447082
5834	0.1323430007
5835	0.1323342995
5836	0.1323296811
5837	0.1323274034
5838	0.1323272743
5839	0.1323207357
5840	0.132318007
5841	0.1323155602
5842	0.1323146072
5843	0.1323117491
5844	0.1323079033
5845	0.1323025767
5846	0.1322963126
5847	0.1322890897
5848	0.1322841887
5849	0.1322790937
5850	0.1322748401
5851	0.1322684516
5852	0.1322672856
5853	0.1322567385
5854	0.1322539096
5855	0.1322515166
5856	0.1322461272
5857	0.1322413223
5858	0.1322352294
5859	0.1322345473
5860	0.1322286588
5861	0.1322174366
5862	0.1322142225
5863	0.132207313
5864	0.1322053494
5865	0.1322037116
5866	0.1321975935
5867	0.1321951958
5868	0.1321911253
5869	0.1321877856
5870	0.1321815176
5871	0.1321767952
5872	0.1321683038
5873	0.1321591165
5874	0.1321523122
5875	0.1321499551
5876	0.1321359424
5877	0.1321329884
5878	0.1321298334
5879	0.1321232784
5880	0.1321160224
5881	0.132113677
5882	0.1320989456
5883	0.132093533
5884	0.1320926125
5885	0.1320895859
5886	0.1320866796
5887	0.13208396
5888	0.1320810022
5889	0.1320766271
5890	0.1320637602
5891	0.1320552544
5892	0.1320527608
5893	0.1320515573
5894	0.1320453854
5895	0.1320394632
5896	0.1320300444
5897	0.1320246976
5898	0.132016378
5899	0.1320045643
5900	0.1319984499
5901	0.1319920356
5902	0.1319804338
5903	0.1319741245
5904	0.1319723203
5905	0.1319673612
5906	0.1319565018
5907	0.131950565
5908	0.1319482694
5909	0.1319434909
5910	0.1319396274
5911	0.1319357683
5912	0.13193512
5913	0.1319316813
5914	0.1319282476
5915	0.1319216697
5916	0.1319150598
5917	0.1319139113
5918	0.1319097407
5919	0.1319010692
5920	0.1318952982
5921	0.1318862044
5922	0.1318821056
5923	0.1318805592
5924	0.131874144
5925	0.1318710384
5926	0.1318705727
5927	0.1318639038
5928	0.1318571033
5929	0.1318427266
5930	0.1318358097
5931	0.131834549
5932	0.1318285158
5933	0.1318242685
5934	0.1318188141
5935	0.1318135989
5936	0.1318103385
5937	0.1318073898
5938	0.1317989509
5939	0.1317978772
5940	0.1317900254
5941	0.131787061
5942	0.131780281
5943	0.1317778347
5944	0.1317759107
5945	0.1317687554
5946	0.1317641325
5947	0.1317579647
5948	0.131753037
5949	0.1317486334
5950	0.1317435179
5951	0.1317341163
5952	0.1317323818
5953	0.1317298234
5954	0.1317260988
5955	0.1317172932
5956	0.1317102794
5957	0.1317065733
5958	0.1316945207
5959	0.1316889808
5960	0.1316824496
5961	0.1316769118
5962	0.131674839
5963	0.1316707361
5964	0.131667852
5965	0.1316662232
5966	0.1316592627
5967	0.1316470267
5968	0.1316428801
5969	0.1316385649
5970	0.1316376758
5971	0.1316281611
5972	0.1316231372
5973	0.1316183932
5974	0.1316142574
5975	0.1316106578
5976	0.1316044629
5977	0.1315991809
5978	0.1315885137
5979	0.1315844867
5980	0.1315779285
5981	0.1315702943
5982	0.1315660657
5983	0.1315583426
5984	0.131550848
5985	0.1315422789
5986	0.1315376608
5987	0.1315332237
5988	0.1315263802
5989	0.1315245276
5990	0.1315149649
5991	0.1315111608
5992	0.131504762
5993	0.1314975721
5994	0.1314941419
5995	0.1314908592
5996	0.1314797162
5997	0.1314762825
5998	0.1314705962
5999	0.1314680224
6000	0.1314578111
6001	0.131449979
6002	0.1314464309
6003	0.1314436402
6004	0.1314391749
6005	0.1314349935
6006	0.1314302184
6007	0.131418696
6008	0.1314143288
6009	0.1314001234
6010	0.1313970346
6011	0.131394445
6012	0.1313838679
6013	0.1313809299
6014	0.1313718664
6015	0.1313669925
6016	0.1313603724
6017	0.1313591576
6018	0.1313582601
6019	0.1313528491
6020	0.1313481868
6021	0.1313474945
6022	0.1313443596
6023	0.1313361136
6024	0.1313304112
6025	0.1313250944
6026	0.1313215522
6027	0.1313215309
6028	0.1313192919
6029	0.131310104
6030	0.1313027603
6031	0.1312842908
6032	0.1312810182
6033	0.1312762526
6034	0.1312665013
6035	0.1312591113
6036	0.131252577
6037	0.1312509978
6038	0.1312420101
6039	0.1312379939
6040	0.1312299107
6041	0.1312276525
6042	0.1312218605
6043	0.1312094547
6044	0.1312073226
6045	0.13120051
6046	0.1311963045
6047	0.1311935606
6048	0.1311886482
6049	0.1311822737
6050	0.1311733427
6051	0.1311658643
6052	0.1311601183
6053	0.1311535379
6054	0.1311505347
6055	0.1311488806
6056	0.1311377684
6057	0.1311358242
6058	0.1311283734
6059	0.1311241649
6060	0.1311146636
6061	0.131110758
6062	0.1311094684
6063	0.13110265
6064	0.13109766
6065	0.1310898886
6066	0.1310861018
6067	0.1310811671
6068	0.1310743186
6069	0.1310700326
6070	0.1310649214
6071	0.1310615675
6072	0.1310604344
6073	0.1310582103
6074	0.131052903
6075	0.1310481044
6076	0.1310448371
6077	0.1310383501
6078	0.1310356919
6079	0.1310279488
6080	0.1310194125
6081	0.1310146595
6082	0.1310087973
6083	0.1310074906
6084	0.1310057804
6085	0.1310006689
6086	0.1309962417
6087	0.1309897138
6088	0.1309836741
6089	0.1309826085
6090	0.130978579
6091	0.130973594
6092	0.1309639787
6093	0.130959762
6094	0.1309561159
6095	0.130953023
6096	0.1309494662
6097	0.1309371905
6098	0.1309321239
6099	0.1309260242
6100	0.1309216007
6101	0.1309135333
6102	0.130908644
6103	0.1309033957
6104	0.1308975257
6105	0.1308884934
6106	0.1308774778
6107	0.1308710559
6108	0.1308610732
6109	0.1308566724
6110	0.1308417067
6111	0.1308358057
6112	0.1308297043
6113	0.1308259259
6114	0.1308215671
6115	0.130817056
6116	0.130811766
6117	0.130805903
6118	0.1308034769
6119	0.130795018
6120	0.130779263
6121	0.1307701853
6122	0.130766586
6123	0.1307632736
6124	0.1307566084
6125	0.1307441032
6126	0.1307343072
6127	0.130727555
6128	0.1307217232
6129	0.130719059
6130	0.1307138621
6131	0.1307083992
6132	0.1307065255
6133	0.1306941627
6134	0.130688627
6135	0.1306817542
6136	0.1306732186
6137	0.1306705498
6138	0.1306588446
6139	0.130652398
6140	0.1306485021
6141	0.1306438335
6142	0.1306383618
6143	0.1306342281
6144	0.1306339241
6145	0.1306297069
6146	0.1306270023
6147	0.1306208553
6148	0.1306174471
6149	0.130610657
6150	0.1306044811
6151	0.1306017668
6152	0.1305996631
6153	0.1305959046
6154	0.1305889083
6155	0.1305834423
6156	0.1305780493
6157	0.1305757277
6158	0.1305692243
6159	0.1305683715
6160	0.1305638891
6161	0.1305566588
6162	0.1305538552
6163	0.130549691
6164	0.1305457747
6165	0.1305414758
6166	0.1305297994
6167	0.130525576
6168	0.1305202133
6169	0.1305195547
6170	0.1305136545
6171	0.1305093495
6172	0.130500661
6173	0.1304907316
6174	0.1304879053
6175	0.1304814736
6176	0.1304770567
6177	0.1304751244
6178	0.1304709151
6179	0.130466594
6180	0.1304635289
6181	0.130459841
6182	0.130454864
6183	0.1304521865
6184	0.1304462363
6185	0.1304437401
6186	0.1304408545
6187	0.130436384
6188	0.1304330079
6189	0.1304320583
6190	0.1304192747
6191	0.1304129616
6192	0.1304048131
6193	0.1303985094
6194	0.130393859
6195	0.1303880751
6196	0.1303831268
6197	0.1303787812
6198	0.1303771814
6199	0.130368518
6200	0.1303623058
6201	0.130359454
6202	0.1303515201
6203	0.1303453396
6204	0.1303407624
6205	0.130329496
6206	0.1303282298
6207	0.1303190489
6208	0.1303150645
6209	0.1303088425
6210	0.1303030715
6211	0.1302986193
6212	0.1302961751
6213	0.1302896369
6214	0.1302842646
6215	0.1302804684
6216	0.1302772835
6217	0.1302745068
6218	0.1302672536
6219	0.1302626899
6220	0.1302592415
6221	0.1302547957
6222	0.1302497556
6223	0.1302445753
6224	0.1302389027
6225	0.1302337294
6226	0.1302257701
6227	0.1302179376
6228	0.1302114622
6229	0.1302092085
6230	0.1302045043
6231	0.130189748
6232	0.1301851094
6233	0.1301750426
6234	0.130168636
6235	0.1301665932
6236	0.1301642724
6237	0.130157115
6238	0.130152947
6239	0.1301500364
6240	0.1301395996
6241	0.1301348059
6242	0.1301320063
6243	0.1301213231
6244	0.1301123774
6245	0.1301079214
6246	0.1300998884
6247	0.1300973506
6248	0.1300875574
6249	0.1300799841
6250	0.1300731194
6251	0.1300649139
6252	0.1300552169
6253	0.1300492735
6254	0.1300377874
6255	0.1300350913
6256	0.1300303844
6257	0.1300246057
6258	0.1300216704
6259	0.1300174167
6260	0.1300162756
6261	0.1300154462
6262	0.1300082907
6263	0.1300022831
6264	0.1299963281
6265	0.1299891824
6266	0.1299804501
6267	0.1299751972
6268	0.1299713745
6269	0.1299627732
6270	0.1299606653
6271	0.1299583785
6272	0.1299551836
6273	0.1299537558
6274	0.12994167
6275	0.1299370881
6276	0.1299336393
6277	0.1299301565
6278	0.1299246115
6279	0.1299179869
6280	0.1299144402
6281	0.1299059984
6282	0.1299020501
6283	0.1299001055
6284	0.1298971388
6285	0.1298930596
6286	0.1298913208
6287	0.1298881419
6288	0.1298857483
6289	0.1298807997
6290	0.1298782246
6291	0.1298705516
6292	0.1298671538
6293	0.1298615496
6294	0.1298570944
6295	0.1298456901
6296	0.1298420856
6297	0.1298301522
6298	0.1298289053
6299	0.1298262487
6300	0.1298240125
6301	0.1298225533
6302	0.1298191539
6303	0.1298066536
6304	0.1298011374
6305	0.1297967633
6306	0.1297867635
6307	0.1297756925
6308	0.1297724164
6309	0.1297655026
6310	0.1297518849
6311	0.1297501871
6312	0.1297474761
6313	0.1297376833
6314	0.1297351799
6315	0.1297335
6316	0.129725073
6317	0.1297202515
6318	0.1297168295
6319	0.1297145405
6320	0.1297115032
6321	0.1297045906
6322	0.1296960562
6323	0.1296889789
6324	0.1296851483
6325	0.1296818529
6326	0.1296798153
6327	0.1296764737
6328	0.1296675432
6329	0.1296606295
6330	0.1296555522
6331	0.1296463002
6332	0.1296440677
6333	0.1296369268
6334	0.1296344912
6335	0.1296310942
6336	0.129625277
6337	0.1296215021
6338	0.1296178937
6339	0.1296112701
6340	0.1296045673
6341	0.1295970267
6342	0.1295909822
6343	0.1295882029
6344	0.1295823464
6345	0.129576151
6346	0.1295750289
6347	0.1295702716
6348	0.1295627336
6349	0.129558345
6350	0.1295486077
6351	0.1295385525
6352	0.1295327689
6353	0.1295272014
6354	0.1295219206
6355	0.1295173741
6356	0.1295101921
6357	0.1295043682
6358	0.1295013662
6359	0.1294986688
6360	0.1294915924
6361	0.1294859952
6362	0.1294796007
6363	0.1294754615
6364	0.129465249
6365	0.1294578178
6366	0.1294554577
6367	0.1294473722
6368	0.1294436271
6369	0.1294420583
6370	0.1294365443
6371	0.1294336947
6372	0.1294284095
6373	0.12942653
6374	0.1294226115
6375	0.1294167461
6376	0.1294147418
6377	0.1294075515
6378	0.1294030437
6379	0.1293991095
6380	0.1293943524
6381	0.12938953
6382	0.1293847004
6383	0.1293798675
6384	0.1293737226
6385	0.1293655154
6386	0.1293582986
6387	0.1293558967
6388	0.1293546091
6389	0.1293516246
6390	0.1293485283
6391	0.1293476152
6392	0.1293405979
6393	0.1293326693
6394	0.1293284902
6395	0.1293257923
6396	0.1293226264
6397	0.1293147529
6398	0.1293048806
6399	0.1292991821
6400	0.1292931788
6401	0.1292879314
6402	0.1292830339
6403	0.1292804958
6404	0.1292740522
6405	0.1292698186
6406	0.1292674585
6407	0.1292607396
6408	0.1292514868
6409	0.1292455128
6410	0.129240547
6411	0.129236842
6412	0.1292333754
6413	0.129224063
6414	0.1292147787
6415	0.1292122707
6416	0.1292032174
6417	0.1291983632
6418	0.1291948534
6419	0.1291923705
6420	0.1291815634
6421	0.1291731397
6422	0.1291698616
6423	0.1291659614
6424	0.1291573402
6425	0.1291506451
6426	0.1291408731
6427	0.1291368113
6428	0.1291329259
6429	0.1291286393
6430	0.1291257122
6431	0.1291242903
6432	0.1291239507
6433	0.1291178059
6434	0.1291093244
6435	0.129103869
6436	0.1290982382
6437	0.1290953556
6438	0.1290890373
6439	0.1290863677
6440	0.1290742
6441	0.1290673279
6442	0.12906174
6443	0.1290507808
6444	0.1290409173
6445	0.1290293775
6446	0.1290208204
6447	0.1290162198
6448	0.1290126462
6449	0.1290075267
6450	0.1289995832
6451	0.1289957706
6452	0.128988682
6453	0.1289859579
6454	0.1289821665
6455	0.1289757731
6456	0.12896628
6457	0.1289630908
6458	0.1289602907
6459	0.128957592
6460	0.1289525862
6461	0.1289486277
6462	0.1289399847
6463	0.1289333637
6464	0.1289309431
6465	0.128930119
6466	0.1289246683
6467	0.1289216419
6468	0.1289171218
6469	0.1289103364
6470	0.128898648
6471	0.1288933851
6472	0.1288876698
6473	0.1288789236
6474	0.1288668046
6475	0.1288633068
6476	0.1288582355
6477	0.1288541642
6478	0.1288501861
6479	0.1288469318
6480	0.1288362814
6481	0.128832213
6482	0.1288290867
6483	0.128825685
6484	0.1288223613
6485	0.1288199249
6486	0.1288161614
6487	0.1288127565
6488	0.128808608
6489	0.1288034557
6490	0.1287944622
6491	0.1287862376
6492	0.128780745
6493	0.1287807089
6494	0.1287758919
6495	0.1287723161
6496	0.128769011
6497	0.1287665929
6498	0.128764426
6499	0.128753326
6500	0.1287487156
6501	0.1287464326
6502	0.1287362581
6503	0.1287328673
6504	0.1287272802
6505	0.1287211722
6506	0.128715858
6507	0.1287121628
6508	0.1287107719
6509	0.1286967192
6510	0.1286928466
6511	0.1286861291
6512	0.1286794726
6513	0.1286759739
6514	0.1286715555
6515	0.1286596278
6516	0.1286521472
6517	0.128642541
6518	0.1286360118
6519	0.1286342586
6520	0.1286300253
6521	0.1286241835
6522	0.1286127974
6523	0.1286099317
6524	0.1286053673
6525	0.1286034461
6526	0.1285985401
6527	0.1285964785
6528	0.1285882076
6529	0.1285864532
6530	0.1285745684
6531	0.1285658469
6532	0.1285597747
6533	0.1285578247
6534	0.1285549616
6535	0.1285506988
6536	0.1285438478
6537	0.1285379158
6538	0.1285348668
6539	0.1285346359
6540	0.1285296432
6541	0.1285265863
6542	0.1285198848
6543	0.1285114018
6544	0.1285057599
6545	0.1285024434
6546	0.1284940406
6547	0.1284880013
6548	0.1284811968
6549	0.128478157
6550	0.1284737371
6551	0.1284714494
6552	0.128463406
6553	0.1284576985
6554	0.128451875
6555	0.1284423633
6556	0.1284364976
6557	0.1284268236
6558	0.1284185554
6559	0.12841399
6560	0.1284108377
6561	0.1284028355
6562	0.1284000126
6563	0.1283929542
6564	0.1283836906
6565	0.1283804784
6566	0.1283762882
6567	0.1283721624
6568	0.128369646
6569	0.1283652422
6570	0.1283565333
6571	0.1283531559
6572	0.1283502886
6573	0.1283470352
6574	0.1283368605
6575	0.1283339632
6576	0.1283303909
6577	0.1283273344
6578	0.1283256065
6579	0.1283176026
6580	0.1283142112
6581	0.1283101389
6582	0.1283079055
6583	0.1283027179
6584	0.1282945354
6585	0.1282881595
6586	0.1282865851
6587	0.1282829487
6588	0.1282778819
6589	0.1282728485
6590	0.1282677554
6591	0.1282624736
6592	0.1282564965
6593	0.1282493776
6594	0.1282454461
6595	0.1282454273
6596	0.1282392289
6597	0.1282363618
6598	0.1282339205
6599	0.1282305148
6600	0.1282258658
6601	0.1282241527
6602	0.1282164591
6603	0.1282098072
6604	0.1282055658
6605	0.1282009192
6606	0.1281982538
6607	0.1281876264
6608	0.1281811273
6609	0.1281742168
6610	0.128168336
6611	0.1281670628
6612	0.1281640161
6613	0.1281566432
6614	0.1281545168
6615	0.1281504923
6616	0.1281460155
6617	0.1281385384
6618	0.1281384153
6619	0.1281324748
6620	0.1281248805
6621	0.1281182454
6622	0.1281129041
6623	0.1281128169
6624	0.1281100132
6625	0.1281026214
6626	0.1280999283
6627	0.1280989827
6628	0.128095051
6629	0.1280871569
6630	0.1280837693
6631	0.1280822019
6632	0.1280778544
6633	0.1280728022
6634	0.1280678563
6635	0.1280643531
6636	0.1280611672
6637	0.1280548656
6638	0.1280528561
6639	0.1280444842
6640	0.1280398484
6641	0.1280351272
6642	0.1280308884
6643	0.128023221
6644	0.128018393
6645	0.128013528
6646	0.1280048975
6647	0.1280016956
6648	0.1279957072
6649	0.1279908877
6650	0.1279820008
6651	0.1279792977
6652	0.1279778634
6653	0.1279741074
6654	0.1279707085
6655	0.1279613878
6656	0.1279539004
6657	0.1279493311
6658	0.1279401998
6659	0.1279361889
6660	0.1279291481
6661	0.1279249234
6662	0.1279219682
6663	0.1279186839
6664	0.1279126537
6665	0.1279112416
6666	0.1279027304
6667	0.1278949519
6668	0.1278910377
6669	0.1278909857
6670	0.1278812812
6671	0.1278723766
6672	0.1278618201
6673	0.1278582691
6674	0.12785235
6675	0.1278465345
6676	0.1278412552
6677	0.1278399309
6678	0.1278350389
6679	0.1278321318
6680	0.127822207
6681	0.1278133597
6682	0.1278106213
6683	0.1278039344
6684	0.1277941174
6685	0.1277870306
6686	0.1277843684
6687	0.1277804574
6688	0.1277771436
6689	0.1277753857
6690	0.1277708051
6691	0.1277631472
6692	0.1277624803
6693	0.1277527812
6694	0.1277426399
6695	0.1277378081
6696	0.1277365791
6697	0.1277364703
6698	0.1277332507
6699	0.1277264688
6700	0.1277192864
6701	0.1277106387
6702	0.1277063151
6703	0.1277023629
6704	0.1277023052
6705	0.1277007646
6706	0.1276945827
6707	0.127691834
6708	0.1276836084
6709	0.1276804372
6710	0.1276803883
6711	0.1276751348
6712	0.1276717922
6713	0.1276700252
6714	0.127668426
6715	0.1276618621
6716	0.1276571315
6717	0.1276553579
6718	0.127650828
6719	0.1276447733
6720	0.1276421187
6721	0.1276420192
6722	0.1276419594
6723	0.1276383472
6724	0.127635946
6725	0.127632661
6726	0.1276230557
6727	0.1276203226
6728	0.1276164687
6729	0.1276138124
6730	0.1276068813
6731	0.1275978541
6732	0.127597818
6733	0.1275908364
6734	0.1275858603
6735	0.1275803933
6736	0.1275751833
6737	0.1275678577
6738	0.1275654485
6739	0.1275602081
6740	0.1275601714
6741	0.1275558168
6742	0.1275542547
6743	0.127550726
6744	0.1275452721
6745	0.1275390286
6746	0.1275362384
6747	0.127533234
6748	0.1275293867
6749	0.1275246633
6750	0.1275217679
6751	0.1275184036
6752	0.1275068939
6753	0.127502931
6754	0.1274950963
6755	0.1274890329
6756	0.1274869451
6757	0.1274845377
6758	0.1274758582
6759	0.1274750945
6760	0.1274704275
6761	0.127464356
6762	0.1274631876
6763	0.1274613666
6764	0.1274535416
6765	0.1274511303
6766	0.1274441708
6767	0.1274416782
6768	0.127438223
6769	0.1274338738
6770	0.1274302851
6771	0.1274243518
6772	0.1274207188
6773	0.1274173937
6774	0.1274154841
6775	0.1274144572
6776	0.1274124891
6777	0.1274059756
6778	0.1273998331
6779	0.1273970874
6780	0.1273906309
6781	0.1273845231
6782	0.1273809312
6783	0.1273740815
6784	0.1273671953
6785	0.1273647805
6786	0.1273609325
6787	0.1273572013
6788	0.1273546241
6789	0.1273493575
6790	0.1273415587
6791	0.1273340711
6792	0.1273281578
6793	0.1273243717
6794	0.127318024
6795	0.1273124257
6796	0.1273028828
6797	0.1272971799
6798	0.1272921826
6799	0.12728546
6800	0.1272850199
6801	0.1272805123
6802	0.1272743838
6803	0.1272714328
6804	0.1272641029
6805	0.1272629781
6806	0.1272600285
6807	0.127254087
6808	0.1272530282
6809	0.1272505512
6810	0.1272473461
6811	0.1272450571
6812	0.1272401416
6813	0.1272285132
6814	0.1272249421
6815	0.127219259
6816	0.1272176044
6817	0.1272122803
6818	0.1272087609
6819	0.1272051699
6820	0.1272017767
6821	0.1271980642
6822	0.1271886424
6823	0.1271856704
6824	0.127181314
6825	0.1271712209
6826	0.1271633434
6827	0.1271543825
6828	0.1271451684
6829	0.1271435186
6830	0.1271430954
6831	0.1271408905
6832	0.1271377096
6833	0.1271347057
6834	0.1271295752
6835	0.1271265831
6836	0.1271235095
6837	0.1271188372
6838	0.1271094819
6839	0.1271076353
6840	0.1271049791
6841	0.1271046509
6842	0.1271030119
6843	0.1270967286
6844	0.1270926207
6845	0.1270891604
6846	0.127086214
6847	0.1270756862
6848	0.1270706204
6849	0.127063171
6850	0.1270547006
6851	0.1270508463
6852	0.1270480524
6853	0.1270455932
6854	0.1270429148
6855	0.1270389874
6856	0.1270361658
6857	0.1270333559
6858	0.1270307254
6859	0.1270282434
6860	0.1270259527
6861	0.1270212335
6862	0.1270133574
6863	0.1270107867
6864	0.1270068844
6865	0.1269967192
6866	0.1269932998
6867	0.1269913168
6868	0.1269832131
6869	0.1269803191
6870	0.1269718838
6871	0.126970338
6872	0.126963724
6873	0.1269590823
6874	0.1269485295
6875	0.126947366
6876	0.1269427482
6877	0.1269385201
6878	0.1269318282
6879	0.1269248231
6880	0.1269200769
6881	0.1269148402
6882	0.1269075998
6883	0.126903145
6884	0.1269006163
6885	0.1269005829
6886	0.1268881697
6887	0.1268812113
6888	0.1268777385
6889	0.1268669411
6890	0.126859344
6891	0.1268541607
6892	0.1268490498
6893	0.1268385825
6894	0.1268345475
6895	0.1268309903
6896	0.1268237673
6897	0.1268207234
6898	0.1268175842
6899	0.126815133
6900	0.1268095075
6901	0.1268014426
6902	0.1267965119
6903	0.126793579
6904	0.126784241
6905	0.1267840414
6906	0.1267836524
6907	0.1267762014
6908	0.1267694304
6909	0.126763907
6910	0.1267607044
6911	0.12675026
6912	0.1267478319
6913	0.1267432419
6914	0.126732376
6915	0.1267268983
6916	0.126723427
6917	0.1267198351
6918	0.1267169462
6919	0.1267149917
6920	0.1267111709
6921	0.1267077713
6922	0.1266969633
6923	0.1266963932
6924	0.1266858875
6925	0.1266858591
6926	0.1266727096
6927	0.1266687987
6928	0.1266645559
6929	0.1266623839
6930	0.1266550002
6931	0.1266491751
6932	0.126644017
6933	0.1266392114
6934	0.1266367709
6935	0.1266203597
6936	0.1266141625
6937	0.1266095082
6938	0.1266088072
6939	0.1266022649
6940	0.1265918054
6941	0.1265830871
6942	0.1265799875
6943	0.1265708901
6944	0.1265693519
6945	0.1265656381
6946	0.1265593246
6947	0.1265533942
6948	0.1265509249
6949	0.126548098
6950	0.1265408095
6951	0.1265382869
6952	0.1265296095
6953	0.126527992
6954	0.126526949
6955	0.1265239614
6956	0.1265187186
6957	0.1265177006
6958	0.1265148228
6959	0.1265091609
6960	0.1265042987
6961	0.1264996017
6962	0.1264948468
6963	0.1264912405
6964	0.1264886453
6965	0.1264858021
6966	0.1264814963
6967	0.1264735231
6968	0.1264722188
6969	0.1264696504
6970	0.1264649134
6971	0.1264624894
6972	0.1264589397
6973	0.1264565126
6974	0.1264469635
6975	0.1264436902
6976	0.1264403067
6977	0.1264325633
6978	0.1264286375
6979	0.1264236911
6980	0.126418707
6981	0.1264152424
6982	0.1264123706
6983	0.1264071429
6984	0.1264037782
6985	0.126399678
6986	0.1263959899
6987	0.1263911672
6988	0.1263811449
6989	0.1263784201
6990	0.1263717712
6991	0.1263654113
6992	0.1263618455
6993	0.1263559884
6994	0.1263468392
6995	0.126343939
6996	0.1263375318
6997	0.1263299193
6998	0.1263249046
6999	0.1263155737
7000	0.1263071
7001	0.1263041751
7002	0.1262993446
7003	0.1262960486
7004	0.1262928285
7005	0.1262864323
7006	0.1262820292
7007	0.1262787921
7008	0.1262764
7009	0.1262710713
7010	0.1262627069
7011	0.1262572393
7012	0.1262530018
7013	0.1262461084
7014	0.1262398399
7015	0.1262312253
7016	0.1262282413
7017	0.1262145857
7018	0.1262078389
7019	0.1262016315
7020	0.1261991318
7021	0.1261923414
7022	0.1261822698
7023	0.1261796178
7024	0.126172846
7025	0.1261697471
7026	0.1261655407
7027	0.1261634421
7028	0.126160452
7029	0.12615424
7030	0.126147928
7031	0.1261371642
7032	0.1261348727
7033	0.1261280558
7034	0.1261238181
7035	0.1261187599
7036	0.1261125005
7037	0.1261063599
7038	0.1260960534
7039	0.1260927687
7040	0.1260809401
7041	0.1260785574
7042	0.1260754948
7043	0.1260720154
7044	0.1260719859
7045	0.1260653637
7046	0.1260598327
7047	0.1260511383
7048	0.1260465978
7049	0.1260435991
7050	0.1260372186
7051	0.126036142
7052	0.1260310352
7053	0.1260289604
7054	0.1260203479
7055	0.1260160059
7056	0.1260111349
7057	0.1260019395
7058	0.1259947317
7059	0.1259916413
7060	0.1259879199
7061	0.1259786588
7062	0.125971471
7063	0.1259713829
7064	0.1259680814
7065	0.12595995
7066	0.1259506856
7067	0.1259488088
7068	0.1259459888
7069	0.1259435514
7070	0.1259408489
7071	0.1259376648
7072	0.1259279521
7073	0.1259235661
7074	0.1259188832
7075	0.1259163684
7076	0.1259113371
7077	0.1259031614
7078	0.1258997057
7079	0.1258938036
7080	0.1258843893
7081	0.1258768158
7082	0.1258745917
7083	0.1258681468
7084	0.1258640274
7085	0.1258609659
7086	0.125854208
7087	0.1258451203
7088	0.125843342
7089	0.1258362588
7090	0.1258349794
7091	0.1258343041
7092	0.125828478
7093	0.1258270014
7094	0.1258207857
7095	0.1258115663
7096	0.1258039277
7097	0.1257988149
7098	0.1257927471
7099	0.1257898529
7100	0.1257874037
7101	0.1257868741
7102	0.1257858543
7103	0.1257777116
7104	0.125765917
7105	0.1257613912
7106	0.1257574623
7107	0.1257519751
7108	0.1257487182
7109	0.1257467785
7110	0.1257453978
7111	0.1257422234
7112	0.1257379105
7113	0.1257345699
7114	0.1257246636
7115	0.1257223648
7116	0.1257153019
7117	0.1257106569
7118	0.1257055753
7119	0.1257010622
7120	0.1256960079
7121	0.1256894503
7122	0.1256845647
7123	0.1256830591
7124	0.1256764378
7125	0.1256747051
7126	0.1256707562
7127	0.1256697382
7128	0.1256692053
7129	0.1256652907
7130	0.1256606054
7131	0.1256548619
7132	0.1256501972
7133	0.1256446026
7134	0.1256412031
7135	0.1256379201
7136	0.1256348766
7137	0.125629402
7138	0.1256224864
7139	0.1256167528
7140	0.1256153411
7141	0.1256086287
7142	0.125600064
7143	0.1255911244
7144	0.1255884859
7145	0.1255844217
7146	0.1255758426
7147	0.1255664844
7148	0.1255599963
7149	0.1255548319
7150	0.1255503386
7151	0.1255481564
7152	0.1255451146
7153	0.1255425909
7154	0.1255346629
7155	0.1255283724
7156	0.1255249805
7157	0.1255177032
7158	0.1255112401
7159	0.1255087509
7160	0.1255044068
7161	0.1255005931
7162	0.1254942143
7163	0.1254891348
7164	0.1254857032
7165	0.1254816614
7166	0.1254745294
7167	0.1254723752
7168	0.1254696396
7169	0.125456481
7170	0.1254538662
7171	0.1254413799
7172	0.1254349005
7173	0.1254285169
7174	0.1254220781
7175	0.1254165827
7176	0.1254085379
7177	0.1254016423
7178	0.1253947742
7179	0.1253873163
7180	0.1253842747
7181	0.1253757023
7182	0.1253718739
7183	0.1253673112
7184	0.125366479
7185	0.125363434
7186	0.1253576426
7187	0.125355006
7188	0.1253517182
7189	0.1253480414
7190	0.1253428414
7191	0.1253349482
7192	0.1253309171
7193	0.125327412
7194	0.1253249452
7195	0.1253219179
7196	0.1253167852
7197	0.1253074315
7198	0.1253024884
7199	0.1252999514
7200	0.1252974425
7201	0.1252911099
7202	0.125280937
7203	0.1252768462
7204	0.1252710975
7205	0.1252673116
7206	0.125265231
7207	0.1252623939
7208	0.1252530479
7209	0.1252505225
7210	0.1252485122
7211	0.1252456692
7212	0.1252436325
7213	0.125233559
7214	0.1252274662
7215	0.1252251276
7216	0.1252214454
7217	0.1252214203
7218	0.1252184468
7219	0.1252151728
7220	0.1252077917
7221	0.1252030701
7222	0.1252030446
7223	0.125187779
7224	0.1251838474
7225	0.1251799957
7226	0.1251750238
7227	0.1251712897
7228	0.1251683726
7229	0.1251653413
7230	0.1251515358
7231	0.1251458903
7232	0.1251368823
7233	0.1251312807
7234	0.1251249046
7235	0.1251248886
7236	0.1251220047
7237	0.1251178599
7238	0.1251124661
7239	0.1251087079
7240	0.1251058114
7241	0.1251009873
7242	0.1250991644
7243	0.1250975079
7244	0.1250961107
7245	0.1250880765
7246	0.1250806636
7247	0.1250775618
7248	0.1250733086
7249	0.1250719663
7250	0.1250637492
7251	0.1250618921
7252	0.1250574527
7253	0.1250494139
7254	0.1250452044
7255	0.1250376115
7256	0.1250346316
7257	0.12503329
7258	0.1250278409
7259	0.1250258823
7260	0.1250211983
7261	0.125017617
7262	0.1250099389
7263	0.1250076353
7264	0.1250017654
7265	0.1249988681
7266	0.1249970862
7267	0.124992519
7268	0.1249897203
7269	0.1249846566
7270	0.1249786571
7271	0.1249745813
7272	0.1249694262
7273	0.1249678665
7274	0.1249652531
7275	0.1249588358
7276	0.1249563836
7277	0.124950659
7278	0.1249448431
7279	0.1249413481
7280	0.1249342647
7281	0.124926217
7282	0.1249170761
7283	0.1249123131
7284	0.1249054309
7285	0.1249013257
7286	0.1248905113
7287	0.1248876688
7288	0.1248823797
7289	0.1248792187
7290	0.1248754596
7291	0.1248699661
7292	0.1248648941
7293	0.1248648711
7294	0.124858666
7295	0.1248516984
7296	0.1248457178
7297	0.1248394056
7298	0.1248383126
7299	0.1248371807
7300	0.1248261885
7301	0.1248163767
7302	0.1248126351
7303	0.1248099878
7304	0.1248065805
7305	0.1248026571
7306	0.1247968103
7307	0.1247937963
7308	0.1247871691
7309	0.1247766687
7310	0.12477285
7311	0.1247698652
7312	0.1247672934
7313	0.1247624877
7314	0.1247525784
7315	0.1247470341
7316	0.1247409194
7317	0.1247347107
7318	0.1247306963
7319	0.1247239796
7320	0.1247165148
7321	0.1247112719
7322	0.1247070543
7323	0.1246993508
7324	0.1246922653
7325	0.1246834963
7326	0.1246769225
7327	0.1246729145
7328	0.124664872
7329	0.1246573338
7330	0.1246517595
7331	0.124647093
7332	0.1246426763
7333	0.1246350336
7334	0.1246348978
7335	0.1246330568
7336	0.1246302387
7337	0.124625287
7338	0.1246227629
7339	0.1246206241
7340	0.1246159843
7341	0.1246124623
7342	0.1246096077
7343	0.1246043471
7344	0.1246012148
7345	0.1245983253
7346	0.1245932957
7347	0.1245904471
7348	0.1245882849
7349	0.1245829892
7350	0.1245797167
7351	0.1245738972
7352	0.1245703967
7353	0.1245690973
7354	0.1245646421
7355	0.1245537989
7356	0.1245518029
7357	0.1245438905
7358	0.1245392653
7359	0.1245336843
7360	0.1245310326
7361	0.1245236775
7362	0.1245175773
7363	0.1245100506
7364	0.1245018389
7365	0.1244957738
7366	0.1244934457
7367	0.1244904835
7368	0.1244845327
7369	0.1244825808
7370	0.1244778864
7371	0.1244740515
7372	0.1244655055
7373	0.1244607136
7374	0.1244586474
7375	0.1244544086
7376	0.124451086
7377	0.1244501711
7378	0.1244419571
7379	0.1244345136
7380	0.1244289205
7381	0.1244274053
7382	0.1244193285
7383	0.1244136367
7384	0.1244019028
7385	0.1243987525
7386	0.1243916222
7387	0.1243896541
7388	0.1243787792
7389	0.124373535
7390	0.1243713492
7391	0.1243695467
7392	0.1243625628
7393	0.1243591999
7394	0.1243568326
7395	0.1243476608
7396	0.1243431999
7397	0.1243393393
7398	0.1243368669
7399	0.1243331508
7400	0.124322691
7401	0.124315999
7402	0.1243115873
7403	0.1243030941
7404	0.124299575
7405	0.1242928619
7406	0.1242889823
7407	0.1242842343
7408	0.1242829907
7409	0.124276763
7410	0.1242712385
7411	0.1242703851
7412	0.1242632866
7413	0.1242605116
7414	0.1242560233
7415	0.124250765
7416	0.1242465839
7417	0.1242390112
7418	0.1242319386
7419	0.1242302945
7420	0.1242273295
7421	0.1242221334
7422	0.1242144491
7423	0.1242127489
7424	0.1242116772
7425	0.1242028114
7426	0.1242010529
7427	0.1241959561
7428	0.1241905596
7429	0.1241887584
7430	0.1241834919
7431	0.1241825823
7432	0.1241781867
7433	0.1241743102
7434	0.124160831
7435	0.1241594275
7436	0.1241536336
7437	0.1241507306
7438	0.1241463415
7439	0.1241433657
7440	0.1241360877
7441	0.124132232
7442	0.1241291529
7443	0.1241221045
7444	0.1241182082
7445	0.1241142448
7446	0.1241057733
7447	0.124100933
7448	0.1240950534
7449	0.1240855793
7450	0.1240811506
7451	0.1240749732
7452	0.1240719687
7453	0.1240629913
7454	0.1240528533
7455	0.1240483781
7456	0.1240445775
7457	0.1240385305
7458	0.1240328413
7459	0.1240311435
7460	0.1240266718
7461	0.1240229764
7462	0.1240203752
7463	0.1240176641
7464	0.1240100382
7465	0.1240080009
7466	0.1240048708
7467	0.1239958026
7468	0.1239915473
7469	0.1239838003
7470	0.1239794805
7471	0.1239771036
7472	0.1239747816
7473	0.1239702092
7474	0.12396332
7475	0.1239539543
7476	0.1239504043
7477	0.1239484047
7478	0.1239414393
7479	0.1239327994
7480	0.1239289712
7481	0.1239249066
7482	0.1239228522
7483	0.1239210279
7484	0.1239149744
7485	0.1239121782
7486	0.1239099527
7487	0.1239077811
7488	0.1239026265
7489	0.1238962865
7490	0.1238924154
7491	0.1238853144
7492	0.1238781415
7493	0.1238756628
7494	0.1238707435
7495	0.1238668625
7496	0.1238598085
7497	0.1238574761
7498	0.1238492165
7499	0.123840142
7500	0.1238349271
7501	0.1238228768
7502	0.1238200786
7503	0.1238150939
7504	0.1238061642
7505	0.1238010496
7506	0.123798359
7507	0.1237913263
7508	0.1237852784
7509	0.1237852542
7510	0.1237797643
7511	0.1237711973
7512	0.1237685998
7513	0.1237642624
7514	0.1237550927
7515	0.1237490298
7516	0.1237449035
7517	0.1237448921
7518	0.1237397943
7519	0.1237346138
7520	0.1237304963
7521	0.1237226518
7522	0.1237185806
7523	0.1237147204
7524	0.1237099316
7525	0.1237037056
7526	0.1236983907
7527	0.1236957541
7528	0.1236914326
7529	0.1236844357
7530	0.1236804496
7531	0.1236780391
7532	0.1236730297
7533	0.1236659075
7534	0.1236610504
7535	0.1236580742
7536	0.123650356
7537	0.1236424467
7538	0.1236405687
7539	0.1236331573
7540	0.1236288023
7541	0.1236263193
7542	0.123623216
7543	0.123617355
7544	0.1236131462
7545	0.123609523
7546	0.1236070663
7547	0.1235978719
7548	0.1235908897
7549	0.1235854086
7550	0.1235801569
7551	0.1235715262
7552	0.1235685048
7553	0.1235634049
7554	0.1235558168
7555	0.1235479017
7556	0.123545905
7557	0.1235420256
7558	0.1235403537
7559	0.1235373194
7560	0.1235291671
7561	0.1235244577
7562	0.1235188397
7563	0.1235155911
7564	0.1235111879
7565	0.1235063313
7566	0.1234996815
7567	0.1234964065
7568	0.1234907312
7569	0.1234876358
7570	0.1234809606
7571	0.1234776579
7572	0.1234747472
7573	0.1234713988
7574	0.1234698623
7575	0.1234678131
7576	0.1234611872
7577	0.1234542808
7578	0.1234486823
7579	0.1234431754
7580	0.1234388524
7581	0.123435506
7582	0.1234271961
7583	0.1234263795
7584	0.1234212093
7585	0.1234174058
7586	0.1234159965
7587	0.1234085254
7588	0.1234069622
7589	0.1234052047
7590	0.1233979504
7591	0.1233947056
7592	0.1233903194
7593	0.123387791
7594	0.1233832209
7595	0.1233781715
7596	0.12337478
7597	0.1233715537
7598	0.1233669887
7599	0.1233608669
7600	0.1233534043
7601	0.1233528287
7602	0.123352799
7603	0.1233499046
7604	0.1233449763
7605	0.123338544
7606	0.1233362645
7607	0.1233313759
7608	0.1233278059
7609	0.1233176585
7610	0.1233159119
7611	0.1233121627
7612	0.1233084682
7613	0.1233084513
7614	0.1232994592
7615	0.1232940486
7616	0.1232892691
7617	0.1232873122
7618	0.1232832361
7619	0.1232746843
7620	0.123271279
7621	0.1232680542
7622	0.1232591857
7623	0.1232550183
7624	0.123248532
7625	0.1232412328
7626	0.1232398859
7627	0.1232312703
7628	0.1232270319
7629	0.1232220892
7630	0.1232118116
7631	0.1232091638
7632	0.1232073661
7633	0.1232041866
7634	0.1232041677
7635	0.1232011154
7636	0.1231941661
7637	0.1231842057
7638	0.1231825226
7639	0.1231788597
7640	0.1231772843
7641	0.1231730045
7642	0.1231674782
7643	0.1231634903
7644	0.1231606626
7645	0.1231583824
7646	0.1231515307
7647	0.1231430429
7648	0.1231360296
7649	0.1231295054
7650	0.1231252388
7651	0.1231162255
7652	0.123113986
7653	0.1231122534
7654	0.1231100203
7655	0.12310374
7656	0.1230982016
7657	0.1230951696
7658	0.1230930581
7659	0.1230880015
7660	0.1230795251
7661	0.1230753583
7662	0.1230706465
7663	0.1230681482
7664	0.1230627798
7665	0.1230543575
7666	0.1230516525
7667	0.1230497389
7668	0.1230418619
7669	0.1230361988
7670	0.1230339024
7671	0.123032023
7672	0.1230270968
7673	0.123020675
7674	0.1230172884
7675	0.1230118641
7676	0.1230089487
7677	0.1230070341
7678	0.1230019224
7679	0.1229997539
7680	0.1229921106
7681	0.1229907255
7682	0.122989338
7683	0.1229847334
7684	0.1229773203
7685	0.1229726774
7686	0.1229710073
7687	0.1229657318
7688	0.1229636759
7689	0.1229553775
7690	0.122951001
7691	0.1229450189
7692	0.1229380338
7693	0.1229344094
7694	0.1229331188
7695	0.122927263
7696	0.1229254508
7697	0.1229205086
7698	0.1229168949
7699	0.1229135356
7700	0.1229078136
7701	0.1229043638
7702	0.1228961242
7703	0.1228925111
7704	0.1228860564
7705	0.1228797807
7706	0.1228752098
7707	0.1228666829
7708	0.1228632043
7709	0.1228582079
7710	0.1228526029
7711	0.1228501953
7712	0.1228472307
7713	0.1228384983
7714	0.122838281
7715	0.122833819
7716	0.1228323265
7717	0.1228306846
7718	0.1228213665
7719	0.1228190364
7720	0.1228168413
7721	0.1228110708
7722	0.122808435
7723	0.1228038239
7724	0.1227995291
7725	0.1227940426
7726	0.1227862294
7727	0.1227814161
7728	0.1227791048
7729	0.1227721161
7730	0.1227674722
7731	0.1227652941
7732	0.1227589826
7733	0.1227565585
7734	0.1227510774
7735	0.122746951
7736	0.122740722
7737	0.1227364863
7738	0.1227343521
7739	0.1227319177
7740	0.1227259486
7741	0.1227228709
7742	0.1227192927
7743	0.122714765
7744	0.122708368
7745	0.1227055345
7746	0.1226982846
7747	0.1226966112
7748	0.1226940539
7749	0.1226915382
7750	0.1226893519
7751	0.1226864014
7752	0.1226782029
7753	0.1226770458
7754	0.1226725938
7755	0.1226692601
7756	0.1226653538
7757	0.122663707
7758	0.1226620723
7759	0.1226544314
7760	0.1226517439
7761	0.1226478085
7762	0.1226414429
7763	0.1226358565
7764	0.1226339611
7765	0.1226300505
7766	0.122625552
7767	0.1226166681
7768	0.122603895
7769	0.1225974676
7770	0.1225893739
7771	0.1225873516
7772	0.1225832355
7773	0.1225808801
7774	0.1225726816
7775	0.1225723884
7776	0.12256579
7777	0.1225616774
7778	0.1225590799
7779	0.1225550334
7780	0.1225463688
7781	0.1225441788
7782	0.1225388654
7783	0.1225329297
7784	0.1225319644
7785	0.1225189389
7786	0.1225165
7787	0.1225106331
7788	0.1225069439
7789	0.1225042058
7790	0.1224978179
7791	0.1224920696
7792	0.1224887971
7793	0.1224833597
7794	0.1224802004
7795	0.1224783981
7796	0.1224731673
7797	0.1224719115
7798	0.1224687352
7799	0.1224660015
7800	0.1224581072
7801	0.1224510526
7802	0.1224480773
7803	0.1224425273
7804	0.122438068
7805	0.1224334532
7806	0.1224294519
7807	0.122427772
7808	0.1224230256
7809	0.1224191374
7810	0.1224156888
7811	0.1224147064
7812	0.122410345
7813	0.1224095902
7814	0.1224061181
7815	0.1223978801
7816	0.1223967909
7817	0.1223935876
7818	0.1223895871
7819	0.1223869691
7820	0.1223831521
7821	0.1223774026
7822	0.1223690289
7823	0.1223620436
7824	0.1223589666
7825	0.1223561263
7826	0.1223473777
7827	0.1223433849
7828	0.1223336255
7829	0.1223265229
7830	0.122322143
7831	0.1223158017
7832	0.1223126351
7833	0.1223083143
7834	0.1223060676
7835	0.1223019202
7836	0.1222951464
7837	0.1222911992
7838	0.1222900738
7839	0.1222779396
7840	0.1222747942
7841	0.12227293
7842	0.1222686129
7843	0.1222670397
7844	0.1222603168
7845	0.1222595484
7846	0.1222564669
7847	0.1222471876
7848	0.1222456677
7849	0.122238968
7850	0.122232509
7851	0.1222272258
7852	0.1222215333
7853	0.1222206264
7854	0.122218825
7855	0.1222136238
7856	0.1222120842
7857	0.1222103797
7858	0.1222038186
7859	0.1222013525
7860	0.1221963487
7861	0.122193159
7862	0.1221881088
7863	0.1221816285
7864	0.122180729
7865	0.122171145
7866	0.1221654736
7867	0.1221633121
7868	0.122156355
7869	0.1221547193
7870	0.1221507206
7871	0.1221428577
7872	0.1221409042
7873	0.122134264
7874	0.1221269994
7875	0.1221241879
7876	0.1221204275
7877	0.122115416
7878	0.1221073195
7879	0.1221057626
7880	0.122098949
7881	0.1220966962
7882	0.1220945872
7883	0.1220869307
7884	0.1220785355
7885	0.1220749648
7886	0.1220690528
7887	0.1220637683
7888	0.1220601092
7889	0.1220563126
7890	0.1220477208
7891	0.1220451447
7892	0.1220390057
7893	0.1220349982
7894	0.1220247893
7895	0.1220193994
7896	0.122012681
7897	0.1220117588
7898	0.1220071039
7899	0.1220032303
7900	0.122000401
7901	0.1219966267
7902	0.1219929969
7903	0.1219860811
7904	0.1219816646
7905	0.1219792919
7906	0.1219761568
7907	0.1219711841
7908	0.1219698756
7909	0.1219642444
7910	0.1219528852
7911	0.1219515897
7912	0.1219461301
7913	0.1219420543
7914	0.1219382179
7915	0.1219301203
7916	0.1219185197
7917	0.1219134101
7918	0.1219087962
7919	0.1219044985
7920	0.1218959919
7921	0.121890248
7922	0.1218820286
7923	0.1218774234
7924	0.12187367
7925	0.1218688165
7926	0.1218633181
7927	0.1218556976
7928	0.1218531748
7929	0.121848753
7930	0.1218435694
7931	0.1218359269
7932	0.121832769
7933	0.1218303868
7934	0.121823785
7935	0.1218147631
7936	0.121812324
7937	0.1218090951
7938	0.1218026724
7939	0.1217971609
7940	0.121792691
7941	0.1217893222
7942	0.1217840009
7943	0.1217819618
7944	0.1217803482
7945	0.1217737098
7946	0.1217684428
7947	0.1217629032
7948	0.1217598915
7949	0.1217569992
7950	0.1217547054
7951	0.1217506645
7952	0.1217456349
7953	0.1217408631
7954	0.1217368959
7955	0.1217327957
7956	0.12172876
7957	0.1217252539
7958	0.1217234724
7959	0.1217173966
7960	0.1217093118
7961	0.1217022865
7962	0.1216961565
7963	0.1216900426
7964	0.1216846485
7965	0.1216773532
7966	0.1216723492
7967	0.121669902
7968	0.1216645989
7969	0.121661066
7970	0.1216528765
7971	0.1216478517
7972	0.121642518
7973	0.1216404513
7974	0.1216351698
7975	0.1216311979
7976	0.1216268467
7977	0.1216182585
7978	0.1216085566
7979	0.121602447
7980	0.1215977589
7981	0.1215918604
7982	0.1215857994
7983	0.1215830259
7984	0.1215772232
7985	0.1215727341
7986	0.1215712259
7987	0.1215683722
7988	0.1215644029
7989	0.1215578415
7990	0.121555193
7991	0.1215486483
7992	0.1215441226
7993	0.121543084
7994	0.1215388944
7995	0.1215336669
7996	0.1215270525
7997	0.12152141
7998	0.1215175596
7999	0.1215156279
8000	0.1215087463
8001	0.1215008328
8002	0.1214976359
8003	0.1214928349
8004	0.1214913521
8005	0.1214884983
8006	0.1214858088
8007	0.1214803165
8008	0.1214766138
8009	0.121475516
8010	0.1214686123
8011	0.1214685991
8012	0.1214657703
8013	0.1214635547
8014	0.1214566759
8015	0.121449244
8016	0.1214478908
8017	0.1214413906
8018	0.1214359924
8019	0.1214302988
8020	0.1214263297
8021	0.1214227941
8022	0.1214187822
8023	0.1214147997
8024	0.1214096762
8025	0.1214049625
8026	0.1213991803
8027	0.1213945489
8028	0.1213928256
8029	0.1213905219
8030	0.1213877159
8031	0.1213811608
8032	0.1213727562
8033	0.1213712094
8034	0.1213668303
8035	0.1213646219
8036	0.1213621876
8037	0.1213594947
8038	0.1213546118
8039	0.1213488351
8040	0.1213430065
8041	0.1213362195
8042	0.1213353713
8043	0.1213315006
8044	0.1213268942
8045	0.1213255351
8046	0.1213212951
8047	0.1213188567
8048	0.1213150125
8049	0.1213120459
8050	0.1213095842
8051	0.1213081962
8052	0.1213065984
8053	0.1213032895
8054	0.1212973886
8055	0.1212930925
8056	0.1212923398
8057	0.1212905376
8058	0.121287869
8059	0.1212786996
8060	0.1212747226
8061	0.1212718707
8062	0.1212663611
8063	0.1212625162
8064	0.1212603627
8065	0.1212569482
8066	0.1212531199
8067	0.1212502442
8068	0.121247372
8069	0.1212442517
8070	0.1212361756
8071	0.1212307561
8072	0.1212283282
8073	0.1212240608
8074	0.1212218624
8075	0.1212155371
8076	0.12121027
8077	0.1212070818
8078	0.12119978
8079	0.121194464
8080	0.121188539
8081	0.121180759
8082	0.1211735215
8083	0.1211679001
8084	0.1211643312
8085	0.1211593743
8086	0.1211530838
8087	0.1211489047
8088	0.12114464
8089	0.1211414917
8090	0.1211357413
8091	0.1211342837
8092	0.1211320135
8093	0.1211261332
8094	0.1211208643
8095	0.1211132846
8096	0.1211091854
8097	0.1211040522
8098	0.1210966136
8099	0.12109171
8100	0.1210864749
8101	0.1210812124
8102	0.1210740176
8103	0.121071284
8104	0.1210657047
8105	0.1210559899
8106	0.1210507931
8107	0.1210504263
8108	0.1210491727
8109	0.1210467059
8110	0.1210425816
8111	0.1210365857
8112	0.1210289581
8113	0.1210239321
8114	0.1210204895
8115	0.1210151899
8116	0.121012161
8117	0.1210074238
8118	0.1210002536
8119	0.120993335
8120	0.1209878445
8121	0.1209801924
8122	0.1209740613
8123	0.1209692004
8124	0.1209659201
8125	0.1209638006
8126	0.1209619233
8127	0.120960518
8128	0.1209577055
8129	0.1209541977
8130	0.1209529987
8131	0.1209512711
8132	0.1209435208
8133	0.1209355045
8134	0.120926904
8135	0.1209244626
8136	0.1209221612
8137	0.120920367
8138	0.1209175275
8139	0.1209141958
8140	0.120911295
8141	0.1209048023
8142	0.1208998366
8143	0.1208967589
8144	0.1208950302
8145	0.120889973
8146	0.1208867623
8147	0.1208824691
8148	0.120878127
8149	0.1208720029
8150	0.1208660478
8151	0.1208619258
8152	0.1208584432
8153	0.1208542839
8154	0.1208524788
8155	0.1208451697
8156	0.1208390203
8157	0.1208357578
8158	0.1208296714
8159	0.1208276531
8160	0.1208250687
8161	0.1208196018
8162	0.1208167149
8163	0.1208132399
8164	0.1208110654
8165	0.1208070903
8166	0.120799453
8167	0.1207880774
8168	0.1207834697
8169	0.1207812503
8170	0.1207736313
8171	0.1207653327
8172	0.120762401
8173	0.1207604705
8174	0.12075755
8175	0.1207556536
8176	0.1207527825
8177	0.1207455736
8178	0.1207409704
8179	0.1207339296
8180	0.1207315128
8181	0.1207275965
8182	0.1207263285
8183	0.1207205373
8184	0.1207155208
8185	0.1207117344
8186	0.1207083008
8187	0.1207055251
8188	0.1206994932
8189	0.1206949404
8190	0.120687069
8191	0.1206814626
8192	0.1206789117
8193	0.1206711957
8194	0.1206665342
8195	0.1206627714
8196	0.120662278
8197	0.1206585634
8198	0.1206499043
8199	0.1206449296
8200	0.120640102
8201	0.120635512
8202	0.120630002
8203	0.1206274071
8204	0.1206252719
8205	0.1206237423
8206	0.1206161955
8207	0.1206097432
8208	0.1206071281
8209	0.1206023002
8210	0.1205966268
8211	0.1205904694
8212	0.1205861576
8213	0.1205829323
8214	0.1205751379
8215	0.1205673623
8216	0.1205622935
8217	0.1205610686
8218	0.1205572056
8219	0.1205528423
8220	0.1205485408
8221	0.1205453059
8222	0.1205445828
8223	0.1205385863
8224	0.1205318346
8225	0.1205282809
8226	0.1205224972
8227	0.1205201022
8228	0.1205187524
8229	0.1205173711
8230	0.1205118549
8231	0.1205079087
8232	0.1205029514
8233	0.1204973994
8234	0.1204957027
8235	0.1204950745
8236	0.1204858458
8237	0.1204802277
8238	0.120475547
8239	0.1204698358
8240	0.1204582391
8241	0.1204560837
8242	0.1204516414
8243	0.1204498994
8244	0.1204471297
8245	0.120441429
8246	0.1204387182
8247	0.120436127
8248	0.1204348838
8249	0.1204294327
8250	0.1204226394
8251	0.1204198123
8252	0.1204143845
8253	0.1204113312
8254	0.1204104382
8255	0.1204083968
8256	0.1203975955
8257	0.1203961979
8258	0.1203914685
8259	0.1203851746
8260	0.1203841861
8261	0.1203816218
8262	0.1203778067
8263	0.1203722582
8264	0.1203673158
8265	0.1203648293
8266	0.1203591482
8267	0.120355415
8268	0.1203530196
8269	0.1203510955
8270	0.1203499061
8271	0.1203448874
8272	0.1203427963
8273	0.1203424361
8274	0.1203355662
8275	0.1203343084
8276	0.1203296935
8277	0.120328897
8278	0.1203198589
8279	0.1203170995
8280	0.1203142697
8281	0.1203124449
8282	0.1203057926
8283	0.1203000962
8284	0.1202933553
8285	0.1202878214
8286	0.1202859885
8287	0.120277384
8288	0.1202705017
8289	0.1202667675
8290	0.1202611286
8291	0.1202585688
8292	0.1202543334
8293	0.1202530854
8294	0.1202499482
8295	0.1202435781
8296	0.1202369494
8297	0.1202353836
8298	0.1202322062
8299	0.1202307137
8300	0.1202267412
8301	0.120218239
8302	0.1202127595
8303	0.1202086996
8304	0.1202067574
8305	0.120203717
8306	0.1202006349
8307	0.1201964535
8308	0.12019419
8309	0.1201886524
8310	0.1201840211
8311	0.1201827451
8312	0.1201784336
8313	0.1201747238
8314	0.1201725831
8315	0.1201647131
8316	0.1201612135
8317	0.1201576918
8318	0.1201521348
8319	0.1201496184
8320	0.1201478879
8321	0.1201425505
8322	0.1201385683
8323	0.1201356329
8324	0.1201331094
8325	0.1201276855
8326	0.1201207183
8327	0.1201152367
8328	0.1201141689
8329	0.1201111313
8330	0.1201080892
8331	0.120101442
8332	0.1200986971
8333	0.1200868301
8334	0.1200809902
8335	0.1200747656
8336	0.1200731136
8337	0.1200705577
8338	0.1200635814
8339	0.1200577247
8340	0.120051028
8341	0.1200418057
8342	0.1200399178
8343	0.1200349341
8344	0.1200336498
8345	0.1200289443
8346	0.1200274657
8347	0.1200233716
8348	0.1200217199
8349	0.1200173352
8350	0.1200153595
8351	0.1200079798
8352	0.1200037736
8353	0.1199973787
8354	0.1199912138
8355	0.1199861389
8356	0.1199794832
8357	0.1199781097
8358	0.1199727906
8359	0.1199695548
8360	0.1199668265
8361	0.119965344
8362	0.1199624666
8363	0.1199573404
8364	0.119955354
8365	0.1199511609
8366	0.1199485297
8367	0.1199422865
8368	0.1199339956
8369	0.1199282693
8370	0.1199269836
8371	0.1199204658
8372	0.1199135886
8373	0.1199127425
8374	0.1199095054
8375	0.1199000655
8376	0.1198965803
8377	0.1198901711
8378	0.1198849801
8379	0.1198781064
8380	0.1198728133
8381	0.1198715781
8382	0.1198690807
8383	0.1198667529
8384	0.1198604368
8385	0.1198514973
8386	0.1198478513
8387	0.1198418616
8388	0.1198392003
8389	0.1198315939
8390	0.1198281735
8391	0.1198212
8392	0.1198191992
8393	0.1198178977
8394	0.1198150784
8395	0.1198137093
8396	0.1198120002
8397	0.1198080487
8398	0.1198045297
8399	0.1197961605
8400	0.1197898125
8401	0.1197854327
8402	0.1197813561
8403	0.1197757096
8404	0.1197754889
8405	0.1197740963
8406	0.1197689096
8407	0.1197645092
8408	0.1197609833
8409	0.1197530551
8410	0.1197496548
8411	0.1197411893
8412	0.1197393133
8413	0.1197381623
8414	0.1197358355
8415	0.1197310997
8416	0.1197244516
8417	0.1197223303
8418	0.1197201086
8419	0.1197170645
8420	0.1197145894
8421	0.1197085688
8422	0.1197065244
8423	0.119705105
8424	0.1197029228
8425	0.1197012416
8426	0.1196951332
8427	0.1196884803
8428	0.1196860791
8429	0.1196796252
8430	0.1196747074
8431	0.1196724124
8432	0.1196646029
8433	0.1196612507
8434	0.119658317
8435	0.1196541681
8436	0.1196483451
8437	0.1196417986
8438	0.1196398153
8439	0.1196388089
8440	0.1196323363
8441	0.1196283517
8442	0.1196184863
8443	0.1196163303
8444	0.1196131131
8445	0.1196096197
8446	0.119601483
8447	0.1195997534
8448	0.1195980648
8449	0.1195950135
8450	0.119592306
8451	0.1195869998
8452	0.1195810271
8453	0.1195737971
8454	0.1195722704
8455	0.1195644328
8456	0.1195589218
8457	0.1195565432
8458	0.1195521539
8459	0.1195501962
8460	0.1195455234
8461	0.1195398288
8462	0.1195362294
8463	0.1195326936
8464	0.119528443
8465	0.1195229235
8466	0.1195157503
8467	0.1195150627
8468	0.1195103436
8469	0.1195051788
8470	0.1195007537
8471	0.1194964833
8472	0.1194910608
8473	0.1194850029
8474	0.1194802939
8475	0.1194764393
8476	0.1194737745
8477	0.1194666523
8478	0.1194605196
8479	0.1194594285
8480	0.1194574651
8481	0.1194555884
8482	0.1194504297
8483	0.1194468147
8484	0.1194459345
8485	0.1194385338
8486	0.1194346784
8487	0.1194296863
8488	0.1194267645
8489	0.1194208792
8490	0.1194174665
8491	0.119410802
8492	0.1194067615
8493	0.1194013172
8494	0.1193929705
8495	0.1193905747
8496	0.1193799614
8497	0.1193755586
8498	0.1193730522
8499	0.1193703488
8500	0.119369522
8501	0.1193691766
8502	0.1193651429
8503	0.1193580987
8504	0.1193559617
8505	0.1193524539
8506	0.1193437426
8507	0.1193415981
8508	0.1193403749
8509	0.1193314829
8510	0.1193282819
8511	0.1193257754
8512	0.1193230496
8513	0.1193166882
8514	0.1193155194
8515	0.1193082753
8516	0.1192987456
8517	0.1192961046
8518	0.1192920275
8519	0.1192882148
8520	0.1192861419
8521	0.1192832381
8522	0.1192819106
8523	0.1192725792
8524	0.1192684961
8525	0.1192641625
8526	0.1192596218
8527	0.1192558235
8528	0.1192518169
8529	0.1192494807
8530	0.1192442498
8531	0.1192427108
8532	0.1192383807
8533	0.1192365409
8534	0.1192346128
8535	0.1192272387
8536	0.1192220471
8537	0.1192189804
8538	0.1192169368
8539	0.1192124643
8540	0.1192018783
8541	0.1191978774
8542	0.119194106
8543	0.1191918748
8544	0.1191811779
8545	0.1191782035
8546	0.1191735674
8547	0.1191692057
8548	0.119167151
8549	0.1191632474
8550	0.1191605598
8551	0.1191557353
8552	0.1191523728
8553	0.1191507303
8554	0.1191488409
8555	0.1191464873
8556	0.1191418269
8557	0.1191367736
8558	0.1191291104
8559	0.1191253501
8560	0.119118331
8561	0.1191127719
8562	0.1191072038
8563	0.1191024925
8564	0.119100491
8565	0.1190970784
8566	0.1190950334
8567	0.1190898685
8568	0.1190817586
8569	0.1190792822
8570	0.1190690023
8571	0.1190679878
8572	0.1190649314
8573	0.1190631946
8574	0.1190596131
8575	0.1190535259
8576	0.1190492781
8577	0.1190465138
8578	0.1190438151
8579	0.1190381881
8580	0.1190342497
8581	0.1190301445
8582	0.1190258192
8583	0.1190201001
8584	0.1190177175
8585	0.1190166032
8586	0.1190128114
8587	0.1190118609
8588	0.1190035672
8589	0.1190001633
8590	0.1189957922
8591	0.1189926131
8592	0.1189880947
8593	0.118984415
8594	0.1189776891
8595	0.1189724303
8596	0.1189692137
8597	0.1189652311
8598	0.1189629808
8599	0.118958016
8600	0.1189538413
8601	0.118952107
8602	0.1189495686
8603	0.1189440851
8604	0.1189424353
8605	0.1189388782
8606	0.1189324698
8607	0.1189296292
8608	0.1189239186
8609	0.1189182999
8610	0.1189102393
8611	0.1189072067
8612	0.1188986894
8613	0.118891713
8614	0.1188905885
8615	0.1188822677
8616	0.1188782267
8617	0.1188770091
8618	0.118875614
8619	0.1188675202
8620	0.1188620736
8621	0.1188559596
8622	0.118853817
8623	0.1188503235
8624	0.1188431629
8625	0.1188384736
8626	0.118831499
8627	0.1188259361
8628	0.1188234123
8629	0.1188217859
8630	0.1188163479
8631	0.1188113291
8632	0.1188100709
8633	0.118803108
8634	0.1187984636
8635	0.1187937679
8636	0.118787259
8637	0.1187837328
8638	0.1187761375
8639	0.1187724821
8640	0.1187708851
8641	0.1187663629
8642	0.1187641517
8643	0.1187617895
8644	0.1187610064
8645	0.1187557786
8646	0.1187533284
8647	0.1187527906
8648	0.1187456562
8649	0.1187438221
8650	0.1187410734
8651	0.1187381196
8652	0.1187334377
8653	0.1187304618
8654	0.1187243997
8655	0.1187226222
8656	0.1187192655
8657	0.1187123427
8658	0.1187107553
8659	0.1187057335
8660	0.1187002675
8661	0.1186961787
8662	0.1186912306
8663	0.1186874294
8664	0.1186861909
8665	0.1186815365
8666	0.1186789652
8667	0.1186760055
8668	0.1186715226
8669	0.1186623156
8670	0.1186598676
8671	0.1186584647
8672	0.1186582164
8673	0.1186567447
8674	0.1186544785
8675	0.1186484148
8676	0.1186385739
8677	0.1186352139
8678	0.118633009
8679	0.1186284323
8680	0.1186256011
8681	0.1186231079
8682	0.1186192556
8683	0.1186157894
8684	0.1186086276
8685	0.1186007122
8686	0.118592976
8687	0.1185909123
8688	0.1185856278
8689	0.1185814872
8690	0.1185785464
8691	0.1185757267
8692	0.118573148
8693	0.1185667746
8694	0.1185641459
8695	0.1185611578
8696	0.1185581803
8697	0.1185533483
8698	0.1185486962
8699	0.1185448374
8700	0.1185433332
8701	0.1185349652
8702	0.1185298681
8703	0.118524306
8704	0.1185181209
8705	0.1185125695
8706	0.1185078171
8707	0.1185063542
8708	0.1185017398
8709	0.1184985963
8710	0.1184957424
8711	0.1184937773
8712	0.1184878171
8713	0.1184780237
8714	0.1184701155
8715	0.1184672
8716	0.11846294
8717	0.1184601463
8718	0.1184591158
8719	0.1184586224
8720	0.1184533977
8721	0.118450257
8722	0.1184483465
8723	0.1184391669
8724	0.1184341214
8725	0.1184325117
8726	0.1184289491
8727	0.1184260769
8728	0.1184184132
8729	0.1184110659
8730	0.1184076072
8731	0.1184027509
8732	0.1183994514
8733	0.1183947919
8734	0.1183878335
8735	0.1183849778
8736	0.1183830865
8737	0.1183776674
8738	0.1183773315
8739	0.1183715637
8740	0.118368248
8741	0.1183619845
8742	0.1183567146
8743	0.1183504985
8744	0.1183452257
8745	0.1183393158
8746	0.1183344984
8747	0.118322759
8748	0.118316767
8749	0.1183139034
8750	0.1183125788
8751	0.1183087688
8752	0.1183038682
8753	0.1183010268
8754	0.118294037
8755	0.1182886935
8756	0.1182829078
8757	0.1182760481
8758	0.1182713034
8759	0.1182643127
8760	0.1182609322
8761	0.1182560436
8762	0.1182506454
8763	0.1182491128
8764	0.1182459019
8765	0.1182418879
8766	0.1182382275
8767	0.1182323059
8768	0.118227825
8769	0.1182233296
8770	0.1182202739
8771	0.1182138643
8772	0.1182081025
8773	0.1182059625
8774	0.1181980905
8775	0.1181875499
8776	0.118186574
8777	0.1181795487
8778	0.118175001
8779	0.118172135
8780	0.1181659123
8781	0.1181632141
8782	0.1181558136
8783	0.1181550071
8784	0.1181450204
8785	0.1181418901
8786	0.1181386247
8787	0.1181351238
8788	0.1181320018
8789	0.1181250174
8790	0.1181241501
8791	0.1181208769
8792	0.1181166433
8793	0.1181158238
8794	0.1181079108
8795	0.1181055426
8796	0.1180990184
8797	0.1180929973
8798	0.1180909245
8799	0.1180847927
8800	0.1180811548
8801	0.1180787935
8802	0.1180740307
8803	0.1180700111
8804	0.1180655867
8805	0.1180590471
8806	0.1180528909
8807	0.1180471887
8808	0.1180431576
8809	0.1180372126
8810	0.1180326129
8811	0.1180241711
8812	0.1180185372
8813	0.1180170498
8814	0.1180149083
8815	0.1180139302
8816	0.1180089297
8817	0.1180035437
8818	0.118001369
8819	0.1179930035
8820	0.1179893803
8821	0.1179841672
8822	0.1179815693
8823	0.1179770817
8824	0.1179747892
8825	0.1179698306
8826	0.1179660008
8827	0.1179592745
8828	0.1179538497
8829	0.1179493284
8830	0.1179459093
8831	0.1179417021
8832	0.1179400583
8833	0.1179351206
8834	0.1179326407
8835	0.1179279626
8836	0.1179222863
8837	0.1179155597
8838	0.117910392
8839	0.1179086399
8840	0.1179048194
8841	0.1178982839
8842	0.1178904023
8843	0.117887143
8844	0.1178827969
8845	0.1178774172
8846	0.11787692
8847	0.1178729913
8848	0.1178699883
8849	0.1178683627
8850	0.1178651313
8851	0.1178634741
8852	0.1178601011
8853	0.117856195
8854	0.1178547936
8855	0.1178522581
8856	0.1178439039
8857	0.1178429951
8858	0.1178378183
8859	0.1178351197
8860	0.1178255339
8861	0.1178180388
8862	0.1178137469
8863	0.1178112329
8864	0.1178095122
8865	0.1178026327
8866	0.1177983457
8867	0.1177975627
8868	0.1177923069
8869	0.1177894174
8870	0.1177846164
8871	0.1177819241
8872	0.1177775812
8873	0.1177735969
8874	0.1177704421
8875	0.1177638675
8876	0.1177560938
8877	0.117751364
8878	0.1177438291
8879	0.1177419513
8880	0.117737906
8881	0.1177348953
8882	0.1177297044
8883	0.1177237442
8884	0.1177201231
8885	0.1177180062
8886	0.1177168887
8887	0.1177106653
8888	0.1177044894
8889	0.1176983733
8890	0.1176972604
8891	0.117695479
8892	0.1176918401
8893	0.1176834149
8894	0.1176788661
8895	0.1176740065
8896	0.1176689045
8897	0.1176604594
8898	0.1176580628
8899	0.1176537602
8900	0.1176437182
8901	0.1176406259
8902	0.1176329525
8903	0.1176267704
8904	0.1176204621
8905	0.1176188527
8906	0.1176123278
8907	0.1176093524
8908	0.1176059029
8909	0.1176043999
8910	0.1175937993
8911	0.117589002
8912	0.1175838474
8913	0.1175816047
8914	0.1175802778
8915	0.117575374
8916	0.1175686141
8917	0.1175639915
8918	0.1175601813
8919	0.1175545356
8920	0.1175512621
8921	0.1175490574
8922	0.1175463695
8923	0.1175411955
8924	0.1175388546
8925	0.1175359326
8926	0.1175279958
8927	0.1175244187
8928	0.1175201537
8929	0.1175185322
8930	0.1175137583
8931	0.1175069979
8932	0.117500458
8933	0.1174981959
8934	0.1174940789
8935	0.1174894447
8936	0.1174849828
8937	0.117481655
8938	0.117471712
8939	0.1174641894
8940	0.1174562656
8941	0.1174548998
8942	0.1174521886
8943	0.1174448629
8944	0.1174429798
8945	0.1174347078
8946	0.117430577
8947	0.1174231693
8948	0.1174218801
8949	0.1174153882
8950	0.1174100005
8951	0.1174078001
8952	0.1174063781
8953	0.1174030757
8954	0.1174000868
8955	0.1173982389
8956	0.1173959562
8957	0.1173944221
8958	0.1173913465
8959	0.1173891345
8960	0.1173822837
8961	0.1173749287
8962	0.1173720962
8963	0.1173704445
8964	0.1173682883
8965	0.117361373
8966	0.117358826
8967	0.1173557141
8968	0.1173521073
8969	0.1173468838
8970	0.1173446708
8971	0.1173422647
8972	0.1173350165
8973	0.1173300677
8974	0.1173204001
8975	0.1173181171
8976	0.1173110185
8977	0.1173042252
8978	0.1172993174
8979	0.1172962881
8980	0.1172888262
8981	0.1172870642
8982	0.1172820716
8983	0.1172777894
8984	0.1172765764
8985	0.1172724278
8986	0.1172693393
8987	0.1172623194
8988	0.1172588769
8989	0.1172535258
8990	0.1172451052
8991	0.1172413031
8992	0.1172395141
8993	0.117236443
8994	0.1172260873
8995	0.117217363
8996	0.1172163247
8997	0.1172101291
8998	0.1172040672
8999	0.1172001358
9000	0.1171965851
9001	0.1171895272
9002	0.1171883661
9003	0.1171829625
9004	0.1171776546
9005	0.1171741674
9006	0.1171717165
9007	0.1171694107
9008	0.1171678588
9009	0.1171637287
9010	0.1171591559
9011	0.1171523159
9012	0.117146506
9013	0.1171413878
9014	0.1171371191
9015	0.1171330246
9016	0.1171304119
9017	0.1171272545
9018	0.1171247639
9019	0.1171221851
9020	0.1171203445
9021	0.1171125152
9022	0.1171097083
9023	0.1171022477
9024	0.1170938781
9025	0.1170915199
9026	0.1170841003
9027	0.1170784163
9028	0.1170704751
9029	0.117063954
9030	0.1170622035
9031	0.1170544369
9032	0.1170509463
9033	0.1170437769
9034	0.1170397721
9035	0.1170380072
9036	0.1170352394
9037	0.1170303232
9038	0.117028533
9039	0.1170258841
9040	0.1170207882
9041	0.1170139734
9042	0.1170102368
9043	0.117005735
9044	0.1170025389
9045	0.1169975941
9046	0.1169947288
9047	0.1169917343
9048	0.1169885374
9049	0.1169796535
9050	0.1169784966
9051	0.1169758803
9052	0.1169653661
9053	0.1169619807
9054	0.1169587418
9055	0.116954403
9056	0.1169499358
9057	0.1169471
9058	0.1169389456
9059	0.1169340871
9060	0.1169317026
9061	0.1169282217
9062	0.1169221041
9063	0.1169171587
9064	0.1169104786
9065	0.1169096366
9066	0.1169017692
9067	0.1168992698
9068	0.1168964148
9069	0.1168935789
9070	0.1168910688
9071	0.1168872537
9072	0.1168837084
9073	0.1168788313
9074	0.1168774496
9075	0.116875176
9076	0.1168694004
9077	0.1168676329
9078	0.1168610731
9079	0.1168575478
9080	0.1168533534
9081	0.116850378
9082	0.1168469399
9083	0.1168429747
9084	0.1168404312
9085	0.116837424
9086	0.1168287605
9087	0.1168258707
9088	0.1168206557
9089	0.1168174601
9090	0.1168124902
9091	0.1168076859
9092	0.1168026165
9093	0.1167992733
9094	0.1167919828
9095	0.1167891457
9096	0.1167860334
9097	0.1167823805
9098	0.1167742049
9099	0.1167703
9100	0.1167666997
9101	0.1167609576
9102	0.1167560589
9103	0.1167540618
9104	0.1167523104
9105	0.1167505022
9106	0.1167443603
9107	0.1167421911
9108	0.1167365355
9109	0.116729218
9110	0.116724439
9111	0.11671882
9112	0.1167133076
9113	0.1167070846
9114	0.1167044291
9115	0.1166995574
9116	0.1166947079
9117	0.1166875963
9118	0.1166767174
9119	0.1166738846
9120	0.1166714787
9121	0.1166687825
9122	0.1166660827
9123	0.1166602081
9124	0.1166521602
9125	0.1166501015
9126	0.1166454378
9127	0.1166396045
9128	0.1166375392
9129	0.1166335554
9130	0.1166277016
9131	0.1166210969
9132	0.1166182637
9133	0.1166142912
9134	0.1166107368
9135	0.1166073523
9136	0.116601165
9137	0.1165953073
9138	0.1165910706
9139	0.1165865846
9140	0.116581814
9141	0.1165800024
9142	0.1165745448
9143	0.116568615
9144	0.1165649026
9145	0.1165612737
9146	0.1165589472
9147	0.1165537859
9148	0.1165520501
9149	0.1165444625
9150	0.1165431613
9151	0.1165357714
9152	0.1165303384
9153	0.1165273081
9154	0.116520786
9155	0.1165166184
9156	0.1165142966
9157	0.1165107179
9158	0.1165075035
9159	0.1165012399
9160	0.1164972752
9161	0.1164938764
9162	0.1164884248
9163	0.1164826057
9164	0.1164792857
9165	0.1164782047
9166	0.1164739154
9167	0.1164702043
9168	0.1164633397
9169	0.1164570043
9170	0.1164537996
9171	0.1164503818
9172	0.1164456652
9173	0.1164416408
9174	0.116439569
9175	0.1164357929
9176	0.1164312898
9177	0.1164272031
9178	0.1164233754
9179	0.1164178677
9180	0.1164121232
9181	0.1164092304
9182	0.1164059804
9183	0.1164013194
9184	0.116399451
9185	0.1163949367
9186	0.1163934321
9187	0.1163899723
9188	0.1163848994
9189	0.1163809179
9190	0.1163763257
9191	0.1163699752
9192	0.1163676483
9193	0.1163645796
9194	0.1163633109
9195	0.116359292
9196	0.1163547498
9197	0.1163509326
9198	0.1163468419
9199	0.1163450646
9200	0.1163417365
9201	0.1163383205
9202	0.1163361151
9203	0.1163311689
9204	0.116330471
9205	0.1163266802
9206	0.1163215901
9207	0.1163196393
9208	0.1163147076
9209	0.1163110857
9210	0.1163085253
9211	0.1163027859
9212	0.1162997402
9213	0.1162955334
9214	0.1162919783
9215	0.1162873493
9216	0.1162822273
9217	0.1162796975
9218	0.116275954
9219	0.1162733942
9220	0.1162701872
9221	0.1162668202
9222	0.1162618803
9223	0.1162579916
9224	0.1162562389
9225	0.1162539045
9226	0.1162522213
9227	0.1162466229
9228	0.1162407208
9229	0.1162358998
9230	0.1162338447
9231	0.1162318604
9232	0.1162240325
9233	0.1162202244
9234	0.1162168761
9235	0.1162128415
9236	0.1162095047
9237	0.1162070307
9238	0.116202269
9239	0.116200092
9240	0.1161957686
9241	0.1161924735
9242	0.1161904977
9243	0.1161889434
9244	0.1161858427
9245	0.1161846113
9246	0.1161838298
9247	0.1161741875
9248	0.1161724488
9249	0.116168055
9250	0.1161655048
9251	0.1161594431
9252	0.1161560744
9253	0.1161515764
9254	0.1161503606
9255	0.1161487753
9256	0.1161455978
9257	0.1161423794
9258	0.1161406212
9259	0.1161393494
9260	0.1161355177
9261	0.1161305748
9262	0.1161278923
9263	0.1161222342
9264	0.1161206882
9265	0.1161173654
9266	0.1161144463
9267	0.1161106664
9268	0.1161085664
9269	0.1161063441
9270	0.1161026341
9271	0.1160989187
9272	0.1160963153
9273	0.1160924086
9274	0.1160892176
9275	0.1160851363
9276	0.1160816406
9277	0.1160796761
9278	0.1160732677
9279	0.1160690575
9280	0.1160620147
9281	0.1160589758
9282	0.1160570769
9283	0.1160537969
9284	0.1160517877
9285	0.1160485856
9286	0.1160448434
9287	0.1160399055
9288	0.1160340695
9289	0.1160261876
9290	0.1160248736
9291	0.1160164363
9292	0.1160129458
9293	0.1160070756
9294	0.1160009546
9295	0.1159991022
9296	0.1159972662
9297	0.1159962374
9298	0.1159917349
9299	0.1159886124
9300	0.1159877772
9301	0.1159820149
9302	0.1159778693
9303	0.1159770445
9304	0.1159740724
9305	0.1159729233
9306	0.1159696149
9307	0.1159586254
9308	0.1159550278
9309	0.1159540905
9310	0.1159472942
9311	0.1159448001
9312	0.1159406748
9313	0.1159372143
9314	0.1159325404
9315	0.1159247762
9316	0.1159227659
9317	0.1159178528
9318	0.1159166976
9319	0.1159106688
9320	0.115906719
9321	0.1159034994
9322	0.1159000798
9323	0.115895535
9324	0.1158913531
9325	0.1158873414
9326	0.1158858905
9327	0.1158791065
9328	0.115873826
9329	0.1158715473
9330	0.1158658369
9331	0.115862105
9332	0.1158571923
9333	0.1158545168
9334	0.1158507244
9335	0.1158504959
9336	0.115846307
9337	0.1158429406
9338	0.1158344405
9339	0.1158322623
9340	0.1158250214
9341	0.1158182254
9342	0.1158139654
9343	0.1158102425
9344	0.1158054154
9345	0.115802941
9346	0.1158019711
9347	0.1157989181
9348	0.1157963546
9349	0.1157916559
9350	0.1157842278
9351	0.1157783822
9352	0.1157718985
9353	0.1157657567
9354	0.1157616277
9355	0.1157587558
9356	0.1157559688
9357	0.1157500203
9358	0.1157440393
9359	0.1157417375
9360	0.1157396657
9361	0.1157345654
9362	0.1157313808
9363	0.1157290072
9364	0.1157262826
9365	0.1157216136
9366	0.1157195239
9367	0.1157127077
9368	0.1157104077
9369	0.1157077482
9370	0.1157045696
9371	0.1157022807
9372	0.1157000333
9373	0.1156992074
9374	0.1156956335
9375	0.1156933983
9376	0.115690393
9377	0.1156861117
9378	0.115681611
9379	0.1156769507
9380	0.1156744384
9381	0.1156712334
9382	0.1156629294
9383	0.1156603107
9384	0.1156540623
9385	0.1156506229
9386	0.1156463327
9387	0.1156441976
9388	0.1156426598
9389	0.1156390758
9390	0.1156302321
9391	0.1156291403
9392	0.1156259039
9393	0.1156236661
9394	0.1156204249
9395	0.115618702
9396	0.115616163
9397	0.1156133757
9398	0.1156032578
9399	0.1155994259
9400	0.1155933724
9401	0.1155908449
9402	0.115586359
9403	0.1155831986
9404	0.1155801528
9405	0.1155733357
9406	0.1155693535
9407	0.1155659066
9408	0.1155626606
9409	0.1155598994
9410	0.1155586396
9411	0.1155552641
9412	0.1155507559
9413	0.1155480422
9414	0.1155446693
9415	0.1155442618
9416	0.1155434143
9417	0.1155337572
9418	0.1155262757
9419	0.1155212298
9420	0.1155159586
9421	0.1155095448
9422	0.1155043982
9423	0.1155030229
9424	0.1155019342
9425	0.1154984642
9426	0.1154953585
9427	0.1154940765
9428	0.1154910681
9429	0.1154896987
9430	0.1154848222
9431	0.1154836858
9432	0.1154770332
9433	0.1154734454
9434	0.115469649
9435	0.1154673969
9436	0.1154649788
9437	0.1154623488
9438	0.1154600699
9439	0.1154534007
9440	0.1154497258
9441	0.1154466053
9442	0.1154429463
9443	0.1154411514
9444	0.1154394612
9445	0.115436473
9446	0.1154345107
9447	0.1154311747
9448	0.1154263003
9449	0.115423185
9450	0.1154182576
9451	0.1154155544
9452	0.1154093383
9453	0.1154073024
9454	0.1154042749
9455	0.1153983376
9456	0.1153970707
9457	0.1153903158
9458	0.1153824933
9459	0.1153764317
9460	0.1153710005
9461	0.1153644905
9462	0.1153623627
9463	0.1153589684
9464	0.1153551174
9465	0.1153541435
9466	0.1153514848
9467	0.1153485896
9468	0.115346116
9469	0.1153431975
9470	0.115339023
9471	0.1153369214
9472	0.1153356706
9473	0.115330681
9474	0.1153270458
9475	0.1153185358
9476	0.1153180687
9477	0.1153161202
9478	0.1153108966
9479	0.1153052405
9480	0.115301317
9481	0.1152983253
9482	0.1152936559
9483	0.1152903449
9484	0.1152827496
9485	0.1152768481
9486	0.1152681428
9487	0.1152651566
9488	0.115257347
9489	0.1152532754
9490	0.1152520047
9491	0.1152478597
9492	0.1152447969
9493	0.1152432317
9494	0.1152379676
9495	0.1152338965
9496	0.1152319909
9497	0.1152302718
9498	0.1152248503
9499	0.1152240662
9500	0.1152184729
9501	0.115216286
9502	0.115211976
9503	0.1152098453
9504	0.1152080771
9505	0.1152030197
9506	0.1152016724
9507	0.1151982305
9508	0.1151950496
9509	0.1151903762
9510	0.1151836426
9511	0.1151821735
9512	0.1151772616
9513	0.1151725012
9514	0.1151701863
9515	0.1151685214
9516	0.1151663488
9517	0.1151629419
9518	0.1151605646
9519	0.115155312
9520	0.1151514318
9521	0.1151461411
9522	0.1151390958
9523	0.1151340909
9524	0.1151263217
9525	0.1151235529
9526	0.1151184046
9527	0.1151153709
9528	0.1151129538
9529	0.1151076376
9530	0.1151066956
9531	0.1151030097
9532	0.1151012921
9533	0.1150946268
9534	0.115086899
9535	0.1150859471
9536	0.1150846722
9537	0.1150788811
9538	0.1150701862
9539	0.1150638277
9540	0.115060335
9541	0.115058859
9542	0.1150519605
9543	0.1150465552
9544	0.1150461496
9545	0.115044699
9546	0.1150371674
9547	0.1150348213
9548	0.1150259957
9549	0.1150225936
9550	0.1150203887
9551	0.1150179008
9552	0.115014363
9553	0.1150079796
9554	0.1149994604
9555	0.1149942281
9556	0.1149899933
9557	0.1149856147
9558	0.1149834911
9559	0.1149808904
9560	0.1149735606
9561	0.1149723897
9562	0.1149715643
9563	0.1149665777
9564	0.1149609582
9565	0.1149548546
9566	0.1149491607
9567	0.1149466359
9568	0.1149443302
9569	0.114942076
9570	0.1149372723
9571	0.1149348475
9572	0.1149254079
9573	0.1149241738
9574	0.1149174738
9575	0.1149127666
9576	0.1149092848
9577	0.1149029472
9578	0.1148998958
9579	0.1148966038
9580	0.1148944458
9581	0.114886797
9582	0.1148861453
9583	0.1148795742
9584	0.1148716233
9585	0.1148690551
9586	0.1148644589
9587	0.1148575527
9588	0.1148528915
9589	0.1148518193
9590	0.1148505604
9591	0.1148472429
9592	0.114846482
9593	0.1148441732
9594	0.1148431846
9595	0.1148415861
9596	0.114837338
9597	0.1148329596
9598	0.1148310211
9599	0.1148249282
9600	0.1148227623
9601	0.1148197647
9602	0.1148144402
9603	0.1148054635
9604	0.1148012528
9605	0.1147950388
9606	0.1147941897
9607	0.1147929023
9608	0.1147891468
9609	0.1147858035
9610	0.1147813575
9611	0.1147789442
9612	0.1147730251
9613	0.11476712
9614	0.1147661169
9615	0.1147634814
9616	0.1147580129
9617	0.1147552429
9618	0.1147505849
9619	0.1147493237
9620	0.1147406686
9621	0.1147370854
9622	0.1147327575
9623	0.1147296263
9624	0.114726391
9625	0.1147223176
9626	0.1147204967
9627	0.1147181394
9628	0.1147134562
9629	0.114704206
9630	0.1147013081
9631	0.1146983603
9632	0.1146909724
9633	0.1146860787
9634	0.1146828055
9635	0.1146766911
9636	0.1146737661
9637	0.1146726704
9638	0.1146676718
9639	0.1146640404
9640	0.1146603995
9641	0.1146593022
9642	0.1146513309
9643	0.1146493276
9644	0.1146455938
9645	0.1146428777
9646	0.1146370595
9647	0.1146342901
9648	0.1146305064
9649	0.1146207775
9650	0.1146194342
9651	0.1146185712
9652	0.1146118161
9653	0.1146073313
9654	0.1146017187
9655	0.1145976888
9656	0.1145939874
9657	0.1145859757
9658	0.114585402
9659	0.1145781592
9660	0.114577774
9661	0.1145742103
9662	0.1145703767
9663	0.114563706
9664	0.1145627897
9665	0.1145604414
9666	0.1145582379
9667	0.1145499825
9668	0.1145473279
9669	0.1145410299
9670	0.1145368714
9671	0.1145348242
9672	0.114533837
9673	0.1145226802
9674	0.114520477
9675	0.1145167357
9676	0.1145148707
9677	0.1145129163
9678	0.1145083291
9679	0.1145043278
9680	0.1145011131
9681	0.1144984432
9682	0.1144967432
9683	0.1144934669
9684	0.114490408
9685	0.1144862176
9686	0.1144831262
9687	0.1144805704
9688	0.1144783821
9689	0.1144752208
9690	0.1144736654
9691	0.1144700046
9692	0.1144635703
9693	0.1144606011
9694	0.1144537265
9695	0.1144524528
9696	0.1144508342
9697	0.1144448919
9698	0.1144380776
9699	0.1144350484
9700	0.1144325719
9701	0.1144306483
9702	0.11442639
9703	0.1144193268
9704	0.1144155809
9705	0.1144123439
9706	0.1144070803
9707	0.1144041001
9708	0.1143995314
9709	0.1143938214
9710	0.1143876935
9711	0.1143820471
9712	0.1143757785
9713	0.1143715194
9714	0.11436859
9715	0.1143660438
9716	0.1143631127
9717	0.1143583699
9718	0.114353053
9719	0.1143479785
9720	0.114341778
9721	0.1143377227
9722	0.1143328792
9723	0.1143270175
9724	0.1143233872
9725	0.1143171801
9726	0.1143158879
9727	0.1143148273
9728	0.1143124633
9729	0.1143059109
9730	0.1143037162
9731	0.1142995805
9732	0.1142980691
9733	0.1142965619
9734	0.1142905662
9735	0.11428374
9736	0.1142801007
9737	0.1142733823
9738	0.1142636788
9739	0.1142588989
9740	0.1142535023
9741	0.1142520558
9742	0.1142472363
9743	0.1142437018
9744	0.1142416422
9745	0.1142403625
9746	0.1142375819
9747	0.1142360435
9748	0.1142332966
9749	0.1142316948
9750	0.1142253887
9751	0.1142216434
9752	0.1142200988
9753	0.1142120624
9754	0.1142094605
9755	0.1142075504
9756	0.1142073472
9757	0.1142049976
9758	0.1142026892
9759	0.1142013692
9760	0.1141985912
9761	0.114197301
9762	0.1141947012
9763	0.114184937
9764	0.1141818901
9765	0.1141792573
9766	0.11417443
9767	0.1141713173
9768	0.1141699235
9769	0.1141659205
9770	0.1141646791
9771	0.1141592082
9772	0.1141554729
9773	0.1141537795
9774	0.1141502047
9775	0.114142725
9776	0.1141383704
9777	0.114137494
9778	0.1141348797
9779	0.1141301877
9780	0.1141281579
9781	0.114121798
9782	0.1141200724
9783	0.1141148593
9784	0.1141101686
9785	0.1141090705
9786	0.1141063489
9787	0.1141044515
9788	0.1140989732
9789	0.1140907596
9790	0.1140839214
9791	0.1140814889
9792	0.1140803045
9793	0.1140780095
9794	0.114072114
9795	0.1140675431
9796	0.1140648659
9797	0.1140633637
9798	0.1140593508
9799	0.11405863
9800	0.1140571091
9801	0.1140527182
9802	0.1140446818
9803	0.1140387229
9804	0.1140367597
9805	0.1140346919
9806	0.1140273126
9807	0.1140224798
9808	0.1140185402
9809	0.1140138428
9810	0.1140078546
9811	0.1140020237
9812	0.1139988905
9813	0.1139972148
9814	0.1139919422
9815	0.1139901384
9816	0.1139858593
9817	0.1139828775
9818	0.1139771063
9819	0.1139744881
9820	0.1139688791
9821	0.1139651669
9822	0.1139630314
9823	0.1139600836
9824	0.1139545526
9825	0.113953954
9826	0.1139517927
9827	0.1139472205
9828	0.1139452075
9829	0.1139405401
9830	0.1139402904
9831	0.1139394393
9832	0.1139344321
9833	0.1139279816
9834	0.1139254192
9835	0.1139218052
9836	0.1139175707
9837	0.1139115258
9838	0.1139055677
9839	0.1138998381
9840	0.1138954472
9841	0.1138941778
9842	0.1138916883
9843	0.113888101
9844	0.1138859211
9845	0.1138842565
9846	0.1138821211
9847	0.1138795126
9848	0.1138729253
9849	0.1138652545
9850	0.1138630384
9851	0.1138629485
9852	0.1138600383
9853	0.1138535343
9854	0.1138493001
9855	0.1138446002
9856	0.1138390571
9857	0.1138348315
9858	0.1138325227
9859	0.1138280923
9860	0.1138221693
9861	0.1138168124
9862	0.1138153679
9863	0.1138147257
9864	0.1138087398
9865	0.1138040142
9866	0.1138022329
9867	0.1137972053
9868	0.1137903775
9869	0.1137873061
9870	0.1137846877
9871	0.1137812985
9872	0.1137781887
9873	0.1137744993
9874	0.1137710739
9875	0.113766771
9876	0.1137646483
9877	0.1137618557
9878	0.1137572881
9879	0.1137538302
9880	0.1137502638
9881	0.113742506
9882	0.113736687
9883	0.1137355045
9884	0.1137329182
9885	0.1137314487
9886	0.113729444
9887	0.1137260904
9888	0.1137227391
9889	0.1137147397
9890	0.1137108012
9891	0.1137035602
9892	0.1136991068
9893	0.1136965858
9894	0.1136900899
9895	0.1136832626
9896	0.1136798696
9897	0.1136780504
9898	0.1136719953
9899	0.1136671848
9900	0.1136651385
9901	0.1136586104
9902	0.1136569628
9903	0.1136553794
9904	0.1136495125
9905	0.1136457814
9906	0.1136385055
9907	0.1136306556
9908	0.1136249029
9909	0.113620206
9910	0.1136146376
9911	0.113613449
9912	0.1136093945
9913	0.113606762
9914	0.1136040647
9915	0.113600409
9916	0.1135978397
9917	0.1135930405
9918	0.1135886508
9919	0.1135813517
9920	0.1135769636
9921	0.1135743068
9922	0.1135696012
9923	0.1135653852
9924	0.1135637914
9925	0.113560946
9926	0.1135600073
9927	0.1135571407
9928	0.1135514875
9929	0.1135452459
9930	0.1135397692
9931	0.1135369498
9932	0.1135319166
9933	0.1135239282
9934	0.1135203829
9935	0.1135135964
9936	0.1135119744
9937	0.1135061598
9938	0.1135025283
9939	0.1135001708
9940	0.1134940057
9941	0.1134885392
9942	0.1134853964
9943	0.1134796746
9944	0.1134772473
9945	0.1134685501
9946	0.1134674949
9947	0.113465168
9948	0.1134611161
9949	0.1134604922
9950	0.1134585232
9951	0.113455392
9952	0.1134508639
9953	0.1134474782
9954	0.1134416824
9955	0.1134378624
9956	0.1134347516
9957	0.1134339093
9958	0.1134280686
9959	0.1134271333
9960	0.1134225303
9961	0.1134180027
9962	0.1134155269
9963	0.1134121822
9964	0.1134083006
9965	0.1134036699
9966	0.1134010951
9967	0.1133933564
9968	0.1133916658
9969	0.113390063
9970	0.1133804813
9971	0.1133779111
9972	0.1133760594
9973	0.1133719101
9974	0.1133689141
9975	0.1133629745
9976	0.1133579882
9977	0.1133536587
9978	0.113347615
9979	0.1133462919
9980	0.1133382806
9981	0.1133351787
9982	0.1133307364
9983	0.1133287366
9984	0.1133254886
9985	0.1133178412
9986	0.1133122349
9987	0.1133085218
9988	0.1132999483
9989	0.1132948805
9990	0.1132898311
9991	0.1132805943
9992	0.1132780265
9993	0.1132706347
9994	0.1132676736
9995	0.1132632015
9996	0.1132587747
9997	0.1132519351
9998	0.1132469067
9999	0.1132450687
