iter	Passed	Remaining
0	89	899012
1	176	880653
2	261	870109
3	344	860357
4	463	926017
5	581	968317
6	702	1003478
7	813	1016294
8	937	1041246
9	1053	1052055
10	1187	1078071
11	1315	1094824
12	1457	1119981
13	1558	1111984
14	1666	1109229
15	1765	1101931
16	1856	1090262
17	1926	1068511
18	2013	1057595
19	2093	1044830
20	2176	1034369
21	2254	1022575
22	2341	1015539
23	2422	1007072
24	2508	1000808
25	2603	998604
26	2689	993437
27	2767	985742
28	2866	985414
29	2945	979022
30	3047	979968
31	3154	982746
32	3289	993557
33	3381	991262
34	3473	988928
35	3563	986332
36	3642	980836
37	3738	979992
38	3822	976326
39	3902	971816
40	3989	969144
41	4080	967435
42	4168	965299
43	4289	970594
44	4400	973502
45	4506	975094
46	4590	972147
47	4692	972836
48	4789	972707
49	4975	990126
50	5059	987038
51	5201	995024
52	5275	990171
53	5349	985300
54	5433	982558
55	5511	978759
56	5593	975783
57	5661	970480
58	5723	964414
59	5786	958646
60	5855	954049
61	5949	953713
62	6051	954522
63	6158	956074
64	6240	953807
65	6354	956489
66	6474	959883
67	6587	962228
68	6672	960368
69	6804	965241
70	6910	966468
71	7054	972786
72	7157	973354
73	7245	971825
74	7358	973713
75	7435	970945
76	7498	966286
77	7573	963430
78	7637	959098
79	7718	957100
80	7797	954868
81	7878	952957
82	7981	953672
83	8089	954995
84	8198	956306
85	8279	954460
86	8356	952215
87	8434	949984
88	8516	948361
89	8608	947897
90	8693	946617
91	8810	948903
92	8914	949604
93	9021	950681
94	9131	952101
95	9244	953682
96	9392	958891
97	9493	959215
98	9592	959320
99	9689	959290
100	9769	957533
101	9867	957544
102	9965	957557
103	10039	955327
104	10141	955715
105	10242	955985
106	10343	956361
107	10421	954547
108	10534	955896
109	10628	955634
110	10740	956845
111	10868	959534
112	10968	959708
113	11055	958727
114	11137	957327
115	11232	957100
116	11300	954579
117	11397	954532
118	11466	952145
119	11550	951001
120	11637	950135
121	11700	947325
122	11776	945700
123	11871	945532
124	12011	948946
125	12120	949837
126	12224	950357
127	12298	948521
128	12375	946940
129	12473	947042
130	12566	946726
131	12660	946448
132	12757	946436
133	12866	947289
134	12968	947676
135	13052	946709
136	13133	945530
137	13226	945230
138	13309	944173
139	13383	942562
140	13460	941190
141	13548	940546
142	13652	941073
143	13744	940706
144	13843	940907
145	13938	940746
146	14031	940509
147	14127	940413
148	14228	940703
149	14305	939382
150	14399	939205
151	14501	939538
152	14575	938067
153	14658	937222
154	14748	936770
155	14816	934962
156	14888	933449
157	14970	932520
158	15049	931444
159	15131	930577
160	15191	928377
161	15266	927085
162	15340	925791
163	15423	925028
164	15522	925212
165	15677	928745
166	15772	928676
167	15865	928528
168	15944	927522
169	16024	926605
170	16124	926833
171	16206	926018
172	16283	924936
173	16383	925198
174	16500	926391
175	16567	924767
176	16652	924140
177	16720	922646
178	16805	922029
179	16877	920784
180	16977	920985
181	17062	920446
182	17128	918863
183	17195	917337
184	17257	915570
185	17332	914543
186	17399	913068
187	17496	913181
188	17576	912418
189	17668	912246
190	17763	912272
191	17845	911600
192	17954	912313
193	18062	912971
194	18177	914014
195	18285	914668
196	18426	916949
197	18513	916507
198	18586	915431
199	18760	919249
200	18835	918275
201	18913	917390
202	18989	916429
203	19062	915356
204	19139	914487
205	19229	914250
206	19347	915292
207	19450	915681
208	19544	915593
209	19639	915574
210	19717	914763
211	19812	914736
212	19908	914745
213	20003	914730
214	20096	914615
215	20249	917206
216	20335	916776
217	20436	917020
218	20526	916767
219	20610	916231
220	20688	915446
221	20750	913969
222	20825	913034
223	20887	911606
224	20949	910132
225	21033	909638
226	21130	909736
227	21227	909823
228	21323	909815
229	21419	909870
230	21498	909183
231	21590	909034
232	21677	908668
233	21749	907715
234	21883	909314
235	21971	909035
236	22087	909889
237	22164	909123
238	22254	908892
239	22347	908808
240	22436	908531
241	22519	908020
242	22583	906768
243	22665	906249
244	22742	905522
245	22820	904852
246	22927	905327
247	23018	905134
248	23134	905976
249	23226	905827
250	23360	907338
251	23471	907953
252	23558	907626
253	23642	907157
254	23752	907731
255	23904	909880
256	24047	911662
257	24184	913205
258	24307	914197
259	24464	916464
260	24580	917195
261	24689	917656
262	24779	917402
263	24913	918771
264	25009	918759
265	25131	919650
266	25247	920360
267	25362	920991
268	25449	920618
269	25564	921263
270	25675	921746
271	25810	923092
272	25908	923136
273	26053	924820
274	26193	926301
275	26274	925716
276	26386	926195
277	26487	926285
278	26583	926224
279	26666	925717
280	26791	926626
281	26887	926568
282	26986	926614
283	27063	925885
284	27183	926631
285	27316	927800
286	27396	927195
287	27493	927143
288	27567	926341
289	27721	928194
290	27801	927561
291	27915	928087
292	28001	927673
293	28093	927452
294	28181	927115
295	28263	926577
296	28401	927865
297	28466	926773
298	28535	925829
299	28619	925378
300	28700	924816
301	28807	925090
302	28907	925137
303	29005	925138
304	29112	925384
305	29211	925422
306	29295	924956
307	29406	925362
308	29512	925580
309	29618	925808
310	29688	924927
311	29774	924524
312	29842	923585
313	29937	923495
314	30078	924802
315	30163	924382
316	30250	924015
317	30311	922891
318	30378	921911
319	30470	921720
320	30559	921452
321	30629	920582
322	30709	920043
323	30805	919976
324	30922	920532
325	31027	920723
326	31115	920418
327	31214	920456
328	31301	920101
329	31406	920296
330	31533	921144
331	31638	921333
332	31720	920853
333	31817	920796
334	31888	920021
335	31976	919693
336	32125	921159
337	32198	920409
338	32275	919803
339	32377	919911
340	32475	919897
341	32601	920648
342	32696	920542
343	32780	920139
344	32877	920081
345	32985	920351
346	33112	921124
347	33253	922306
348	33350	922252
349	33438	921934
350	33529	921721
351	33626	921659
352	33720	921521
353	33781	920505
354	33859	919921
355	33923	918970
356	34002	918454
357	34091	918184
358	34181	917939
359	34362	920138
360	34472	920442
361	34598	921171
362	34702	921302
363	34780	920739
364	34858	920169
365	34958	920193
366	35071	920557
367	35181	920840
368	35275	920712
369	35376	920733
370	35451	920122
371	35527	919522
372	35615	919225
373	35705	918990
374	35795	918749
375	35882	918443
376	35966	918057
377	36031	917190
378	36101	916442
379	36279	918435
380	36386	918636
381	36494	918866
382	36596	918934
383	36672	918329
384	36767	918225
385	36862	918124
386	36963	918154
387	37044	917715
388	37136	917533
389	37204	916745
390	37269	915917
391	37337	915147
392	37427	914927
393	37511	914556
394	37580	913817
395	37659	913342
396	37738	912856
397	37819	912419
398	37901	912020
399	38001	912029
400	38083	911625
401	38177	911511
402	38276	911506
403	38357	911092
404	38487	911824
405	38575	911557
406	38670	911457
407	38806	912337
408	38909	912430
409	39004	912335
410	39142	913226
411	39268	913861
412	39369	913884
413	39452	913507
414	39527	912932
415	39626	912926
416	39707	912507
417	39814	912676
418	39940	913301
419	40040	913314
420	40168	913946
421	40302	914725
422	40430	915374
423	40560	916044
424	40699	916943
425	40900	919201
426	41032	919920
427	41143	920143
428	41318	921814
429	41414	921706
430	41569	922927
431	41732	924303
432	41897	925703
433	42046	926773
434	42220	928369
435	42389	929845
436	42527	930635
437	42685	931858
438	42810	932378
439	42947	933125
440	43056	933288
441	43137	932830
442	43238	932805
443	43335	932697
444	43442	932789
445	43594	933870
446	43746	934932
447	43851	934967
448	43963	935179
449	44062	935112
450	44176	935341
451	44427	938478
452	44581	939559
453	44721	940332
454	44866	941207
455	44952	940850
456	45049	940711
457	45201	941734
458	45395	943602
459	45498	943589
460	45632	944228
461	45740	944317
462	45822	943871
463	45914	943614
464	46035	943975
465	46156	944335
466	46256	944243
467	46372	944501
468	46500	944975
469	46619	945292
470	46767	946175
471	46922	947195
472	47017	947008
473	47111	946807
474	47214	946777
475	47367	947752
476	47477	947853
477	47583	947886
478	47704	948204
479	47815	948333
480	47941	948761
481	48088	949607
482	48210	949928
483	48411	951832
484	48540	952288
485	48737	954099
486	48822	953700
487	48911	953380
488	49001	953069
489	49155	954010
490	49236	953552
491	49318	953098
492	49407	952780
493	49511	952739
494	49617	952758
495	49720	952702
496	49834	952879
497	49954	953156
498	50112	954151
499	50256	954871
500	50394	955484
501	50595	957292
502	50702	957299
503	50792	956992
504	50919	957395
505	51045	957756
506	51227	959184
507	51345	959395
508	51458	959518
509	51581	959820
510	51684	959759
511	51789	959717
512	51899	959777
513	52016	959978
514	52167	960794
515	52328	961790
516	52497	962928
517	52628	963371
518	52756	963748
519	52920	964783
520	53045	965106
521	53170	965429
522	53283	965521
523	53365	965056
524	53464	964907
525	53585	965143
526	53694	965169
527	53837	965820
528	53962	966130
529	54100	966659
530	54201	966537
531	54318	966697
532	54450	967132
533	54572	967391
534	54762	968843
535	54882	969048
536	55019	969543
537	55119	969404
538	55210	969097
539	55298	968746
540	55367	968068
541	55449	967607
542	55516	966887
543	55630	966989
544	55723	966721
545	55806	966296
546	55880	965709
547	55981	965576
548	56063	965136
549	56153	964812
550	56252	964669
551	56334	964219
552	56466	964629
553	56561	964409
554	56636	963847
555	56721	963442
556	56807	963083
557	56888	962612
558	56963	962053
559	57036	961478
560	57103	960781
561	57180	960264
562	57261	959811
563	57354	959572
564	57450	959364
565	57528	958873
566	57624	958676
567	57703	958206
568	57779	957674
569	57875	957481
570	57978	957411
571	58125	958051
572	58245	958256
573	58383	958749
574	58490	958737
575	58583	958484
576	58660	957979
577	58773	958076
578	58846	957505
579	58951	957454
580	59102	958151
581	59221	958326
582	59330	958345
583	59449	958514
584	59587	959005
585	59743	959770
586	59843	959633
587	59952	959652
588	60063	959694
589	60159	959491
590	60274	959605
591	60364	959299
592	60439	958778
593	60543	958713
594	60635	958451
595	60719	958070
596	60812	957818
597	60939	958111
598	61080	958623
599	61204	958874
600	61363	959654
601	61514	960314
602	61639	960575
603	61796	961331
604	61926	961657
605	62086	962450
606	62242	963165
607	62353	963196
608	62431	962710
609	62516	962340
610	62693	963392
611	62797	963308
612	62894	963111
613	62981	962778
614	63063	962363
615	63161	962187
616	63331	963108
617	63436	963039
618	63536	962906
619	63631	962676
620	63735	962606
621	63873	963032
622	63996	963239
623	64071	962710
624	64146	962195
625	64216	961605
626	64288	961041
627	64374	960694
628	64453	960245
629	64535	959834
630	64613	959368
631	64692	958917
632	64771	958481
633	64854	958091
634	64951	957913
635	65060	957910
636	65146	957555
637	65244	957390
638	65362	957522
639	65464	957424
640	65552	957112
641	65637	956752
642	65776	957179
643	65868	956940
644	65961	956692
645	66035	956186
646	66146	956206
647	66234	955908
648	66334	955765
649	66426	955514
650	66493	954907
651	66582	954615
652	66647	953993
653	66756	953987
654	66844	953681
655	66951	953655
656	67053	953549
657	67156	953465
658	67259	953366
659	67346	953052
660	67428	952669
661	67537	952667
662	67654	952772
663	67747	952541
664	67837	952281
665	67939	952170
666	68035	951986
667	68107	951471
668	68190	951097
669	68269	950678
670	68406	951064
671	68487	950670
672	68596	950671
673	68711	950742
674	68832	950908
675	68952	951052
676	69053	950937
677	69162	950933
678	69273	950954
679	69408	951301
680	69534	951535
681	69643	951527
682	69743	951387
683	69814	950868
684	69901	950555
685	69970	950003
686	70052	949631
687	70135	949280
688	70218	948917
689	70299	948531
690	70406	948497
691	70484	948072
692	70564	947685
693	70666	947585
694	70780	947645
695	70904	947837
696	71004	947707
697	71081	947277
698	71170	947010
699	71288	947120
700	71367	946718
701	71454	946412
702	71539	946092
703	71613	945628
704	71701	945345
705	71793	945105
706	71896	945021
707	72037	945443
708	72154	945543
709	72300	946020
710	72387	945723
711	72472	945393
712	72557	945078
713	72626	944557
714	72716	944291
715	72860	944742
716	72962	944649
717	73043	944272
718	73137	944073
719	73243	944029
720	73309	943467
721	73389	943090
722	73468	942694
723	73530	942085
724	73595	941513
725	73661	940964
726	73753	940739
727	73857	940668
728	73960	940589
729	74035	940154
730	74141	940102
731	74251	940109
732	74354	940032
733	74497	940460
734	74584	940170
735	74683	940038
736	74775	939813
737	74865	939568
738	74949	939249
739	75039	939007
740	75109	938513
741	75185	938101
742	75275	937853
743	75360	937549
744	75439	937176
745	75503	936602
746	75576	936161
747	75656	935796
748	75731	935366
749	75832	935267
750	75929	935116
751	76008	934740
752	76109	934635
753	76207	934500
754	76316	934498
755	76408	934281
756	76507	934164
757	76574	933640
758	76640	933115
759	76728	932856
760	76807	932483
761	76878	932030
762	76958	931668
763	77039	931335
764	77107	930829
765	77182	930426
766	77265	930108
767	77372	930083
768	77477	930028
769	77575	929898
770	77649	929472
771	77750	929377
772	77851	929284
773	77952	929188
774	78017	928654
775	78105	928409
776	78185	928060
777	78269	927767
778	78341	927320
779	78417	926929
780	78496	926575
781	78625	926820
782	78727	926736
783	78806	926382
784	78885	926028
785	78976	925810
786	79067	925600
787	79161	925424
788	79235	925015
789	79314	924663
790	79392	924304
791	79491	924184
792	79594	924121
793	79682	923879
794	79783	923780
795	79956	924523
796	80034	924159
797	80108	923753
798	80178	923306
799	80261	923008
800	80344	922702
801	80417	922299
802	80492	921904
803	80571	921565
804	80633	921029
805	80731	920904
806	80827	920746
807	80920	920574
808	81010	920360
809	81120	920372
810	81228	920360
811	81373	920760
812	81461	920529
813	81531	920084
814	81614	919788
815	81703	919563
816	81796	919379
817	81857	918848
818	81937	918515
819	82038	918426
820	82108	917996
821	82172	917487
822	82249	917139
823	82325	916774
824	82399	916377
825	82469	915954
826	82561	915765
827	82656	915613
828	82753	915476
829	82848	915328
830	82941	915150
831	83059	915250
832	83147	915016
833	83232	914759
834	83301	914323
835	83372	913909
836	83463	913710
837	83530	913258
838	83607	912910
839	83689	912618
840	83770	912312
841	83835	911833
842	83912	911485
843	83994	911201
844	84084	911002
845	84161	910658
846	84267	910627
847	84373	910599
848	84464	910405
849	84560	910268
850	84664	910212
851	84765	910132
852	84855	909931
853	84931	909577
854	85029	909472
855	85108	909150
856	85178	908735
857	85252	908367
858	85331	908055
859	85398	907611
860	85474	907262
861	85565	907075
862	85635	906666
863	85696	906165
864	85760	905692
865	85860	905602
866	85961	905519
867	86060	905424
868	86141	905127
869	86228	904903
870	86309	904615
871	86401	904437
872	86504	904378
873	86623	904490
874	86714	904306
875	86802	904094
876	86884	903820
877	86977	903651
878	87058	903363
879	87125	902938
880	87200	902589
881	87266	902148
882	87332	901708
883	87393	901217
884	87468	900871
885	87537	900469
886	87642	900431
887	87747	900401
888	87842	900260
889	87940	900153
890	88036	900031
891	88114	899719
892	88240	899896
893	88398	900398
894	88489	900221
895	88559	899826
896	88643	899574
897	88722	899283
898	88796	898926
899	88865	898529
900	88950	898295
901	89031	898012
902	89099	897603
903	89177	897300
904	89262	897059
905	89353	896886
906	89453	896800
907	89545	896636
908	89648	896578
909	89743	896450
910	89839	896324
911	89935	896203
912	90015	895914
913	90106	895741
914	90191	895505
915	90274	895253
916	90342	894855
917	90431	894664
918	90513	894402
919	90597	894153
920	90668	893788
921	90749	893519
922	90836	893306
923	90909	892955
924	91008	892863
925	91094	892649
926	91195	892576
927	91343	892965
928	91602	894432
929	91756	894870
930	91848	894705
931	91947	894617
932	92027	894331
933	92157	894538
934	92244	894324
935	92390	894684
936	92500	894695
937	92612	894728
938	92690	894431
939	92786	894301
940	92854	893914
941	92946	893745
942	93026	893464
943	93109	893219
944	93201	893058
945	93347	893413
946	93429	893158
947	93529	893071
948	93599	892692
949	93667	892305
950	93766	892212
951	93864	892102
952	93949	891877
953	94083	892120
954	94188	892078
955	94294	892046
956	94381	891837
957	94475	891697
958	94566	891528
959	94632	891122
960	94706	890795
961	94815	890794
962	94887	890443
963	94971	890210
964	95094	890336
965	95190	890218
966	95267	889914
967	95361	889781
968	95455	889639
969	95592	889897
970	95748	890329
971	95823	890011
972	95934	890034
973	96022	889838
974	96108	889618
975	96179	889268
976	96260	889007
977	96344	888768
978	96405	888329
979	96478	887992
980	96580	887934
981	96645	887524
982	96710	887121
983	96789	886844
984	96867	886558
985	96961	886419
986	97055	886285
987	97128	885957
988	97220	885797
989	97312	885640
990	97386	885319
991	97478	885164
992	97588	885175
993	97674	884963
994	97758	884735
995	97847	884553
996	97934	884355
997	98025	884195
998	98088	883780
999	98162	883463
1000	98223	883030
1001	98301	882746
1002	98409	882742
1003	98491	882500
1004	98592	882425
1005	98679	882231
1006	98786	882213
1007	98867	881964
1008	98954	881766
1009	99078	881900
1010	99162	881673
1011	99259	881563
1012	99388	881742
1013	99488	881658
1014	99569	881408
1015	99661	881262
1016	99751	881091
1017	99829	880814
1018	99927	880713
1019	100003	880419
1020	100082	880158
1021	100154	879832
1022	100218	879435
1023	100296	879161
1024	100382	878960
1025	100480	878864
1026	100558	878588
1027	100647	878415
1028	100757	878422
1029	100850	878283
1030	100947	878178
1031	101061	878219
1032	101144	877990
1033	101226	877751
1034	101313	877557
1035	101397	877346
1036	101484	877153
1037	101572	876963
1038	101648	876679
1039	101711	876284
1040	101786	875990
1041	101850	875605
1042	101926	875318
1043	101995	874968
1044	102074	874715
1045	102175	874646
1046	102264	874471
1047	102362	874378
1048	102435	874069
1049	102528	873932
1050	102598	873602
1051	102686	873423
1052	102773	873233
1053	102857	873017
1054	102944	872831
1055	103031	872647
1056	103117	872452
1057	103194	872178
1058	103259	871803
1059	103333	871514
1060	103408	871225
1061	103481	870918
1062	103558	870648
1063	103632	870359
1064	103714	870131
1065	103804	869972
1066	103879	869687
1067	103978	869602
1068	104073	869488
1069	104165	869346
1070	104267	869286
1071	104386	869365
1072	104456	869044
1073	104523	868690
1074	104609	868505
1075	104700	868349
1076	104788	868179
1077	104879	868032
1078	104960	867800
1079	105034	867503
1080	105096	867121
1081	105169	866818
1082	105251	866598
1083	105325	866308
1084	105417	866173
1085	105504	865990
1086	105593	865830
1087	105663	865511
1088	105761	865419
1089	105854	865286
1090	105969	865340
1091	106053	865133
1092	106118	864772
1093	106189	864466
1094	106274	864264
1095	106346	863970
1096	106444	863882
1097	106511	863540
1098	106576	863183
1099	106641	862828
1100	106717	862559
1101	106792	862287
1102	106854	861906
1103	106918	861546
1104	107011	861421
1105	107101	861268
1106	107197	861160
1107	107280	860956
1108	107376	860854
1109	107480	860808
1110	107616	861025
1111	107701	860835
1112	107769	860507
1113	107854	860321
1114	107940	860135
1115	108006	859795
1116	108096	859642
1117	108164	859321
1118	108245	859094
1119	108320	858828
1120	108396	858567
1121	108471	858301
1122	108536	857948
1123	108694	858340
1124	108793	858256
1125	108879	858076
1126	108976	857981
1127	109069	857856
1128	109157	857696
1129	109248	857552
1130	109354	857529
1131	109424	857226
1132	109507	857023
1133	109592	856829
1134	109657	856484
1135	109758	856422
1136	109832	856149
1137	109905	855873
1138	109968	855516
1139	110033	855173
1140	110111	854930
1141	110191	854708
1142	110258	854383
1143	110344	854207
1144	110436	854071
1145	110533	853985
1146	110600	853661
1147	110691	853520
1148	110785	853403
1149	110878	853281
1150	110957	853051
1151	111079	853152
1152	111165	852978
1153	111253	852813
1154	111322	852505
1155	111407	852326
1156	111490	852129
1157	111577	851959
1158	111654	851713
1159	111713	851335
1160	111788	851078
1161	111866	850838
1162	111925	850458
1163	111999	850197
1164	112062	849846
1165	112159	849759
1166	112250	849621
1167	112346	849524
1168	112418	849247
1169	112493	848990
1170	112568	848736
1171	112638	848439
1172	112753	848484
1173	112852	848410
1174	112954	848361
1175	113040	848186
1176	113120	847971
1177	113201	847761
1178	113287	847590
1179	113364	847348
1180	113446	847150
1181	113524	846920
1182	113604	846700
1183	113686	846503
1184	113765	846282
1185	113843	846047
1186	113931	845898
1187	114009	845668
1188	114104	845565
1189	114200	845471
1190	114292	845345
1191	114362	845051
1192	114482	845132
1193	114568	844964
1194	114654	844794
1195	114742	844643
1196	114835	844529
1197	114912	844292
1198	114988	844048
1199	115062	843791
1200	115138	843553
1201	115216	843326
1202	115280	842997
1203	115370	842859
1204	115462	842732
1205	115542	842522
1206	115621	842302
1207	115714	842188
1208	115807	842068
1209	115880	841809
1210	115972	841686
1211	116088	841738
1212	116175	841578
1213	116241	841267
1214	116321	841055
1215	116410	840915
1216	116476	840605
1217	116555	840383
1218	116630	840144
1219	116708	839921
1220	116767	839560
1221	116842	839317
1222	116916	839063
1223	116991	838824
1224	117078	838662
1225	117154	838432
1226	117248	838319
1227	117326	838102
1228	117396	837826
1229	117485	837681
1230	117578	837566
1231	117701	837669
1232	117788	837514
1233	117873	837338
1234	117958	837171
1235	118046	837025
1236	118132	836861
1237	118208	836626
1238	118282	836376
1239	118366	836200
1240	118430	835885
1241	118511	835690
1242	118590	835473
1243	118666	835246
1244	118750	835065
1245	118841	834942
1246	118921	834739
1247	118998	834513
1248	119086	834369
1249	119164	834149
1250	119289	834261
1251	119381	834147
1252	119467	833987
1253	119554	833827
1254	119640	833667
1255	119711	833408
1256	119791	833200
1257	119868	832978
1258	119938	832707
1259	120002	832397
1260	120082	832198
1261	120160	831979
1262	120249	831841
1263	120344	831751
1264	120420	831516
1265	120516	831428
1266	120606	831302
1267	120698	831181
1268	120789	831061
1269	120911	831148
1270	120998	830996
1271	121091	830884
1272	121159	830603
1273	121246	830454
1274	121332	830294
1275	121431	830224
1276	121490	829886
1277	121568	829671
1278	121663	829575
1279	121740	829360
1280	121828	829216
1281	121921	829104
1282	122019	829029
1283	122101	828846
1284	122197	828758
1285	122278	828568
1286	122375	828481
1287	122448	828235
1288	122554	828216
1289	122678	828316
1290	122764	828160
1291	122832	827883
1292	122896	827578
1293	122964	827303
1294	123057	827194
1295	123144	827043
1296	123226	826864
1297	123315	826725
1298	123377	826409
1299	123451	826172
1300	123526	825949
1301	123605	825743
1302	123702	825663
1303	123794	825550
1304	123883	825413
1305	123971	825273
1306	124043	825025
1307	124132	824890
1308	124212	824696
1309	124301	824567
1310	124367	824278
1311	124435	824004
1312	124520	823845
1313	124602	823663
1314	124665	823364
1315	124740	823133
1316	124817	822925
1317	124882	822630
1318	124956	822404
1319	125015	822071
1320	125095	821880
1321	125187	821767
1322	125282	821672
1323	125371	821545
1324	125451	821349
1325	125535	821187
1326	125606	820939
1327	125699	820833
1328	125817	820889
1329	125902	820735
1330	125985	820559
1331	126052	820287
1332	126133	820105
1333	126211	819902
1334	126271	819581
1335	126344	819346
1336	126422	819146
1337	126486	818853
1338	126549	818557
1339	126631	818379
1340	126721	818256
1341	126796	818037
1342	126870	817810
1343	126939	817553
1344	127031	817438
1345	127106	817218
1346	127223	817271
1347	127289	816994
1348	127356	816724
1349	127438	816553
1350	127505	816279
1351	127569	815991
1352	127649	815807
1353	127719	815553
1354	127782	815264
1355	127858	815052
1356	127934	814838
1357	128010	814629
1358	128070	814314
1359	128129	814000
1360	128208	813805
1361	128288	813621
1362	128393	813601
1363	128503	813602
1364	128618	813639
1365	128697	813451
1366	128781	813292
1367	128920	813477
1368	129062	813685
1369	129177	813722
1370	129275	813653
1371	129376	813600
1372	129471	813509
1373	129555	813350
1374	129631	813143
1375	129711	812961
1376	129785	812738
1377	129850	812459
1378	129933	812297
1379	130025	812188
1380	130125	812128
1381	130219	812036
1382	130316	811958
1383	130409	811855
1384	130480	811618
1385	130608	811733
1386	130711	811695
1387	130804	811593
1388	130884	811405
1389	130953	811159
1390	131024	810919
1391	131112	810788
1392	131197	810635
1393	131260	810352
1394	131340	810166
1395	131405	809891
1396	131465	809588
1397	131539	809374
1398	131619	809194
1399	131704	809041
1400	131782	808851
1401	131876	808757
1402	131950	808536
1403	132020	808295
1404	132096	808092
1405	132183	807955
1406	132254	807717
1407	132346	807613
1408	132422	807408
1409	132511	807284
1410	132596	807140
1411	132677	806965
1412	132769	806857
1413	132851	806692
1414	132928	806494
1415	133000	806267
1416	133060	805968
1417	133136	805768
1418	133211	805557
1419	133296	805412
1420	133393	805336
1421	133487	805245
1422	133581	805147
1423	133672	805040
1424	133766	804945
1425	133865	804882
1426	133990	804974
1427	134075	804829
1428	134143	804581
1429	134232	804456
1430	134325	804358
1431	134406	804188
1432	134483	803991
1433	134557	803781
1434	134637	803604
1435	134713	803402
1436	134796	803247
1437	134882	803102
1438	134960	802916
1439	135048	802788
1440	135145	802713
1441	135218	802496
1442	135312	802405
1443	135406	802310
1444	135494	802185
1445	135583	802064
1446	135688	802035
1447	135773	801891
1448	135844	801660
1449	135944	801602
1450	136012	801358
1451	136097	801210
1452	136182	801069
1453	136258	800872
1454	136330	800645
1455	136411	800482
1456	136488	800286
1457	136566	800105
1458	136620	799779
1459	136694	799567
1460	136794	799512
1461	136887	799416
1462	136983	799335
1463	137076	799240
1464	137154	799056
1465	137244	798939
1466	137318	798732
1467	137417	798670
1468	137509	798563
1469	137579	798337
1470	137650	798112
1471	137735	797970
1472	137826	797861
1473	137912	797720
1474	137995	797565
1475	138069	797358
1476	138132	797088
1477	138209	796900
1478	138276	796653
1479	138352	796459
1480	138459	796447
1481	138616	796718
1482	138718	796669
1483	138790	796457
1484	138871	796289
1485	138950	796115
1486	139041	796008
1487	139184	796196
1488	139279	796107
1489	139348	795874
1490	139440	795774
1491	139505	795517
1492	139573	795276
1493	139640	795032
1494	139728	794908
1495	139815	794780
1496	139895	794611
1497	139956	794333
1498	140034	794153
1499	140099	793896
1500	140158	793609
1501	140245	793477
1502	140337	793380
1503	140413	793188
1504	140506	793090
1505	140595	792972
1506	140666	792756
1507	140744	792574
1508	140832	792451
1509	140934	792408
1510	141021	792277
1511	141104	792125
1512	141188	791980
1513	141258	791757
1514	141339	791597
1515	141406	791353
1516	141491	791216
1517	141565	791015
1518	141627	790744
1519	141700	790537
1520	141774	790338
1521	141844	790118
1522	141921	789933
1523	141989	789698
1524	142082	789606
1525	142156	789407
1526	142258	789359
1527	142332	789163
1528	142419	789038
1529	142508	788920
1530	142596	788798
1531	142692	788720
1532	142777	788581
1533	142860	788434
1534	142929	788207
1535	143007	788030
1536	143073	787788
1537	143160	787663
1538	143241	787503
1539	143319	787325
1540	143383	787073
1541	143458	786882
1542	143516	786597
1543	143584	786366
1544	143661	786184
1545	143745	786042
1546	143832	785919
1547	143923	785817
1548	144022	785755
1549	144118	785676
1550	144215	785608
1551	144311	785532
1552	144438	785624
1553	144522	785478
1554	144608	785350
1555	144697	785236
1556	144782	785097
1557	144850	784870
1558	144922	784664
1559	145002	784502
1560	145083	784341
1561	145143	784072
1562	145219	783889
1563	145299	783724
1564	145366	783491
1565	145431	783249
1566	145520	783134
1567	145612	783040
1568	145711	782976
1569	145808	782907
1570	145880	782701
1571	145977	782634
1572	146071	782543
1573	146150	782379
1574	146234	782237
1575	146318	782099
1576	146400	781948
1577	146467	781714
1578	146535	781493
1579	146602	781262
1580	146694	781164
1581	146770	780981
1582	146834	780736
1583	146894	780468
1584	146967	780273
1585	147036	780055
1586	147107	779847
1587	147178	779638
1588	147265	779514
1589	147351	779388
1590	147442	779283
1591	147549	779268
1592	147650	779222
1593	147750	779163
1594	147840	779060
1595	147934	778971
1596	148005	778766
1597	148129	778836
1598	148216	778718
1599	148291	778530
1600	148399	778517
1601	148482	778372
1602	148554	778172
1603	148627	777976
1604	148704	777801
1605	148778	777610
1606	148851	777416
1607	148926	777231
1608	149000	777045
1609	149075	776857
1610	149161	776731
1611	149293	776844
1612	149388	776765
1613	149458	776552
1614	149560	776512
1615	149655	776428
1616	149738	776289
1617	149837	776226
1618	149969	776338
1619	150052	776198
1620	150153	776147
1621	150238	776017
1622	150323	775881
1623	150403	775729
1624	150493	775618
1625	150569	775442
1626	150648	775277
1627	150707	775012
1628	150783	774836
1629	150858	774656
1630	150934	774476
1631	151014	774321
1632	151105	774217
1633	151193	774105
1634	151268	773919
1635	151342	773734
1636	151420	773566
1637	151517	773497
1638	151596	773334
1639	151721	773407
1640	151805	773276
1641	151886	773124
1642	151973	773000
1643	152038	772771
1644	152124	772644
1645	152203	772481
1646	152274	772283
1647	152338	772044
1648	152416	771877
1649	152484	771665
1650	152558	771477
1651	152642	771345
1652	152735	771255
1653	152832	771183
1654	152906	770999
1655	152979	770808
1656	153065	770687
1657	153159	770599
1658	153253	770516
1659	153346	770428
1660	153438	770330
1661	153521	770193
1662	153608	770074
1663	153677	769863
1664	153764	769747
1665	153824	769493
1666	153882	769227
1667	153955	769039
1668	154025	768834
1669	154105	768682
1670	154189	768546
1671	154274	768421
1672	154347	768229
1673	154445	768170
1674	154521	767992
1675	154617	767922
1676	154709	767825
1677	154798	767721
1678	154884	767595
1679	155009	767668
1680	155091	767524
1681	155172	767374
1682	155259	767256
1683	155327	767044
1684	155413	766922
1685	155502	766813
1686	155583	766665
1687	155658	766490
1688	155733	766313
1689	155796	766077
1690	155877	765926
1691	155939	765689
1692	156012	765504
1693	156111	765441
1694	156185	765265
1695	156263	765100
1696	156363	765046
1697	156439	764879
1698	156535	764804
1699	156609	764620
1700	156714	764592
1701	156816	764551
1702	156904	764435
1703	156991	764318
1704	157058	764107
1705	157126	763896
1706	157195	763691
1707	157284	763585
1708	157366	763443
1709	157447	763297
1710	157523	763127
1711	157597	762950
1712	157666	762745
1713	157735	762541
1714	157824	762434
1715	157917	762347
1716	158008	762252
1717	158105	762184
1718	158222	762211
1719	158324	762166
1720	158432	762151
1721	158575	762304
1722	158684	762291
1723	158780	762219
1724	158855	762043
1725	158939	761913
1726	159045	761890
1727	159130	761764
1728	159209	761608
1729	159292	761475
1730	159369	761309
1731	159447	761149
1732	159518	760959
1733	159602	760825
1734	159707	760796
1735	159840	760899
1736	160012	761185
1737	160133	761230
1738	160251	761264
1739	160431	761587
1740	160530	761529
1741	160624	761446
1742	160711	761330
1743	160786	761155
1744	160880	761069
1745	160968	760958
1746	161058	760856
1747	161137	760701
1748	161207	760504
1749	161291	760376
1750	161375	760243
1751	161458	760108
1752	161569	760104
1753	161653	759973
1754	161753	759920
1755	161851	759855
1756	161946	759774
1757	162037	759678
1758	162146	759666
1759	162243	759593
1760	162334	759497
1761	162409	759326
1762	162517	759304
1763	162614	759234
1764	162709	759156
1765	162794	759033
1766	162871	758866
1767	162935	758643
1768	163012	758483
1769	163082	758287
1770	163148	758073
1771	163235	757956
1772	163329	757874
1773	163435	757849
1774	163526	757750
1775	163628	757705
1776	163725	757633
1777	163819	757550
1778	163946	757621
1779	164047	757568
1780	164147	757513
1781	164227	757364
1782	164296	757165
1783	164368	756979
1784	164462	756897
1785	164547	756772
1786	164629	756634
1787	164717	756520
1788	164782	756304
1789	164846	756083
1790	164907	755850
1791	165005	755783
1792	165107	755736
1793	165206	755675
1794	165304	755611
1795	165404	755557
1796	165517	755557
1797	165655	755677
1798	165788	755771
1799	165882	755688
1800	165969	755573
1801	166039	755376
1802	166130	755279
1803	166223	755194
1804	166313	755090
1805	166396	754958
1806	166477	754812
1807	166537	754578
1808	166618	754433
1809	166699	754294
1810	166778	754142
1811	166872	754057
1812	166955	753924
1813	167034	753773
1814	167136	753727
1815	167217	753583
1816	167295	753428
1817	167398	753386
1818	167504	753356
1819	167607	753311
1820	167680	753136
1821	167768	753023
1822	167854	752906
1823	167938	752778
1824	168018	752629
1825	168093	752464
1826	168174	752318
1827	168250	752157
1828	168325	751987
1829	168408	751856
1830	168614	752275
1831	168718	752232
1832	168827	752218
1833	168916	752111
1834	169021	752075
1835	169123	752027
1836	169219	751955
1837	169294	751786
1838	169481	752114
1839	169570	752010
1840	169649	751855
1841	169717	751656
1842	169786	751464
1843	169882	751387
1844	169962	751243
1845	170044	751105
1846	170123	750955
1847	170208	750833
1848	170273	750619
1849	170359	750500
1850	170460	750449
1851	170562	750399
1852	170645	750267
1853	170745	750213
1854	170828	750081
1855	170963	750177
1856	171048	750052
1857	171166	750072
1858	171310	750207
1859	171419	750189
1860	171512	750103
1861	171580	749906
1862	171693	749904
1863	171776	749772
1864	171860	749644
1865	171939	749493
1866	172001	749271
1867	172068	749067
1868	172145	748912
1869	172231	748791
1870	172315	748665
1871	172411	748590
1872	172492	748449
1873	172597	748413
1874	172699	748364
1875	172799	748307
1876	172876	748148
1877	173016	748262
1878	173104	748154
1879	173187	748023
1880	173261	747853
1881	173335	747683
1882	173421	747564
1883	173510	747457
1884	173586	747296
1885	173747	747502
1886	173830	747371
1887	173920	747267
1888	173998	747116
1889	174092	747031
1890	174185	746941
1891	174297	746938
1892	174411	746938
1893	174527	746947
1894	174626	746887
1895	174760	746973
1896	174829	746781
1897	174901	746604
1898	174990	746498
1899	175068	746344
1900	175142	746174
1901	175221	746027
1902	175309	745919
1903	175389	745773
1904	175472	745643
1905	175574	745591
1906	175653	745446
1907	175752	745381
1908	175861	745363
1909	175942	745223
1910	176021	745076
1911	176124	745027
1912	176207	744896
1913	176291	744771
1914	176381	744669
1915	176505	744711
1916	176597	744620
1917	176692	744540
1918	176788	744464
1919	176879	744368
1920	176973	744283
1921	177079	744249
1922	177163	744124
1923	177248	744000
1924	177324	743842
1925	177420	743764
1926	177504	743640
1927	177576	743464
1928	177667	743365
1929	177761	743282
1930	177835	743116
1931	177944	743091
1932	178065	743120
1933	178146	742981
1934	178254	742956
1935	178337	742825
1936	178440	742779
1937	178544	742737
1938	178665	742765
1939	178729	742558
1940	178797	742366
1941	178861	742154
1942	178958	742083
1943	179037	741935
1944	179118	741797
1945	179210	741706
1946	179316	741672
1947	179420	741629
1948	179553	741707
1949	179634	741568
1950	179713	741419
1951	179790	741266
1952	179885	741186
1953	179959	741018
1954	180080	741048
1955	180174	740962
1956	180260	740843
1957	180322	740631
1958	180384	740416
1959	180461	740258
1960	180542	740121
1961	180627	740003
1962	180708	739864
1963	180795	739751
1964	180905	739733
1965	181015	739712
1966	181111	739636
1967	181198	739526
1968	181269	739345
1969	181340	739168
1970	181443	739122
1971	181553	739104
1972	181633	738963
1973	181697	738756
1974	181762	738554
1975	181841	738407
1976	181923	738275
1977	181987	738071
1978	182067	737931
1979	182192	737972
1980	182312	737994
1981	182435	738026
1982	182566	738091
1983	182666	738031
1984	182738	737857
1985	182832	737773
1986	182916	737650
1987	183011	737570
1988	183129	737582
1989	183214	737460
1990	183299	737339
1991	183384	737219
1992	183464	737079
1993	183545	736942
1994	183625	736804
1995	183744	736820
1996	183835	736721
1997	183952	736731
1998	184035	736602
1999	184142	736570
2000	184248	736532
2001	184357	736510
2002	184442	736387
2003	184519	736236
2004	184607	736126
2005	184708	736071
2006	184788	735931
2007	184928	736028
2008	185022	735946
2009	185103	735809
2010	185193	735707
2011	185288	735627
2012	185368	735487
2013	185434	735293
2014	185519	735173
2015	185586	734982
2016	185683	734907
2017	185791	734879
2018	185892	734821
2019	185973	734685
2020	186056	734559
2021	186164	734530
2022	186267	734483
2023	186373	734444
2024	186451	734296
2025	186527	734142
2026	186634	734108
2027	186762	734155
2028	186869	734121
2029	186946	733972
2030	187036	733872
2031	187128	733780
2032	187194	733583
2033	187286	733493
2034	187379	733403
2035	187447	733219
2036	187551	733173
2037	187637	733058
2038	187743	733020
2039	187851	732987
2040	187945	732902
2041	188045	732842
2042	188159	732837
2043	188288	732889
2044	188404	732890
2045	188519	732885
2046	188675	733041
2047	188783	733009
2048	188859	732854
2049	188954	732776
2050	189026	732604
2051	189108	732472
2052	189204	732393
2053	189274	732219
2054	189375	732160
2055	189459	732037
2056	189567	732003
2057	189671	731960
2058	189755	731833
2059	189869	731828
2060	189949	731686
2061	190038	731584
2062	190148	731558
2063	190228	731419
2064	190341	731410
2065	190469	731453
2066	190585	731453
2067	190687	731397
2068	190779	731305
2069	190852	731140
2070	190937	731018
2071	191001	730819
2072	191084	730692
2073	191168	730569
2074	191237	730390
2075	191315	730241
2076	191415	730178
2077	191536	730197
2078	191646	730173
2079	191757	730154
2080	191860	730101
2081	191940	729965
2082	192040	729901
2083	192145	729859
2084	192228	729731
2085	192332	729684
2086	192459	729723
2087	192555	729645
2088	192628	729480
2089	192699	729308
2090	192784	729188
2091	192859	729031
2092	192943	728908
2093	193026	728779
2094	193109	728654
2095	193214	728608
2096	193315	728550
2097	193389	728391
2098	193492	728340
2099	193593	728279
2100	193707	728269
2101	193794	728159
2102	193910	728157
2103	193993	728030
2104	194116	728052
2105	194230	728040
2106	194368	728121
2107	194442	727961
2108	194534	727868
2109	194624	727767
2110	194706	727636
2111	194786	727498
2112	194869	727370
2113	194938	727191
2114	195042	727144
2115	195169	727180
2116	195276	727142
2117	195354	726997
2118	195457	726945
2119	195536	726805
2120	195639	726754
2121	195733	726667
2122	195833	726605
2123	195916	726477
2124	196003	726364
2125	196111	726330
2126	196198	726219
2127	196300	726164
2128	196434	726226
2129	196522	726118
2130	196609	726006
2131	196693	725883
2132	196773	725747
2133	196856	725619
2134	196921	725428
2135	197005	725306
2136	197085	725166
2137	197194	725138
2138	197299	725092
2139	197401	725033
2140	197509	724999
2141	197589	724862
2142	197694	724819
2143	197798	724768
2144	197877	724626
2145	197977	724566
2146	198082	724517
2147	198182	724455
2148	198280	724383
2149	198388	724349
2150	198545	724492
2151	198631	724378
2152	198713	724248
2153	198775	724046
2154	198857	723914
2155	198936	723775
2156	199021	723656
2157	199145	723677
2158	199239	723594
2159	199340	723532
2160	199444	723482
2161	199522	723339
2162	199616	723252
2163	199714	723182
2164	199827	723163
2165	199933	723119
2166	200037	723069
2167	200114	722921
2168	200210	722842
2169	200324	722828
2170	200410	722713
2171	200500	722614
2172	200585	722497
2173	200666	722362
2174	200746	722227
2175	200816	722054
2176	200920	722004
2177	201001	721871
2178	201083	721740
2179	201186	721687
2180	201289	721634
2181	201371	721503
2182	201477	721462
2183	201577	721397
2184	201677	721332
2185	201787	721301
2186	201869	721174
2187	201969	721110
2188	202053	720986
2189	202164	720962
2190	202278	720947
2191	202361	720819
2192	202442	720688
2193	202526	720565
2194	202612	720452
2195	202696	720331
2196	202768	720163
2197	202860	720070
2198	202962	720013
2199	203069	719973
2200	203147	719830
2201	203244	719756
2202	203339	719670
2203	203410	719506
2204	203540	719546
2205	203620	719409
2206	203690	719239
2207	203778	719132
2208	203863	719014
2209	203937	718856
2210	204033	718778
2211	204114	718646
2212	204195	718514
2213	204271	718364
2214	204336	718176
2215	204399	717981
2216	204480	717848
2217	204553	717689
2218	204662	717654
2219	204745	717530
2220	204858	717512
2221	204943	717392
2222	205024	717262
2223	205127	717209
2224	205241	717192
2225	205323	717063
2226	205404	716931
2227	205507	716879
2228	205601	716790
2229	205711	716761
2230	205834	716775
2231	205912	716635
2232	206001	716529
2233	206082	716400
2234	206149	716219
2235	206226	716074
2236	206293	715894
2237	206358	715707
2238	206420	715512
2239	206489	715337
2240	206585	715259
2241	206661	715110
2242	206758	715037
2243	206860	714976
2244	206958	714905
2245	207039	714774
2246	207148	714740
2247	207245	714666
2248	207366	714672
2249	207502	714729
2250	207605	714674
2251	207676	714510
2252	207755	714372
2253	207828	714213
2254	207908	714079
2255	207989	713951
2256	208073	713828
2257	208167	713745
2258	208288	713751
2259	208392	713696
2260	208492	713631
2261	208598	713586
2262	208694	713508
2263	208809	713494
2264	208911	713436
2265	208984	713277
2266	209107	713289
2267	209200	713200
2268	209268	713026
2269	209360	712931
2270	209445	712815
2271	209508	712623
2272	209609	712560
2273	209693	712441
2274	209764	712278
2275	209843	712139
2276	209943	712073
2277	210048	712027
2278	210124	711879
2279	210221	711801
2280	210296	711651
2281	210395	711582
2282	210489	711496
2283	210576	711385
2284	210673	711309
2285	210862	711546
2286	210949	711437
2287	211045	711355
2288	211122	711212
2289	211215	711123
2290	211298	711000
2291	211382	710879
2292	211460	710740
2293	211535	710589
2294	211617	710462
2295	211697	710328
2296	211778	710200
2297	211874	710120
2298	211957	709996
2299	212068	709966
2300	212172	709914
2301	212276	709862
2302	212355	709727
2303	212453	709653
2304	212550	709577
2305	212675	709593
2306	212745	709429
2307	212834	709326
2308	212905	709163
2309	212987	709034
2310	213076	708933
2311	213157	708803
2312	213225	708631
2313	213316	708534
2314	213397	708407
2315	213494	708329
2316	213577	708208
2317	213678	708145
2318	213773	708062
2319	213875	708002
2320	213960	707884
2321	214064	707831
2322	214163	707763
2323	214254	707667
2324	214354	707601
2325	214453	707529
2326	214583	707562
2327	214674	707467
2328	214753	707330
2329	214825	707173
2330	214918	707082
2331	214995	706939
2332	215094	706869
2333	215176	706744
2334	215253	706603
2335	215316	706414
2336	215391	706267
2337	215474	706142
2338	215578	706092
2339	215661	705968
2340	215770	705932
2341	215878	705891
2342	215983	705841
2343	216086	705784
2344	216182	705704
2345	216284	705644
2346	216386	705584
2347	216515	705611
2348	216592	705468
2349	216661	705302
2350	216748	705193
2351	216838	705092
2352	216922	704974
2353	216984	704786
2354	217063	704648
2355	217141	704513
2356	217217	704368
2357	217298	704238
2358	217371	704085
2359	217475	704032
2360	217584	703991
2361	217685	703929
2362	217782	703853
2363	217882	703786
2364	217972	703685
2365	218077	703635
2366	218241	703776
2367	218358	703763
2368	218463	703711
2369	218566	703656
2370	218658	703563
2371	218735	703419
2372	218831	703341
2373	218923	703248
2374	218999	703102
2375	219093	703016
2376	219166	702863
2377	219276	702828
2378	219377	702764
2379	219471	702676
2380	219573	702616
2381	219711	702671
2382	219835	702678
2383	219929	702593
2384	220010	702464
2385	220142	702499
2386	220234	702407
2387	220322	702299
2388	220430	702259
2389	220513	702137
2390	220610	702060
2391	220690	701930
2392	220774	701810
2393	220867	701720
2394	220956	701616
2395	221070	701595
2396	221151	701467
2397	221236	701350
2398	221351	701329
2399	221447	701250
2400	221556	701211
2401	221662	701163
2402	221768	701113
2403	221852	700994
2404	221965	700966
2405	222077	700939
2406	222170	700848
2407	222264	700760
2408	222358	700672
2409	222449	700576
2410	222515	700400
2411	222593	700264
2412	222677	700146
2413	222750	699994
2414	222826	699849
2415	222909	699728
2416	223004	699644
2417	223109	699594
2418	223190	699464
2419	223276	699353
2420	223364	699249
2421	223449	699133
2422	223551	699070
2423	223634	698950
2424	223737	698891
2425	223862	698901
2426	223971	698861
2427	224065	698772
2428	224136	698615
2429	224223	698507
2430	224294	698349
2431	224379	698233
2432	224459	698104
2433	224544	697987
2434	224629	697872
2435	224711	697750
2436	224778	697578
2437	224862	697461
2438	224947	697347
2439	225051	697289
2440	225157	697239
2441	225248	697145
2442	225332	697027
2443	225437	696974
2444	225525	696868
2445	225633	696826
2446	225766	696857
2447	225859	696767
2448	225934	696624
2449	226005	696466
2450	226094	696363
2451	226176	696240
2452	226245	696077
2453	226313	695908
2454	226394	695783
2455	226459	695607
2456	226544	695491
2457	226625	695367
2458	226710	695252
2459	226792	695128
2460	226895	695067
2461	226996	695003
2462	227107	694969
2463	227210	694908
2464	227309	694839
2465	227439	694863
2466	227528	694760
2467	227599	694601
2468	227689	694505
2469	227760	694347
2470	227830	694185
2471	227915	694074
2472	228002	693966
2473	228070	693799
2474	228179	693757
2475	228253	693610
2476	228318	693436
2477	228397	693303
2478	228540	693365
2479	228618	693230
2480	228699	693105
2481	228799	693035
2482	228896	692958
2483	228989	692868
2484	229068	692736
2485	229178	692696
2486	229284	692647
2487	229358	692500
2488	229424	692327
2489	229518	692242
2490	229624	692193
2491	229712	692085
2492	229790	691951
2493	229871	691825
2494	229936	691651
2495	230002	691481
2496	230078	691340
2497	230184	691291
2498	230261	691152
2499	230374	691123
2500	230479	691070
2501	230577	690996
2502	230676	690923
2503	230776	690854
2504	230897	690849
2505	230988	690752
2506	231058	690596
2507	231142	690478
2508	231230	690372
2509	231334	690317
2510	231426	690225
2511	231491	690050
2512	231577	689939
2513	231665	689834
2514	231729	689661
2515	231806	689523
2516	231890	689408
2517	231976	689295
2518	232082	689245
2519	232163	689120
2520	232249	689008
2521	232327	688877
2522	232425	688799
2523	232501	688662
2524	232638	688701
2525	232709	688546
2526	232801	688453
2527	232890	688352
2528	232961	688199
2529	233056	688115
2530	233137	687989
2531	233208	687835
2532	233296	687732
2533	233376	687604
2534	233456	687477
2535	233531	687334
2536	233621	687236
2537	233709	687133
2538	233790	687006
2539	233897	686959
2540	233978	686834
2541	234054	686694
2542	234156	686630
2543	234255	686559
2544	234351	686478
2545	234431	686350
2546	234545	686325
2547	234651	686271
2548	234743	686181
2549	234818	686039
2550	234907	685937
2551	234997	685840
2552	235075	685705
2553	235160	685594
2554	235235	685451
2555	235318	685332
2556	235396	685200
2557	235460	685024
2558	235536	684887
2559	235613	684751
2560	235697	684635
2561	235790	684546
2562	235895	684493
2563	235978	684374
2564	236061	684256
2565	236155	684170
2566	236248	684080
2567	236330	683958
2568	236447	683941
2569	236578	683960
2570	236664	683850
2571	236734	683695
2572	236810	683557
2573	236884	683412
2574	236970	683303
2575	237034	683131
2576	237122	683025
2577	237207	682915
2578	237290	682797
2579	237355	682627
2580	237453	682551
2581	237537	682438
2582	237648	682398
2583	237751	682338
2584	237856	682284
2585	237961	682230
2586	238061	682161
2587	238208	682225
2588	238326	682207
2589	238464	682248
2590	238558	682160
2591	238623	681993
2592	238689	681824
2593	238763	681683
2594	238844	681559
2595	238925	681434
2596	239007	681313
2597	239073	681147
2598	239182	681104
2599	239283	681037
2600	239391	680990
2601	239474	680872
2602	239554	680746
2603	239662	680699
2604	239760	680624
2605	239843	680507
2606	239952	680464
2607	240036	680349
2608	240140	680289
2609	240218	680160
2610	240307	680059
2611	240385	679926
2612	240480	679842
2613	240566	679734
2614	240649	679615
2615	240734	679505
2616	240815	679382
2617	240897	679260
2618	240959	679084
2619	241038	678956
2620	241138	678886
2621	241217	678757
2622	241303	678648
2623	241417	678619
2624	241516	678545
2625	241613	678469
2626	241696	678351
2627	241820	678349
2628	241928	678301
2629	242016	678198
2630	242103	678092
2631	242174	677941
2632	242269	677856
2633	242352	677741
2634	242419	677578
2635	242498	677451
2636	242585	677343
2637	242670	677233
2638	242748	677101
2639	242857	677058
2640	242955	676980
2641	243064	676936
2642	243150	676827
2643	243276	676832
2644	243378	676767
2645	243483	676711
2646	243571	676607
2647	243708	676641
2648	243801	676550
2649	243901	676481
2650	243994	676392
2651	244095	676324
2652	244165	676171
2653	244249	676057
2654	244332	675940
2655	244406	675799
2656	244487	675677
2657	244567	675550
2658	244640	675406
2659	244743	675343
2660	244841	675270
2661	244940	675196
2662	245021	675074
2663	245127	675019
2664	245214	674914
2665	245310	674835
2666	245401	674738
2667	245504	674678
2668	245629	674676
2669	245765	674704
2670	245888	674697
2671	245985	674620
2672	246053	674460
2673	246140	674354
2674	246204	674186
2675	246284	674059
2676	246365	673939
2677	246445	673813
2678	246513	673655
2679	246624	673617
2680	246714	673518
2681	246824	673476
2682	246936	673437
2683	247045	673393
2684	247151	673339
2685	247235	673223
2686	247311	673088
2687	247395	672973
2688	247500	672917
2689	247635	672943
2690	247727	672850
2691	247820	672759
2692	247919	672687
2693	248008	672586
2694	248108	672516
2695	248197	672415
2696	248296	672343
2697	248389	672253
2698	248492	672191
2699	248591	672116
2700	248678	672010
2701	248775	671933
2702	248881	671878
2703	249001	671860
2704	249121	671844
2705	249241	671828
2706	249327	671719
2707	249398	671571
2708	249466	671413
2709	249559	671323
2710	249677	671300
2711	249776	671229
2712	249865	671126
2713	249944	671000
2714	250025	670877
2715	250090	670713
2716	250174	670600
2717	250241	670441
2718	250326	670329
2719	250431	670271
2720	250532	670204
2721	250616	670090
2722	250718	670026
2723	250796	669895
2724	250898	669830
2725	250981	669714
2726	251067	669606
2727	251145	669476
2728	251281	669502
2729	251393	669462
2730	251482	669362
2731	251558	669225
2732	251652	669139
2733	251747	669055
2734	251843	668973
2735	251918	668837
2736	252002	668723
2737	252087	668610
2738	252175	668509
2739	252256	668386
2740	252356	668317
2741	252456	668245
2742	252534	668115
2743	252632	668039
2744	252710	667911
2745	252806	667828
2746	252883	667696
2747	252976	667606
2748	253065	667507
2749	253162	667429
2750	253245	667313
2751	253315	667162
2752	253387	667017
2753	253469	666898
2754	253551	666781
2755	253619	666625
2756	253685	666465
2757	253764	666339
2758	253829	666176
2759	253906	666044
2760	253982	665910
2761	254055	665770
2762	254156	665699
2763	254231	665563
2764	254330	665491
2765	254404	665350
2766	254485	665231
2767	254567	665113
2768	254692	665106
2769	254760	664953
2770	254848	664849
2771	254932	664737
2772	255043	664694
2773	255118	664559
2774	255210	664467
2775	255293	664352
2776	255372	664224
2777	255451	664099
2778	255528	663969
2779	255602	663831
2780	255668	663671
2781	255752	663559
2782	255853	663490
2783	255936	663375
2784	256023	663271
2785	256126	663208
2786	256235	663158
2787	256330	663074
2788	256473	663115
2789	256559	663009
2790	256647	662906
2791	256722	662769
2792	256809	662666
2793	256901	662575
2794	256985	662461
2795	257066	662342
2796	257144	662213
2797	257229	662104
2798	257307	661975
2799	257389	661857
2800	257476	661755
2801	257552	661621
2802	257629	661489
2803	257725	661409
2804	257826	661340
2805	257901	661204
2806	257997	661123
2807	258102	661064
2808	258226	661055
2809	258294	660904
2810	258385	660809
2811	258558	660923
2812	258641	660808
2813	258751	660762
2814	258841	660665
2815	258923	660550
2816	258991	660395
2817	259070	660272
2818	259168	660195
2819	259258	660098
2820	259381	660085
2821	259499	660058
2822	259625	660053
2823	259773	660105
2824	259862	660005
2825	259953	659911
2826	260128	660027
2827	260219	659935
2828	260344	659926
2829	260440	659843
2830	260561	659824
2831	260672	659782
2832	260782	659733
2833	260878	659651
2834	260975	659572
2835	261089	659535
2836	261193	659474
2837	261287	659387
2838	261380	659296
2839	261492	659256
2840	261600	659202
2841	261709	659155
2842	261815	659097
2843	261961	659139
2844	262065	659078
2845	262178	659039
2846	262279	658969
2847	262359	658846
2848	262466	658792
2849	262569	658727
2850	262663	658640
2851	262751	658537
2852	262830	658411
2853	262910	658289
2854	262988	658162
2855	263082	658075
2856	263181	657999
2857	263274	657908
2858	263354	657786
2859	263461	657733
2860	263562	657661
2861	263660	657584
2862	263762	657517
2863	263848	657411
2864	263935	657306
2865	264016	657184
2866	264084	657032
2867	264155	656888
2868	264239	656776
2869	264323	656663
2870	264399	656533
2871	264484	656422
2872	264560	656291
2873	264638	656164
2874	264704	656007
2875	264777	655866
2876	264876	655793
2877	264970	655706
2878	265074	655641
2879	265176	655575
2880	265269	655484
2881	265382	655445
2882	265490	655392
2883	265555	655232
2884	265645	655135
2885	265735	655038
2886	265814	654915
2887	265874	654742
2888	265946	654602
2889	266027	654482
2890	266175	654528
2891	266252	654399
2892	266343	654303
2893	266443	654231
2894	266520	654103
2895	266642	654083
2896	266720	653958
2897	266817	653877
2898	266890	653739
2899	266998	653685
2900	267112	653646
2901	267199	653543
2902	267294	653457
2903	267370	653326
2904	267442	653185
2905	267519	653057
2906	267584	652897
2907	267662	652772
2908	267743	652652
2909	267810	652499
2910	267869	652327
2911	267955	652221
2912	268051	652139
2913	268145	652052
2914	268244	651977
2915	268346	651909
2916	268446	651835
2917	268537	651741
2918	268619	651625
2919	268720	651554
2920	268806	651449
2921	268880	651312
2922	268973	651222
2923	269071	651146
2924	269144	651007
2925	269225	650889
2926	269304	650766
2927	269383	650641
2928	269461	650517
2929	269529	650366
2930	269610	650246
2931	269689	650123
2932	269767	650000
2933	269869	649931
2934	269962	649841
2935	270066	649777
2936	270142	649648
2937	270241	649573
2938	270365	649559
2939	270511	649596
2940	270604	649506
2941	270702	649428
2942	270772	649283
2943	270860	649181
2944	270939	649059
2945	271030	648963
2946	271126	648883
2947	271216	648785
2948	271309	648696
2949	271385	648564
2950	271489	648501
2951	271595	648444
2952	271702	648387
2953	271782	648265
2954	271873	648171
2955	271957	648061
2956	272060	647995
2957	272136	647866
2958	272267	647866
2959	272339	647725
2960	272410	647584
2961	272478	647434
2962	272563	647325
2963	272630	647175
2964	272708	647050
2965	272790	646935
2966	272854	646776
2967	272921	646624
2968	273000	646501
2969	273062	646339
2970	273139	646212
2971	273202	646051
2972	273285	645939
2973	273364	645816
2974	273443	645693
2975	273538	645609
2976	273618	645490
2977	273714	645407
2978	273791	645280
2979	273878	645177
2980	273976	645099
2981	274059	644987
2982	274144	644877
2983	274233	644780
2984	274324	644684
2985	274405	644566
2986	274468	644407
2987	274560	644315
2988	274660	644242
2989	274754	644156
2990	274846	644066
2991	274958	644019
2992	275053	643935
2993	275144	643841
2994	275233	643743
2995	275320	643640
2996	275418	643562
2997	275538	643535
2998	275691	643585
2999	275780	643486
3000	275897	643453
3001	276010	643410
3002	276107	643330
3003	276224	643298
3004	276332	643243
3005	276446	643202
3006	276577	643201
3007	276698	643176
3008	276852	643229
3009	277008	643286
3010	277150	643308
3011	277264	643269
3012	277376	643221
3013	277588	643409
3014	277743	643462
3015	277873	643458
3016	277999	643444
3017	278099	643368
3018	278203	643304
3019	278303	643230
3020	278396	643140
3021	278514	643107
3022	278635	643083
3023	278800	643159
3024	278904	643094
3025	279033	643086
3026	279142	643033
3027	279278	643042
3028	279372	642953
3029	279487	642914
3030	279597	642862
3031	279704	642803
3032	279819	642764
3033	279921	642693
3034	280021	642620
3035	280110	642519
3036	280181	642377
3037	280267	642272
3038	280375	642215
3039	280475	642140
3040	280578	642073
3041	280696	642040
3042	280791	641953
3043	280913	641929
3044	281005	641837
3045	281139	641840
3046	281234	641753
3047	281310	641624
3048	281429	641593
3049	281522	641502
3050	281636	641460
3051	281757	641431
3052	281858	641359
3053	281960	641288
3054	282047	641185
3055	282132	641075
3056	282227	640988
3057	282335	640932
3058	282467	640929
3059	282554	640825
3060	282675	640799
3061	282793	640764
3062	282880	640659
3063	282963	640546
3064	283074	640496
3065	283202	640484
3066	283289	640380
3067	283397	640322
3068	283496	640246
3069	283624	640233
3070	283722	640153
3071	283839	640116
3072	283943	640051
3073	284038	639963
3074	284136	639884
3075	284270	639885
3076	284406	639890
3077	284530	639870
3078	284650	639838
3079	284773	639814
3080	284945	639901
3081	285048	639833
3082	285137	639732
3083	285254	639695
3084	285358	639627
3085	285470	639579
3086	285553	639465
3087	285656	639396
3088	285753	639314
3089	285849	639230
3090	285978	639218
3091	286096	639184
3092	286232	639187
3093	286325	639097
3094	286431	639034
3095	286547	638993
3096	286690	639012
3097	286790	638938
3098	286916	638918
3099	287039	638894
3100	287152	638848
3101	287241	638747
3102	287342	638671
3103	287412	638529
3104	287494	638414
3105	287589	638326
3106	287696	638265
3107	287795	638186
3108	287928	638184
3109	288059	638175
3110	288186	638161
3111	288307	638131
3112	288490	638237
3113	288583	638145
3114	288685	638073
3115	288782	637989
3116	288904	637963
3117	288995	637865
3118	289065	637723
3119	289139	637590
3120	289222	637475
3121	289305	637361
3122	289382	637235
3123	289464	637119
3124	289539	636986
3125	289612	636851
3126	289686	636717
3127	289781	636628
3128	289858	636503
3129	289957	636423
3130	290035	636298
3131	290136	636224
3132	290230	636135
3133	290330	636058
3134	290405	635928
3135	290480	635797
3136	290617	635801
3137	290700	635687
3138	290768	635540
3139	290860	635446
3140	290940	635326
3141	291014	635193
3142	291090	635065
3143	291183	634972
3144	291277	634883
3145	291378	634809
3146	291497	634774
3147	291610	634724
3148	291722	634675
3149	291847	634652
3150	291973	634633
3151	292083	634576
3152	292226	634593
3153	292342	634552
3154	292513	634629
3155	292630	634589
3156	292716	634482
3157	292786	634339
3158	292899	634290
3159	293002	634220
3160	293099	634136
3161	293223	634113
3162	293338	634066
3163	293455	634026
3164	293577	633996
3165	293708	633986
3166	293820	633936
3167	293925	633869
3168	294044	633833
3169	294125	633715
3170	294244	633678
3171	294360	633635
3172	294467	633572
3173	294550	633460
3174	294651	633383
3175	294756	633318
3176	294849	633226
3177	294934	633115
3178	295030	633030
3179	295146	632986
3180	295256	632931
3181	295366	632875
3182	295453	632769
3183	295572	632732
3184	295681	632674
3185	295810	632659
3186	295899	632558
3187	295989	632459
3188	296065	632330
3189	296157	632235
3190	296233	632107
3191	296307	631973
3192	296392	631864
3193	296453	631704
3194	296531	631579
3195	296612	631460
3196	296701	631360
3197	296768	631213
3198	296855	631107
3199	296930	630977
3200	297026	630890
3201	297121	630802
3202	297198	630677
3203	297294	630591
3204	297388	630500
3205	297476	630398
3206	297581	630331
3207	297670	630229
3208	297757	630124
3209	297843	630017
3210	297933	629919
3211	298021	629816
3212	298092	629677
3213	298178	629570
3214	298242	629415
3215	298319	629290
3216	298400	629174
3217	298479	629050
3218	298536	628883
3219	298624	628779
3220	298728	628710
3221	298823	628622
3222	298928	628555
3223	299016	628453
3224	299116	628377
3225	299213	628292
3226	299339	628268
3227	299431	628175
3228	299518	628069
3229	299609	627973
3230	299680	627835
3231	299753	627701
3232	299842	627601
3233	299931	627500
3234	300016	627392
3235	300089	627257
3236	300154	627107
3237	300235	626990
3238	300311	626861
3239	300384	626728
3240	300494	626671
3241	300600	626605
3242	300676	626479
3243	300752	626352
3244	300856	626282
3245	300971	626235
3246	301091	626200
3247	301193	626126
3248	301336	626138
3249	301444	626076
3250	301552	626015
3251	303913	630629
3252	304079	630687
3253	304204	630657
3254	304305	630580
3255	304411	630513
3256	304511	630432
3257	304679	630493
3258	304793	630442
3259	304908	630393
3260	305017	630332
3261	305121	630261
3262	305226	630189
3263	305362	630183
3264	305461	630101
3265	305556	630012
3266	305641	629900
3267	305738	629814
3268	305805	629666
3269	305884	629542
3270	305949	629388
3271	306024	629258
3272	306104	629137
3273	306188	629023
3274	306276	628919
3275	306356	628798
3276	306463	628731
3277	306563	628651
3278	306658	628561
3279	306755	628474
3280	306833	628349
3281	306913	628227
3282	307041	628204
3283	307132	628107
3284	307217	627994
3285	307285	627850
3286	307373	627745
3287	307461	627640
3288	307537	627510
3289	307615	627386
3290	307710	627296
3291	307772	627137
3292	307850	627012
3293	307924	626879
3294	307998	626746
3295	308105	626680
3296	308211	626612
3297	308316	626542
3298	308397	626424
3299	308488	626326
3300	308570	626207
3301	308702	626193
3302	308803	626115
3303	308910	626048
3304	309001	625949
3305	309086	625838
3306	309167	625720
3307	309245	625596
3308	309323	625470
3309	309397	625337
3310	309466	625196
3311	309548	625077
3312	309641	624984
3313	309754	624930
3314	309851	624843
3315	309929	624719
3316	310022	624623
3317	310092	624484
3318	310166	624351
3319	310244	624227
3320	310373	624203
3321	310505	624188
3322	310572	624041
3323	310655	623926
3324	310746	623829
3325	310847	623751
3326	310928	623632
3327	311008	623511
3328	311082	623380
3329	311161	623257
3330	311253	623161
3331	311345	623064
3332	311447	622987
3333	311546	622905
3334	311620	622774
3335	311715	622683
3336	311805	622582
3337	311894	622481
3338	311994	622401
3339	312099	622329
3340	312187	622226
3341	312274	622118
3342	312338	621968
3343	312406	621824
3344	312492	621715
3345	312596	621642
3346	312672	621515
3347	312740	621371
3348	312841	621291
3349	312919	621168
3350	312983	621017
3351	313062	620895
3352	313135	620760
3353	313212	620635
3354	313287	620506
3355	313380	620411
3356	313451	620273
3357	313545	620181
3358	313646	620102
3359	313728	619987
3360	313843	619937
3361	313926	619823
3362	314020	619731
3363	314157	619723
3364	314243	619614
3365	314345	619537
3366	314427	619423
3367	314500	619289
3368	314563	619135
3369	314635	619000
3370	314708	618868
3371	314782	618736
3372	314858	618608
3373	314959	618531
3374	315052	618436
3375	315153	618357
3376	315245	618262
3377	315334	618160
3378	315426	618063
3379	315502	617937
3380	315585	617824
3381	315658	617689
3382	315783	617658
3383	315869	617550
3384	315941	617415
3385	316027	617307
3386	316112	617197
3387	316216	617125
3388	316286	616987
3389	316352	616839
3390	316413	616684
3391	316473	616526
3392	316546	616394
3393	316604	616230
3394	316680	616103
3395	316755	615975
3396	316843	615872
3397	316932	615771
3398	317023	615673
3399	317112	615571
3400	317186	615439
3401	317283	615353
3402	317356	615221
3403	317426	615083
3404	317534	615019
3405	317653	614974
3406	317719	614829
3407	317788	614689
3408	317852	614538
3409	317939	614433
3410	318017	614312
3411	318097	614193
3412	318170	614060
3413	318234	613911
3414	318297	613760
3415	318371	613629
3416	318437	613484
3417	318531	613392
3418	318628	613306
3419	318720	613211
3420	318814	613119
3421	318912	613034
3422	318985	612903
3423	319071	612795
3424	319144	612663
3425	319258	612611
3426	319320	612458
3427	319388	612316
3428	319475	612212
3429	319570	612121
3430	319665	612032
3431	319761	611944
3432	319842	611827
3433	319936	611735
3434	320027	611638
3435	320103	611512
3436	320192	611412
3437	320272	611293
3438	320375	611220
3439	320485	611159
3440	320574	611057
3441	320662	610954
3442	320776	610901
3443	320874	610816
3444	320974	610736
3445	321084	610676
3446	321181	610589
3447	321259	610468
3448	321355	610378
3449	321448	610286
3450	321529	610169
3451	321611	610055
3452	321701	609955
3453	321763	609805
3454	321842	609684
3455	321925	609572
3456	322013	609468
3457	322092	609349
3458	322179	609244
3459	322270	609146
3460	322343	609015
3461	322434	608918
3462	322530	608830
3463	322598	608690
3464	322687	608590
3465	322810	608552
3466	322895	608444
3467	322976	608327
3468	323063	608222
3469	323149	608116
3470	323232	608005
3471	323306	607875
3472	323367	607721
3473	323426	607565
3474	323486	607408
3475	323562	607284
3476	323644	607171
3477	323719	607043
3478	323807	606941
3479	323948	606937
3480	324059	606877
3481	324181	606839
3482	324274	606746
3483	324375	606667
3484	324512	606657
3485	324590	606535
3486	324689	606453
3487	324784	606364
3488	324858	606234
3489	324940	606120
3490	325010	605985
3491	325091	605868
3492	325195	605795
3493	325273	605674
3494	325347	605547
3495	325411	605398
3496	325476	605253
3497	325552	605129
3498	325629	605005
3499	325688	604850
3500	325774	604743
3501	325865	604647
3502	325952	604543
3503	326027	604417
3504	326102	604290
3505	326174	604157
3506	326266	604062
3507	326342	603938
3508	326436	603846
3509	326504	603707
3510	326571	603565
3511	326653	603452
3512	326737	603343
3513	326820	603232
3514	326896	603108
3515	326973	602984
3516	327051	602863
3517	327110	602709
3518	327189	602589
3519	327256	602449
3520	327348	602355
3521	327420	602223
3522	327520	602143
3523	327615	602054
3524	327685	601919
3525	327780	601828
3526	327876	601742
3527	327945	601604
3528	328023	601484
3529	328123	601405
3530	328239	601354
3531	328330	601257
3532	328407	601135
3533	328487	601019
3534	328566	600900
3535	328629	600752
3536	328693	600607
3537	328776	600496
3538	328866	600398
3539	328936	600263
3540	329027	600166
3541	329108	600051
3542	329183	599925
3543	329274	599829
3544	329345	599697
3545	329423	599577
3546	329575	599591
3547	329642	599450
3548	329714	599320
3549	329805	599224
3550	329926	599181
3551	330017	599085
3552	330099	598973
3553	330182	598861
3554	330269	598758
3555	330342	598630
3556	330406	598484
3557	330483	598362
3558	330541	598206
3559	330620	598089
3560	330700	597973
3561	330779	597855
3562	330870	597758
3563	330959	597658
3564	331046	597555
3565	331138	597460
3566	331215	597338
3567	331307	597244
3568	331393	597139
3569	331485	597045
3570	331575	596947
3571	331648	596818
3572	331764	596767
3573	331852	596666
3574	331919	596526
3575	332004	596420
3576	332093	596320
3577	332172	596202
3578	332251	596085
3579	332329	595965
3580	332393	595821
3581	332462	595684
3582	332520	595530
3583	332580	595378
3584	332678	595294
3585	332746	595157
3586	332819	595030
3587	332918	594947
3588	332990	594818
3589	333091	594740
3590	333189	594656
3591	333289	594576
3592	333390	594498
3593	333484	594407
3594	333585	594330
3595	333683	594246
3596	333766	594135
3597	333851	594029
3598	333930	593911
3599	333996	593771
3600	334074	593653
3601	334149	593528
3602	334225	593405
3603	334302	593284
3604	334386	593176
3605	334459	593048
3606	334537	592930
3607	334623	592825
3608	334713	592727
3609	334804	592632
3610	334882	592513
3611	334953	592381
3612	335050	592296
3613	335141	592199
3614	335237	592113
3615	335324	592011
3616	335412	591909
3617	335476	591766
3618	335559	591657
3619	335627	591519
3620	335704	591399
3621	335768	591256
3622	335842	591131
3623	335904	590984
3624	335979	590861
3625	336055	590739
3626	336136	590625
3627	336227	590529
3628	336317	590432
3629	336393	590310
3630	336467	590185
3631	336559	590091
3632	336631	589962
3633	336705	589836
3634	336790	589730
3635	336860	589597
3636	336938	589480
3637	337026	589379
3638	337121	589290
3639	337238	589241
3640	337328	589143
3641	337400	589015
3642	337464	588871
3643	337539	588749
3644	337616	588628
3645	337691	588505
3646	337767	588384
3647	337826	588232
3648	337901	588108
3649	338002	588031
3650	338091	587932
3651	338179	587831
3652	338263	587725
3653	338370	587657
3654	338471	587579
3655	338566	587490
3656	338669	587416
3657	338754	587310
3658	338866	587250
3659	339005	587238
3660	339100	587150
3661	339190	587053
3662	339270	586939
3663	339332	586793
3664	339394	586647
3665	339462	586513
3666	339521	586362
3667	339596	586238
3668	339675	586122
3669	339740	585983
3670	339859	585935
3671	339951	585842
3672	340032	585729
3673	340130	585646
3674	340235	585575
3675	340320	585469
3676	340400	585354
3677	340490	585257
3678	340566	585136
3679	340661	585049
3680	340779	585000
3681	340866	584898
3682	340936	584767
3683	341011	584643
3684	341084	584518
3685	341146	584372
3686	341222	584252
3687	341302	584138
3688	341369	584001
3689	341447	583884
3690	341528	583772
3691	341596	583637
3692	341686	583541
3693	341779	583448
3694	341857	583332
3695	341956	583250
3696	342032	583129
3697	342104	583002
3698	342189	582896
3699	342281	582804
3700	342374	582712
3701	342466	582619
3702	342585	582571
3703	342669	582463
3704	342757	582364
3705	342825	582229
3706	342906	582117
3707	342974	581984
3708	343048	581860
3709	343107	581710
3710	343193	581606
3711	343262	581474
3712	343354	581382
3713	343447	581289
3714	343533	581185
3715	343626	581095
3716	343715	580997
3717	343808	580905
3718	343885	580786
3719	343978	580695
3720	344146	580730
3721	344251	580657
3722	344342	580564
3723	344444	580486
3724	344562	580438
3725	344645	580329
3726	344737	580236
3727	344817	580122
3728	344889	579995
3729	344950	579849
3730	345025	579728
3731	345099	579603
3732	345173	579481
3733	345250	579361
3734	345339	579263
3735	345432	579172
3736	345524	579078
3737	345616	578986
3738	345685	578854
3739	345757	578727
3740	345836	578612
3741	345902	578476
3742	345992	578379
3743	346091	578298
3744	346183	578205
3745	346278	578117
3746	346375	578032
3747	346478	577956
3748	346574	577870
3749	346642	577737
3750	346707	577599
3751	346787	577486
3752	346860	577361
3753	346935	577239
3754	347013	577123
3755	347078	576985
3756	347144	576849
3757	347245	576771
3758	347338	576679
3759	347415	576561
3760	347510	576474
3761	347608	576390
3762	347694	576287
3763	347800	576217
3764	347893	576126
3765	347962	575995
3766	348056	575906
3767	348156	575825
3768	348251	575738
3769	348366	575682
3770	348437	575554
3771	348512	575433
3772	348588	575313
3773	348661	575189
3774	348740	575076
3775	348819	574961
3776	348895	574841
3777	348973	574725
3778	349064	574630
3779	349159	574543
3780	349255	574457
3781	349350	574368
3782	349454	574295
3783	349551	574209
3784	349671	574163
3785	349760	574065
3786	349840	573953
3787	349909	573821
3788	349976	573687
3789	350062	573585
3790	350142	573472
3791	350226	573366
3792	350299	573243
3793	350375	573123
3794	350452	573006
3795	350527	572885
3796	350590	572744
3797	350652	572603
3798	350719	572470
3799	350795	572350
3800	350894	572269
3801	350966	572143
3802	351062	572057
3803	351139	571939
3804	351230	571845
3805	351303	571722
3806	351370	571589
3807	351460	571492
3808	351531	571366
3809	351622	571271
3810	351709	571170
3811	351781	571045
3812	351908	571008
3813	351985	570892
3814	352050	570756
3815	352127	570639
3816	352186	570491
3817	352258	570367
3818	352335	570251
3819	352407	570124
3820	352480	570002
3821	352549	569871
3822	352623	569750
3823	352713	569654
3824	352788	569533
3825	352873	569430
3826	352990	569377
3827	353083	569286
3828	353150	569155
3829	353253	569080
3830	353352	568998
3831	353439	568897
3832	353517	568781
3833	353640	568739
3834	353730	568644
3835	353798	568511
3836	353873	568392
3837	353935	568251
3838	354007	568126
3839	354098	568033
3840	354164	567899
3841	354223	567753
3842	354284	567610
3843	354341	567463
3844	354407	567329
3845	354481	567207
3846	354558	567090
3847	354644	566989
3848	354737	566897
3849	354832	566811
3850	354930	566727
3851	355008	566612
3852	355101	566522
3853	355179	566407
3854	355251	566283
3855	355357	566212
3856	355438	566103
3857	355507	565974
3858	355575	565843
3859	355657	565734
3860	355728	565609
3861	355807	565496
3862	355879	565372
3863	355956	565255
3864	356038	565147
3865	356126	565049
3866	356201	564929
3867	356294	564838
3868	356392	564757
3869	356489	564671
3870	356581	564580
3871	356655	564458
3872	356745	564362
3873	356840	564276
3874	356930	564180
3875	357002	564057
3876	357094	563964
3877	357206	563903
3878	357276	563776
3879	357358	563669
3880	357443	563565
3881	357505	563425
3882	357564	563281
3883	357635	563156
3884	357698	563018
3885	357767	562890
3886	357828	562748
3887	357889	562608
3888	357975	562507
3889	358068	562415
3890	358161	562325
3891	358254	562234
3892	358342	562135
3893	358437	562048
3894	358514	561933
3895	358636	561887
3896	358717	561778
3897	358802	561675
3898	358889	561575
3899	358975	561473
3900	359059	561370
3901	359144	561267
3902	359222	561152
3903	359280	561008
3904	359354	560887
3905	359436	560780
3906	359509	560658
3907	359583	560538
3908	359662	560425
3909	359756	560336
3910	359853	560252
3911	359932	560139
3912	360014	560032
3913	360106	559941
3914	360182	559823
3915	360254	559700
3916	360375	559653
3917	360458	559547
3918	360538	559437
3919	360617	559325
3920	360685	559196
3921	360751	559063
3922	360818	558932
3923	360903	558829
3924	360977	558710
3925	361055	558597
3926	361119	558461
3927	361203	558356
3928	361266	558220
3929	361343	558104
3930	361428	558003
3931	361517	557905
3932	361592	557788
3933	361682	557694
3934	361754	557570
3935	361836	557463
3936	361935	557382
3937	362007	557260
3938	362100	557169
3939	362184	557066
3940	362250	556933
3941	362330	556824
3942	362412	556716
3943	362491	556604
3944	362575	556500
3945	362656	556392
3946	362744	556294
3947	362826	556187
3948	362893	556057
3949	362956	555921
3950	363031	555802
3951	363113	555695
3952	363196	555590
3953	363272	555473
3954	363369	555391
3955	363471	555313
3956	363568	555229
3957	363660	555137
3958	363749	555041
3959	363834	554938
3960	363953	554889
3961	364035	554781
3962	364124	554686
3963	364190	554554
3964	364273	554449
3965	364345	554326
3966	364406	554187
3967	364468	554051
3968	364529	553912
3969	364605	553796
3970	364665	553656
3971	364745	553546
3972	364807	553409
3973	364889	553303
3974	364981	553210
3975	365056	553094
3976	365131	552976
3977	365205	552857
3978	365294	552761
3979	365388	552673
3980	365462	552554
3981	365634	552583
3982	365724	552488
3983	365791	552360
3984	365890	552279
3985	366007	552225
3986	366088	552116
3987	366149	551978
3988	366224	551861
3989	366299	551744
3990	366376	551630
3991	366453	551515
3992	366534	551408
3993	366624	551313
3994	366720	551227
3995	366796	551112
3996	366884	551014
3997	366973	550919
3998	367067	550831
3999	367171	550757
4000	367273	550681
4001	367355	550574
4002	367438	550469
4003	367504	550339
4004	367578	550220
4005	367672	550131
4006	367781	550066
4007	367859	549953
4008	367920	549816
4009	367991	549693
4010	368073	549587
4011	368156	549481
4012	368269	549421
4013	368348	549311
4014	368445	549226
4015	368546	549149
4016	368646	549069
4017	368766	549020
4018	368859	548930
4019	368933	548810
4020	369022	548715
4021	369102	548605
4022	369177	548489
4023	369242	548358
4024	369333	548265
4025	369420	548166
4026	369500	548057
4027	369574	547938
4028	369633	547798
4029	369713	547689
4030	369789	547574
4031	369862	547455
4032	369948	547354
4033	370043	547268
4034	370152	547202
4035	370256	547128
4036	370339	547022
4037	370412	546904
4038	370501	546808
4039	370619	546756
4040	370709	546661
4041	370796	546562
4042	370860	546430
4043	370950	546334
4044	371017	546207
4045	371106	546112
4046	371182	545996
4047	371283	545919
4048	371362	545808
4049	371436	545690
4050	371520	545587
4051	371583	545454
4052	371649	545323
4053	371734	545223
4054	371833	545141
4055	371930	545057
4056	372003	544938
4057	372071	544812
4058	372167	544726
4059	372242	544611
4060	372351	544544
4061	372442	544451
4062	372527	544350
4063	372613	544250
4064	372678	544120
4065	372754	544005
4066	372828	543888
4067	372908	543778
4068	372982	543661
4069	373061	543551
4070	373141	543443
4071	373214	543324
4072	373283	543199
4073	373339	543056
4074	373412	542937
4075	373503	542844
4076	373596	542755
4077	373689	542664
4078	373762	542546
4079	373840	542434
4080	373933	542344
4081	374022	542249
4082	374138	542194
4083	374203	542063
4084	374280	541951
4085	374355	541835
4086	374441	541734
4087	374504	541602
4088	374587	541498
4089	374651	541366
4090	374729	541255
4091	374808	541145
4092	374880	541025
4093	374953	540907
4094	375030	540794
4095	375106	540681
4096	375177	540560
4097	375268	540466
4098	375357	540372
4099	375448	540279
4100	375535	540182
4101	375625	540088
4102	375705	539978
4103	375824	539927
4104	375912	539830
4105	376010	539748
4106	376106	539662
4107	376173	539536
4108	376259	539436
4109	376339	539327
4110	376416	539215
4111	376497	539109
4112	376573	538995
4113	376644	538874
4114	376706	538740
4115	376782	538626
4116	376857	538511
4117	376948	538420
4118	377040	538328
4119	377132	538237
4120	377203	538117
4121	377295	538026
4122	377388	537937
4123	377458	537814
4124	377579	537765
4125	377650	537643
4126	377719	537520
4127	377781	537386
4128	377858	537275
4129	377945	537177
4130	378008	537044
4131	378069	536910
4132	378145	536796
4133	378222	536685
4134	378298	536571
4135	378376	536460
4136	378450	536344
4137	378543	536254
4138	378613	536133
4139	378721	536064
4140	378827	535994
4141	378932	535921
4142	379011	535812
4143	379100	535717
4144	379219	535664
4145	379304	535564
4146	379376	535445
4147	379462	535345
4148	379579	535291
4149	379660	535183
4150	379750	535090
4151	379830	534983
4152	379892	534849
4153	379966	534733
4154	380025	534597
4155	380088	534464
4156	380162	534349
4157	380266	534275
4158	380354	534179
4159	380431	534066
4160	380524	533977
4161	380618	533889
4162	380708	533796
4163	380794	533697
4164	380883	533602
4165	380994	533538
4166	381074	533430
4167	381142	533307
4168	381228	533207
4169	381317	533113
4170	381408	533021
4171	381476	532897
4172	381550	532780
4173	381614	532651
4174	381681	532525
4175	381745	532395
4176	381807	532263
4177	381882	532149
4178	381944	532017
4179	382030	531918
4180	382124	531830
4181	382215	531738
4182	382311	531653
4183	382405	531565
4184	382498	531475
4185	382572	531361
4186	382664	531270
4187	382737	531153
4188	382819	531049
4189	382900	530943
4190	382984	530841
4191	383066	530737
4192	383128	530604
4193	383207	530496
4194	383282	530382
4195	383360	530273
4196	383440	530165
4197	383501	530032
4198	383575	529917
4199	383633	529780
4200	383700	529655
4201	383775	529540
4202	383843	529417
4203	383919	529305
4204	384008	529210
4205	384105	529126
4206	384180	529012
4207	384277	528930
4208	384368	528837
4209	384456	528742
4210	384556	528662
4211	384639	528559
4212	384720	528454
4213	384799	528345
4214	384878	528237
4215	384961	528134
4216	385029	528011
4217	385107	527902
4218	385184	527791
4219	385258	527676
4220	385335	527566
4221	385422	527467
4222	385496	527353
4223	385584	527257
4224	385660	527145
4225	385746	527046
4226	385844	526964
4227	385938	526876
4228	386009	526758
4229	386105	526672
4230	386195	526580
4231	386315	526528
4232	386383	526404
4233	386475	526315
4234	386545	526194
4235	386630	526094
4236	386713	525992
4237	386801	525897
4238	386879	525786
4239	386950	525668
4240	387025	525555
4241	387096	525437
4242	387174	525327
4243	387237	525198
4244	387314	525086
4245	387409	525001
4246	387483	524885
4247	387559	524774
4248	387632	524658
4249	387704	524541
4250	387779	524428
4251	387870	524336
4252	387953	524234
4253	388067	524173
4254	388153	524075
4255	388222	523954
4256	388303	523849
4257	388387	523748
4258	388470	523646
4259	388558	523550
4260	388634	523438
4261	388710	523327
4262	388788	523217
4263	388849	523086
4264	388924	522973
4265	388999	522860
4266	389077	522751
4267	389164	522654
4268	389254	522561
4269	389342	522465
4270	389433	522374
4271	389521	522279
4272	389611	522187
4273	389700	522092
4274	389779	521985
4275	389898	521931
4276	389982	521831
4277	390066	521730
4278	390156	521637
4279	390252	521552
4280	390345	521463
4281	390438	521374
4282	390520	521271
4283	390595	521159
4284	390671	521047
4285	390732	520916
4286	390808	520804
4287	390880	520687
4288	390974	520601
4289	391068	520512
4290	391161	520424
4291	391264	520349
4292	391347	520246
4293	391444	520163
4294	391525	520058
4295	391626	519981
4296	391714	519885
4297	391799	519786
4298	391894	519700
4299	391992	519618
4300	392082	519524
4301	392172	519433
4302	392258	519334
4303	392342	519234
4304	392415	519118
4305	392482	518996
4306	392545	518867
4307	392625	518761
4308	392691	518636
4309	392779	518541
4310	392874	518455
4311	392971	518372
4312	393060	518277
4313	393150	518186
4314	393238	518090
4315	393311	517975
4316	393400	517881
4317	393509	517813
4318	393591	517710
4319	393672	517605
4320	393741	517486
4321	393808	517363
4322	393891	517261
4323	393965	517148
4324	394043	517040
4325	394121	516931
4326	394189	516809
4327	394257	516688
4328	394329	516573
4329	394415	516474
4330	394515	516394
4331	394586	516278
4332	394665	516170
4333	394742	516062
4334	394840	515980
4335	394931	515888
4336	395007	515777
4337	395070	515649
4338	395160	515557
4339	395269	515489
4340	395349	515383
4341	395414	515258
4342	395499	515160
4343	395568	515040
4344	395649	514936
4345	395718	514816
4346	395795	514706
4347	395868	514592
4348	395943	514480
4349	396021	514372
4350	396099	514264
4351	396174	514152
4352	396251	514043
4353	396359	513974
4354	396449	513882
4355	396541	513792
4356	396635	513705
4357	396713	513596
4358	396801	513503
4359	396865	513376
4360	396990	513329
4361	397074	513228
4362	397157	513128
4363	397242	513029
4364	397307	512903
4365	397381	512790
4366	397470	512697
4367	397533	512570
4368	397607	512457
4369	397679	512342
4370	397760	512238
4371	397839	512132
4372	397919	512027
4373	398002	511925
4374	398107	511852
4375	398210	511776
4376	398294	511677
4377	398376	511573
4378	398475	511493
4379	398576	511415
4380	398673	511332
4381	398806	511294
4382	398908	511218
4383	398986	511110
4384	399065	511004
4385	399151	510906
4386	399232	510803
4387	399313	510698
4388	399395	510596
4389	399472	510487
4390	399546	510374
4391	399618	510259
4392	399693	510148
4393	399759	510024
4394	399841	509923
4395	399938	509840
4396	400041	509763
4397	400122	509660
4398	400226	509585
4399	400306	509480
4400	400398	509391
4401	400475	509282
4402	400592	509224
4403	400674	509122
4404	400756	509019
4405	400837	508915
4406	400920	508815
4407	401010	508722
4408	401081	508606
4409	401155	508494
4410	401234	508388
4411	401307	508274
4412	401369	508146
4413	401443	508034
4414	401522	507928
4415	401589	507807
4416	401691	507729
4417	401767	507620
4418	401862	507535
4419	401962	507454
4420	402054	507365
4421	402145	507274
4422	402232	507179
4423	402322	507086
4424	402425	507010
4425	402516	506919
4426	402599	506819
4427	402693	506732
4428	402794	506653
4429	402862	506533
4430	402941	506428
4431	403016	506316
4432	403094	506209
4433	403156	506082
4434	403220	505957
4435	403298	505850
4436	403380	505748
4437	403478	505666
4438	403572	505579
4439	403661	505486
4440	403759	505403
4441	403829	505286
4442	403903	505175
4443	403990	505079
4444	404062	504964
4445	404178	504904
4446	404241	504778
4447	404324	504679
4448	404408	504579
4449	404492	504479
4450	404576	504379
4451	404663	504283
4452	404735	504170
4453	404798	504044
4454	404872	503932
4455	404939	503811
4456	404999	503682
4457	405057	503551
4458	405128	503434
4459	405217	503342
4460	405312	503256
4461	405390	503149
4462	405483	503061
4463	405580	502977
4464	405672	502888
4465	405749	502780
4466	405847	502698
4467	405933	502601
4468	406023	502510
4469	406131	502440
4470	406222	502349
4471	406295	502236
4472	406382	502140
4473	406445	502015
4474	406523	501909
4475	406587	501785
4476	406661	501673
4477	406723	501546
4478	406784	501418
4479	406859	501308
4480	406939	501204
4481	407034	501119
4482	407104	501003
4483	407183	500897
4484	407261	500791
4485	407341	500686
4486	407435	500599
4487	407509	500488
4488	407596	500392
4489	407689	500305
4490	407786	500222
4491	407912	500174
4492	407984	500060
4493	408051	499940
4494	408138	499844
4495	408222	499745
4496	408296	499634
4497	408368	499520
4498	408442	499408
4499	408512	499293
4500	408585	499180
4501	408660	499070
4502	408756	498986
4503	408849	498898
4504	408943	498810
4505	409029	498714
4506	409121	498625
4507	409210	498532
4508	409300	498440
4509	409395	498354
4510	409491	498271
4511	409568	498162
4512	409687	498107
4513	409770	498006
4514	409856	497909
4515	409939	497809
4516	410017	497703
4517	410093	497594
4518	410153	497467
4519	410214	497339
4520	410285	497224
4521	410355	497109
4522	410426	496994
4523	410484	496864
4524	410581	496780
4525	410660	496676
4526	410754	496588
4527	410849	496504
4528	410922	496390
4529	410999	496284
4530	411086	496189
4531	411170	496090
4532	411242	495977
4533	411332	495885
4534	411412	495780
4535	411510	495699
4536	411609	495618
4537	411690	495516
4538	411779	495423
4539	411864	495325
4540	411942	495220
4541	412014	495107
4542	412081	494987
4543	412160	494882
4544	412236	494773
4545	412297	494647
4546	412351	494513
4547	412421	494398
4548	412496	494288
4549	412575	494184
4550	412667	494094
4551	412764	494011
4552	412838	493901
4553	412930	493811
4554	413007	493705
4555	413095	493611
4556	413175	493507
4557	413271	493422
4558	413369	493341
4559	413486	493282
4560	413583	493198
4561	413650	493080
4562	413733	492980
4563	413799	492860
4564	413859	492733
4565	413929	492618
4566	413989	492490
4567	414063	492379
4568	414134	492266
4569	414206	492153
4570	414280	492042
4571	414362	491942
4572	414440	491836
4573	414515	491727
4574	414590	491618
4575	414684	491531
4576	414774	491440
4577	414864	491349
4578	414931	491230
4579	415000	491113
4580	415092	491024
4581	415181	490932
4582	415276	490846
4583	415376	490767
4584	415457	490666
4585	415537	490562
4586	415615	490457
4587	415692	490351
4588	415763	490237
4589	415837	490126
4590	415906	490010
4591	415960	489877
4592	416030	489761
4593	416105	489653
4594	416197	489564
4595	416274	489457
4596	416367	489369
4597	416441	489260
4598	416540	489178
4599	416614	489068
4600	416689	488960
4601	416767	488855
4602	416834	488737
4603	416928	488650
4604	417018	488558
4605	417130	488494
4606	417211	488391
4607	417289	488286
4608	417357	488169
4609	417424	488051
4610	417494	487937
4611	417554	487811
4612	417628	487700
4613	417692	487579
4614	417757	487459
4615	417835	487354
4616	417907	487241
4617	417979	487130
4618	418077	487048
4619	418174	486964
4620	418248	486855
4621	418335	486760
4622	418432	486677
4623	418536	486603
4624	418624	486509
4625	418717	486422
4626	418833	486360
4627	418929	486276
4628	419017	486183
4629	419102	486086
4630	419171	485971
4631	419256	485874
4632	419331	485765
4633	419404	485654
4634	419479	485546
4635	419552	485435
4636	419611	485308
4637	419682	485195
4638	419758	485089
4639	419846	484995
4640	419938	484906
4641	420016	484800
4642	420094	484696
4643	420193	484615
4644	420288	484531
4645	420360	484418
4646	420447	484324
4647	420524	484218
4648	420616	484130
4649	420731	484067
4650	420818	483972
4651	420902	483874
4652	420969	483757
4653	421037	483641
4654	421098	483516
4655	421180	483416
4656	421255	483308
4657	421331	483201
4658	421411	483099
4659	421475	482978
4660	421557	482878
4661	421645	482785
4662	421740	482699
4663	421817	482594
4664	421909	482505
4665	421989	482403
4666	422061	482291
4667	422128	482174
4668	422218	482082
4669	422290	481971
4670	422387	481888
4671	422487	481808
4672	422567	481707
4673	422633	481589
4674	422702	481473
4675	422771	481359
4676	422841	481245
4677	422927	481150
4678	423002	481042
4679	423072	480929
4680	423160	480835
4681	423239	480732
4682	423311	480620
4683	423407	480536
4684	423505	480454
4685	423598	480367
4686	423700	480290
4687	423816	480229
4688	423915	480148
4689	424014	480067
4690	424128	480003
4691	424219	479914
4692	424299	479812
4693	424364	479692
4694	424448	479594
4695	424534	479499
4696	424594	479375
4697	424672	479270
4698	424732	479145
4699	424805	479035
4700	424879	478927
4701	424958	478824
4702	425036	478719
4703	425111	478612
4704	425186	478503
4705	425279	478417
4706	425382	478340
4707	425472	478249
4708	425560	478156
4709	425649	478064
4710	425739	477974
4711	425810	477862
4712	425939	477815
4713	426019	477713
4714	426094	477605
4715	426163	477491
4716	426234	477379
4717	426319	477283
4718	426395	477176
4719	426480	477080
4720	426542	476957
4721	426621	476854
4722	426691	476742
4723	426747	476613
4724	426813	476495
4725	426884	476383
4726	426977	476296
4727	427047	476183
4728	427126	476079
4729	427206	475978
4730	427282	475871
4731	427379	475789
4732	427479	475710
4733	427562	475611
4734	427659	475528
4735	427751	475440
4736	427857	475367
4737	427954	475284
4738	428048	475197
4739	428169	475141
4740	428265	475057
4741	428336	474945
4742	428417	474845
4743	428498	474744
4744	428566	474629
4745	428633	474513
4746	428736	474437
4747	428839	474360
4748	428943	474285
4749	429037	474199
4750	429140	474123
4751	429242	474045
4752	429313	473934
4753	429388	473826
4754	429480	473738
4755	429571	473648
4756	429662	473559
4757	429766	473484
4758	429881	473420
4759	429963	473321
4760	430045	473221
4761	430125	473120
4762	430195	473006
4763	430267	472896
4764	430344	472791
4765	430418	472683
4766	430499	472583
4767	430587	472490
4768	430673	472395
4769	430752	472292
4770	430848	472208
4771	430946	472126
4772	431037	472036
4773	431129	471949
4774	431227	471866
4775	431327	471787
4776	431423	471703
4777	431514	471613
4778	431581	471497
4779	431648	471382
4780	431732	471284
4781	431807	471177
4782	431869	471056
4783	431944	470949
4784	432003	470825
4785	432063	470701
4786	432134	470590
4787	432193	470465
4788	432290	470383
4789	432382	470295
4790	432474	470206
4791	432566	470117
4792	432654	470024
4793	432749	469939
4794	432833	469843
4795	432912	469740
4796	433006	469654
4797	433079	469545
4798	433197	469485
4799	433289	469396
4800	433374	469301
4801	433455	469200
4802	433532	469096
4803	433609	468991
4804	433670	468869
4805	433733	468749
4806	433812	468647
4807	433896	468549
4808	433988	468461
4809	434079	468372
4810	434174	468287
4811	434265	468198
4812	434353	468105
4813	434425	467995
4814	434506	467895
4815	434599	467807
4816	434731	467763
4817	434821	467672
4818	434906	467576
4819	434978	467466
4820	435060	467367
4821	435139	467265
4822	435221	467165
4823	435296	467059
4824	435372	466954
4825	435433	466832
4826	435514	466732
4827	435592	466628
4828	435686	466542
4829	435779	466455
4830	435873	466369
4831	435962	466278
4832	436035	466168
4833	436127	466080
4834	436222	465995
4835	436313	465906
4836	436381	465792
4837	436508	465741
4838	436572	465623
4839	436638	465507
4840	436707	465394
4841	436783	465288
4842	436861	465185
4843	436922	465064
4844	436985	464944
4845	437052	464830
4846	437107	464703
4847	437178	464592
4848	437258	464490
4849	437348	464400
4850	437434	464306
4851	437532	464224
4852	437620	464132
4853	437698	464028
4854	437793	463944
4855	437891	463861
4856	437969	463759
4857	438055	463664
4858	438145	463574
4859	438251	463500
4860	438322	463389
4861	438407	463294
4862	438489	463196
4863	438571	463096
4864	438647	462992
4865	438745	462909
4866	438808	462791
4867	438873	462674
4868	438935	462554
4869	439011	462449
4870	439076	462333
4871	439144	462219
4872	439218	462112
4873	439310	462024
4874	439388	461921
4875	439481	461834
4876	439573	461745
4877	439664	461656
4878	439752	461564
4879	439851	461483
4880	439945	461397
4881	440045	461317
4882	440144	461236
4883	440229	461140
4884	440300	461030
4885	440383	460933
4886	440459	460829
4887	440517	460704
4888	440574	460580
4889	440653	460478
4890	440714	460357
4891	440794	460256
4892	440854	460135
4893	440944	460045
4894	441035	459956
4895	441105	459845
4896	441198	459758
4897	441290	459670
4898	441380	459580
4899	441471	459490
4900	441562	459401
4901	441652	459311
4902	441753	459233
4903	441842	459141
4904	441954	459073
4905	442039	458979
4906	442102	458860
4907	442172	458749
4908	442246	458642
4909	442320	458536
4910	442381	458415
4911	442454	458307
4912	442529	458202
4913	442619	458111
4914	442708	458021
4915	442804	457936
4916	442877	457828
4917	442968	457740
4918	443050	457641
4919	443124	457534
4920	443200	457430
4921	443296	457346
4922	443386	457256
4923	443483	457173
4924	443609	457120
4925	443685	457015
4926	443762	456912
4927	443821	456790
4928	443896	456684
4929	443970	456578
4930	444047	456474
4931	444108	456354
4932	444173	456238
4933	444249	456134
4934	444343	456048
4935	444421	455945
4936	444512	455856
4937	444606	455771
4938	444681	455665
4939	444754	455558
4940	444854	455478
4941	444944	455387
4942	445031	455295
4943	445107	455190
4944	445197	455100
4945	445271	454994
4946	445351	454893
4947	445427	454790
4948	445504	454686
4949	445561	454563
4950	445641	454462
4951	445723	454363
4952	445797	454258
4953	445875	454155
4954	445956	454056
4955	446043	453963
4956	446128	453868
4957	446195	453755
4958	446292	453671
4959	446375	453575
4960	446480	453499
4961	446563	453402
4962	446646	453305
4963	446720	453200
4964	446802	453101
4965	446870	452989
4966	446977	452916
4967	447049	452808
4968	447110	452688
4969	447170	452568
4970	447247	452466
4971	447315	452353
4972	447417	452276
4973	447490	452168
4974	447564	452062
4975	447657	451975
4976	447774	451913
4977	447871	451830
4978	447969	451747
4979	448063	451662
4980	448139	451558
4981	448213	451452
4982	448303	451362
4983	448395	451274
4984	448488	451187
4985	448579	451098
4986	448706	451046
4987	448777	450937
4988	448860	450840
4989	448923	450722
4990	448999	450618
4991	449076	450515
4992	449149	450408
4993	449211	450291
4994	449287	450187
4995	449358	450078
4996	449438	449978
4997	449529	449889
4998	449615	449795
4999	449709	449709
5000	449786	449606
5001	449886	449526
5002	449979	449439
5003	450063	449343
5004	450160	449260
5005	450237	449158
5006	450326	449067
5007	450397	448958
5008	450485	448866
5009	450590	448791
5010	450686	448707
5011	450753	448594
5012	450826	448488
5013	450903	448385
5014	450980	448282
5015	451059	448182
5016	451123	448066
5017	451185	447948
5018	451282	447865
5019	451357	447761
5020	451449	447673
5021	451543	447587
5022	451634	447498
5023	451724	447408
5024	451814	447319
5025	451909	447233
5026	451994	447139
5027	452076	447041
5028	452147	446933
5029	452241	446847
5030	452316	446742
5031	452420	446665
5032	452505	446571
5033	452580	446466
5034	452639	446346
5035	452711	446239
5036	452789	446137
5037	452868	446037
5038	452942	445930
5039	453018	445827
5040	453112	445742
5041	453182	445632
5042	453256	445527
5043	453352	445442
5044	453447	445358
5045	453545	445276
5046	453630	445181
5047	453702	445073
5048	453793	444985
5049	453870	444882
5050	453967	444800
5051	454062	444715
5052	454178	444650
5053	454249	444542
5054	454315	444428
5055	454396	444330
5056	454472	444226
5057	454543	444118
5058	454602	443998
5059	454661	443878
5060	454740	443778
5061	454803	443662
5062	454887	443567
5063	454975	443475
5064	455065	443385
5065	455159	443299
5066	455229	443190
5067	455300	443082
5068	455374	442976
5069	455440	442863
5070	455529	442773
5071	455628	442692
5072	455721	442606
5073	455826	442530
5074	455915	442439
5075	455987	442332
5076	456058	442224
5077	456138	442125
5078	456214	442021
5079	456288	441917
5080	456350	441799
5081	456407	441678
5082	456494	441586
5083	456557	441470
5084	456626	441361
5085	456702	441257
5086	456798	441174
5087	456873	441069
5088	456964	440980
5089	457050	440888
5090	457126	440784
5091	457215	440693
5092	457302	440601
5093	457400	440519
5094	457495	440434
5095	457598	440357
5096	457683	440263
5097	457793	440192
5098	457866	440087
5099	457947	439988
5100	458034	439896
5101	458122	439805
5102	458195	439699
5103	458274	439598
5104	458351	439496
5105	458415	439382
5106	458520	439306
5107	458616	439223
5108	458710	439137
5109	458797	439045
5110	458875	438943
5111	458971	438859
5112	459047	438757
5113	459141	438671
5114	459213	438564
5115	459290	438462
5116	459378	438370
5117	459454	438268
5118	459563	438196
5119	459641	438096
5120	459725	438000
5121	459796	437893
5122	459881	437798
5123	459953	437691
5124	460036	437596
5125	460114	437494
5126	460190	437392
5127	460251	437274
5128	460326	437171
5129	460421	437086
5130	460509	436995
5131	460603	436909
5132	460696	436822
5133	460791	436737
5134	460882	436649
5135	460992	436578
5136	461086	436493
5137	461183	436409
5138	461262	436309
5139	461340	436209
5140	461436	436125
5141	461513	436023
5142	461596	435927
5143	461687	435838
5144	461762	435735
5145	461821	435616
5146	461898	435514
5147	461960	435398
5148	462032	435291
5149	462103	435185
5150	462164	435068
5151	462250	434974
5152	462328	434873
5153	462412	434779
5154	462506	434693
5155	462602	434609
5156	462697	434524
5157	462790	434438
5158	462880	434348
5159	462981	434269
5160	463053	434163
5161	463129	434060
5162	463201	433954
5163	463292	433865
5164	463396	433788
5165	463513	433725
5166	463581	433615
5167	463657	433512
5168	463719	433397
5169	463805	433303
5170	463880	433200
5171	463957	433098
5172	464034	432997
5173	464124	432908
5174	464220	432824
5175	464315	432739
5176	464406	432650
5177	464484	432550
5178	464583	432468
5179	464673	432379
5180	464748	432276
5181	464843	432191
5182	464940	432108
5183	465035	432024
5184	465127	431936
5185	465217	431846
5186	465327	431775
5187	465397	431667
5188	465472	431564
5189	465542	431456
5190	465615	431351
5191	465687	431245
5192	465753	431133
5193	465830	431032
5194	465926	430948
5195	466019	430861
5196	466114	430776
5197	466201	430685
5198	466294	430598
5199	466391	430514
5200	466481	430425
5201	466560	430326
5202	466671	430256
5203	466747	430153
5204	466836	430063
5205	466934	429981
5206	467006	429875
5207	467097	429787
5208	467196	429705
5209	467274	429605
5210	467354	429506
5211	467427	429401
5212	467507	429303
5213	467591	429208
5214	467662	429101
5215	467744	429004
5216	467838	428919
5217	467930	428832
5218	468022	428744
5219	468110	428653
5220	468209	428571
5221	468280	428465
5222	468362	428368
5223	468432	428260
5224	468527	428175
5225	468620	428088
5226	468711	428000
5227	468799	427909
5228	468889	427819
5229	469003	427752
5230	469075	427646
5231	469148	427541
5232	469220	427436
5233	469297	427334
5234	469375	427234
5235	469436	427118
5236	469495	427001
5237	469565	426894
5238	469636	426787
5239	469708	426681
5240	469798	426592
5241	469889	426503
5242	469964	426401
5243	470058	426315
5244	470162	426239
5245	470243	426141
5246	470335	426054
5247	470429	425967
5248	470521	425880
5249	470612	425792
5250	470704	425704
5251	470811	425630
5252	470892	425533
5253	470959	425422
5254	471035	425321
5255	471113	425221
5256	471190	425119
5257	471265	425017
5258	471329	424904
5259	471403	424801
5260	471465	424686
5261	471525	424570
5262	471615	424480
5263	471692	424379
5264	471780	424289
5265	471877	424205
5266	471974	424123
5267	472065	424034
5268	472153	423943
5269	472243	423854
5270	472330	423762
5271	472421	423674
5272	472514	423587
5273	472622	423514
5274	472731	423442
5275	472818	423350
5276	472896	423249
5277	472973	423149
5278	473034	423033
5279	473106	422928
5280	473178	422823
5281	473249	422717
5282	473308	422600
5283	473387	422501
5284	473478	422412
5285	473587	422340
5286	473663	422238
5287	473728	422127
5288	473821	422040
5289	473917	421956
5290	473992	421853
5291	474082	421765
5292	474172	421676
5293	474276	421598
5294	474375	421517
5295	474455	421419
5296	474522	421309
5297	474607	421216
5298	474693	421124
5299	474767	421020
5300	474834	420910
5301	474899	420799
5302	474973	420695
5303	475033	420580
5304	475111	420480
5305	475195	420386
5306	475273	420286
5307	475366	420199
5308	475444	420099
5309	475522	420000
5310	475620	419917
5311	475724	419840
5312	475817	419755
5313	475891	419651
5314	475969	419551
5315	476055	419459
5316	476161	419384
5317	476246	419290
5318	476330	419195
5319	476415	419102
5320	476498	419006
5321	476558	418891
5322	476657	418810
5323	476721	418698
5324	476785	418586
5325	476859	418483
5326	476919	418367
5327	476978	418251
5328	477067	418161
5329	477137	418054
5330	477233	417970
5331	477323	417882
5332	477403	417784
5333	477474	417678
5334	477549	417576
5335	477641	417488
5336	477715	417385
5337	477787	417280
5338	477882	417195
5339	477997	417128
5340	478076	417030
5341	478158	416934
5342	478241	416838
5343	478330	416748
5344	478392	416635
5345	478474	416539
5346	478553	416441
5347	478637	416346
5348	478714	416246
5349	478796	416150
5350	478886	416060
5351	478975	415970
5352	479045	415864
5353	479117	415759
5354	479209	415672
5355	479296	415581
5356	479366	415475
5357	479447	415378
5358	479542	415293
5359	479644	415214
5360	479741	415131
5361	479820	415033
5362	479901	414936
5363	479981	414838
5364	480067	414746
5365	480144	414646
5366	480203	414529
5367	480275	414425
5368	480353	414325
5369	480415	414212
5370	480472	414095
5371	480542	413989
5372	480624	413893
5373	480701	413793
5374	480813	413723
5375	480920	413648
5376	481024	413571
5377	481099	413469
5378	481192	413383
5379	481270	413284
5380	481347	413184
5381	481425	413085
5382	481529	413007
5383	481612	412913
5384	481681	412805
5385	481772	412717
5386	481840	412610
5387	481934	412524
5388	481996	412411
5389	482059	412299
5390	482124	412189
5391	482183	412073
5392	482249	411964
5393	482313	411853
5394	482387	411750
5395	482448	411636
5396	482518	411531
5397	482599	411434
5398	482690	411346
5399	482793	411268
5400	482883	411179
5401	482971	411088
5402	483064	411002
5403	483158	410917
5404	483262	410840
5405	483362	410760
5406	483496	410708
5407	483575	410609
5408	483661	410517
5409	483732	410412
5410	483826	410327
5411	483903	410227
5412	483978	410125
5413	484036	410009
5414	484095	409894
5415	484175	409797
5416	484237	409684
5417	484303	409575
5418	484392	409485
5419	484486	409399
5420	484576	409311
5421	484649	409208
5422	484737	409117
5423	484813	409016
5424	484885	408913
5425	484971	408820
5426	485046	408719
5427	485157	408647
5428	485227	408542
5429	485311	408448
5430	485393	408352
5431	485488	408267
5432	485560	408163
5433	485641	408067
5434	485704	407956
5435	485782	407856
5436	485875	407771
5437	485963	407680
5438	486041	407581
5439	486129	407490
5440	486226	407408
5441	486318	407321
5442	486394	407219
5443	486484	407131
5444	486560	407031
5445	486665	406954
5446	486760	406869
5447	486853	406783
5448	486958	406707
5449	487053	406622
5450	487133	406525
5451	487206	406422
5452	487271	406313
5453	487356	406220
5454	487446	406131
5455	487520	406028
5456	487594	405926
5457	487653	405812
5458	487734	405715
5459	487803	405609
5460	487881	405510
5461	487988	405435
5462	488066	405337
5463	488145	405239
5464	488220	405138
5465	488327	405063
5466	488433	404987
5467	488536	404909
5468	488660	404849
5469	488747	404758
5470	488837	404669
5471	488923	404577
5472	488990	404469
5473	489075	404376
5474	489154	404278
5475	489213	404163
5476	489270	404048
5477	489346	403947
5478	489423	403847
5479	489497	403746
5480	489573	403645
5481	489660	403554
5482	489750	403465
5483	489831	403369
5484	489936	403293
5485	490016	403196
5486	490115	403114
5487	490187	403011
5488	490249	402899
5489	490321	402796
5490	490398	402696
5491	490493	402611
5492	490604	402540
5493	490689	402447
5494	490760	402342
5495	490846	402251
5496	490912	402142
5497	490983	402038
5498	491041	401923
5499	491105	401813
5500	491174	401707
5501	491230	401591
5502	491298	401484
5503	491370	401381
5504	491457	401289
5505	491558	401210
5506	491651	401124
5507	491744	401038
5508	491842	400955
5509	491931	400866
5510	492037	400790
5511	492127	400701
5512	492218	400614
5513	492293	400512
5514	492397	400435
5515	492488	400347
5516	492555	400240
5517	492634	400142
5518	492717	400048
5519	492800	399953
5520	492876	399853
5521	492949	399751
5522	493018	399645
5523	493076	399531
5524	493150	399429
5525	493228	399330
5526	493292	399221
5527	493383	399133
5528	493476	399047
5529	493548	398944
5530	493621	398841
5531	493693	398738
5532	493792	398656
5533	493869	398558
5534	493946	398459
5535	494054	398385
5536	494139	398292
5537	494206	398184
5538	494272	398077
5539	494352	397980
5540	494418	397872
5541	494491	397770
5542	494565	397669
5543	494621	397552
5544	494677	397437
5545	494753	397337
5546	494831	397239
5547	494901	397134
5548	494978	397035
5549	495048	396931
5550	495137	396841
5551	495232	396756
5552	495326	396671
5553	495421	396586
5554	495512	396499
5555	495583	396395
5556	495696	396325
5557	495791	396240
5558	495879	396150
5559	495965	396058
5560	496058	395972
5561	496135	395873
5562	496228	395787
5563	496302	395686
5564	496365	395576
5565	496439	395474
5566	496513	395373
5567	496585	395270
5568	496667	395176
5569	496741	395074
5570	496840	394993
5571	496931	394905
5572	497022	394817
5573	497117	394733
5574	497208	394645
5575	497299	394557
5576	497386	394466
5577	497478	394379
5578	497551	394277
5579	497660	394204
5580	497751	394116
5581	497833	394021
5582	497920	393930
5583	497999	393833
5584	498080	393737
5585	498142	393627
5586	498221	393529
5587	498304	393435
5588	498389	393343
5589	498464	393242
5590	498542	393144
5591	498638	393061
5592	498733	392976
5593	498819	392885
5594	498927	392810
5595	499026	392729
5596	499101	392628
5597	499192	392541
5598	499263	392437
5599	499354	392350
5600	499447	392263
5601	499541	392178
5602	499615	392077
5603	499702	391986
5604	499787	391894
5605	499849	391783
5606	499910	391672
5607	499975	391564
5608	500054	391467
5609	500116	391356
5610	500199	391262
5611	500277	391165
5612	500345	391059
5613	500436	390971
5614	500530	390886
5615	500622	390799
5616	500711	390709
5617	500783	390607
5618	500863	390511
5619	500939	390411
5620	501032	390325
5621	501129	390242
5622	501222	390156
5623	501302	390060
5624	501400	389978
5625	501465	389870
5626	501528	389760
5627	501589	389650
5628	501678	389560
5629	501758	389464
5630	501836	389366
5631	501899	389257
5632	501964	389149
5633	502047	389055
5634	502108	388944
5635	502175	388838
5636	502273	388756
5637	502364	388669
5638	502456	388581
5639	502535	388485
5640	502630	388399
5641	502724	388314
5642	502795	388212
5643	502868	388110
5644	502953	388018
5645	503061	387943
5646	503154	387857
5647	503240	387766
5648	503307	387659
5649	503393	387568
5650	503462	387463
5651	503537	387364
5652	503616	387266
5653	503692	387167
5654	503755	387058
5655	503838	386965
5656	503903	386857
5657	503970	386751
5658	504042	386649
5659	504120	386551
5660	504193	386450
5661	504269	386351
5662	504363	386265
5663	504451	386175
5664	504530	386079
5665	504614	385986
5666	504692	385889
5667	504807	385819
5668	504886	385722
5669	504949	385614
5670	505031	385519
5671	505111	385423
5672	505196	385331
5673	505279	385237
5674	505350	385135
5675	505426	385035
5676	505504	384938
5677	505565	384828
5678	505643	384730
5679	505702	384618
5680	505768	384512
5681	505852	384419
5682	505942	384331
5683	506014	384229
5684	506100	384138
5685	506192	384051
5686	506287	383966
5687	506379	383880
5688	506452	383778
5689	506567	383709
5690	506652	383617
5691	506739	383526
5692	506822	383432
5693	506902	383337
5694	506984	383242
5695	507052	383137
5696	507127	383038
5697	507200	382937
5698	507259	382825
5699	507323	382717
5700	507388	382610
5701	507449	382500
5702	507508	382388
5703	507593	382296
5704	507688	382212
5705	507781	382126
5706	507883	382047
5707	507979	381963
5708	508073	381878
5709	508155	381784
5710	508244	381695
5711	508313	381591
5712	508402	381502
5713	508519	381433
5714	508584	381327
5715	508649	381220
5716	508713	381112
5717	508801	381022
5718	508873	380920
5719	508931	380809
5720	508990	380697
5721	509054	380589
5722	509125	380487
5723	509199	380387
5724	509278	380290
5725	509361	380197
5726	509447	380106
5727	509536	380017
5728	509635	379935
5729	509707	379834
5730	509803	379750
5731	509895	379663
5732	510000	379587
5733	510091	379499
5734	510183	379412
5735	510291	379338
5736	510358	379232
5737	510443	379141
5738	510526	379047
5739	510608	378953
5740	510684	378854
5741	510755	378752
5742	510812	378640
5743	510880	378535
5744	510935	378421
5745	510991	378307
5746	511073	378213
5747	511162	378124
5748	511261	378043
5749	511343	377949
5750	511421	377852
5751	511517	377769
5752	511590	377668
5753	511677	377577
5754	511747	377475
5755	511838	377387
5756	511932	377301
5757	512028	377218
5758	512141	377147
5759	512225	377055
5760	512296	376952
5761	512384	376863
5762	512456	376762
5763	512536	376666
5764	512600	376558
5765	512662	376450
5766	512739	376352
5767	512814	376253
5768	512894	376158
5769	512957	376050
5770	513031	375950
5771	513104	375849
5772	513183	375754
5773	513263	375658
5774	513342	375562
5775	513439	375479
5776	513536	375396
5777	513605	375293
5778	513681	375194
5779	513779	375112
5780	513877	375030
5781	513964	374940
5782	514042	374843
5783	514130	374753
5784	514216	374662
5785	514297	374568
5786	514357	374458
5787	514428	374356
5788	514490	374247
5789	514566	374149
5790	514640	374049
5791	514714	373949
5792	514781	373845
5793	514874	373759
5794	514970	373675
5795	515055	373584
5796	515142	373493
5797	515235	373407
5798	515304	373304
5799	515398	373219
5800	515490	373132
5801	515571	373038
5802	515655	372945
5803	515729	372846
5804	515799	372743
5805	515890	372656
5806	515981	372569
5807	516042	372460
5808	516115	372360
5809	516193	372263
5810	516269	372165
5811	516335	372060
5812	516411	371962
5813	516573	371925
5814	516688	371855
5815	516763	371756
5816	516831	371653
5817	516917	371562
5818	516993	371464
5819	517072	371368
5820	517150	371271
5821	517239	371182
5822	517318	371087
5823	517432	371015
5824	517520	370926
5825	517611	370839
5826	517720	370765
5827	517837	370696
5828	517996	370657
5829	518161	370623
5830	518254	370536
5831	518349	370452
5832	518450	370372
5833	518556	370295
5834	518662	370219
5835	518754	370132
5836	518844	370044
5837	518942	369962
5838	519031	369873
5839	519118	369783
5840	519204	369691
5841	519313	369617
5842	519417	369539
5843	519498	369445
5844	519601	369366
5845	519679	369269
5846	519775	369185
5847	519846	369084
5848	519923	368986
5849	520007	368894
5850	520087	368798
5851	520211	368734
5852	520285	368635
5853	520351	368530
5854	520438	368440
5855	520511	368340
5856	520586	368241
5857	520680	368155
5858	520752	368055
5859	520847	367970
5860	520940	367884
5861	521030	367796
5862	521115	367704
5863	521191	367607
5864	521310	367539
5865	521391	367444
5866	521474	367351
5867	521543	367248
5868	521633	367160
5869	521702	367057
5870	521773	366956
5871	521844	366855
5872	521906	366747
5873	521982	366649
5874	522046	366543
5875	522149	366464
5876	522241	366377
5877	522307	366272
5878	522372	366166
5879	522468	366083
5880	522544	365985
5881	522635	365898
5882	522707	365797
5883	522797	365709
5884	522881	365616
5885	522975	365531
5886	523081	365454
5887	523184	365376
5888	523280	365292
5889	523367	365202
5890	523434	365098
5891	523520	365007
5892	523604	364914
5893	523692	364825
5894	523768	364727
5895	523842	364628
5896	523906	364522
5897	523963	364411
5898	524043	364316
5899	524121	364219
5900	524198	364122
5901	524291	364037
5902	524371	363942
5903	524465	363856
5904	524560	363772
5905	524639	363676
5906	524725	363585
5907	524814	363496
5908	524903	363408
5909	524993	363320
5910	525073	363225
5911	525169	363141
5912	525240	363040
5913	525307	362936
5914	525375	362833
5915	525464	362744
5916	525541	362647
5917	525613	362547
5918	525686	362447
5919	525747	362339
5920	525806	362230
5921	525881	362132
5922	525945	362025
5923	526009	361920
5924	526093	361827
5925	526187	361742
5926	526282	361658
5927	526361	361562
5928	526434	361463
5929	526528	361377
5930	526605	361280
5931	526698	361194
5932	526777	361099
5933	526888	361026
5934	526973	360934
5935	527053	360839
5936	527130	360743
5937	527197	360639
5938	527282	360548
5939	527354	360447
5940	527420	360343
5941	527482	360236
5942	527553	360135
5943	527631	360039
5944	527705	359940
5945	527791	359849
5946	527890	359767
5947	527962	359667
5948	528058	359583
5949	528160	359503
5950	528238	359407
5951	528319	359314
5952	528413	359228
5953	528516	359150
5954	528595	359054
5955	528717	358988
5956	528804	358898
5957	528890	358807
5958	528972	358714
5959	529044	358614
5960	529106	358506
5961	529178	358406
5962	529260	358313
5963	529339	358218
5964	529416	358121
5965	529475	358012
5966	529551	357915
5967	529632	357821
5968	529707	357723
5969	529780	357623
5970	529873	357538
5971	529946	357438
5972	530024	357342
5973	530097	357243
5974	530165	357140
5975	530257	357053
5976	530329	356954
5977	530408	356858
5978	530502	356773
5979	530582	356679
5980	530659	356582
5981	530744	356491
5982	530831	356401
5983	530896	356297
5984	530976	356201
5985	531046	356101
5986	531120	356002
5987	531199	355906
5988	531278	355812
5989	531341	355706
5990	531410	355604
5991	531484	355505
5992	531559	355407
5993	531651	355320
5994	531739	355232
5995	531834	355147
5996	531905	355047
5997	531977	354947
5998	532045	354844
5999	532121	354747
6000	532245	354682
6001	532337	354595
6002	532401	354491
6003	532480	354395
6004	532546	354292
6005	532614	354189
6006	532687	354090
6007	532759	353990
6008	532829	353889
6009	532894	353784
6010	532962	353682
6011	533032	353581
6012	533096	353476
6013	533164	353374
6014	533231	353271
6015	533329	353189
6016	533408	353094
6017	533506	353011
6018	533600	352926
6019	533693	352840
6020	533795	352760
6021	533876	352666
6022	533944	352564
6023	534069	352500
6024	534140	352399
6025	534231	352312
6026	534315	352220
6027	534378	352115
6028	534460	352022
6029	534529	351921
6030	534591	351814
6031	534672	351720
6032	534746	351622
6033	534808	351516
6034	534879	351416
6035	534958	351321
6036	535031	351222
6037	535116	351131
6038	535213	351048
6039	535279	350944
6040	535366	350855
6041	535455	350766
6042	535546	350679
6043	535635	350591
6044	535762	350527
6045	535845	350435
6046	535915	350334
6047	535985	350234
6048	536067	350141
6049	536136	350039
6050	536206	349939
6051	536275	349837
6052	536349	349739
6053	536421	349639
6054	536495	349541
6055	536570	349444
6056	536631	349337
6057	536709	349241
6058	536787	349146
6059	536883	349063
6060	536954	348963
6061	537048	348877
6062	537137	348789
6063	537212	348692
6064	537307	348607
6065	537400	348521
6066	537475	348424
6067	537568	348338
6068	537672	348260
6069	537789	348190
6070	537887	348107
6071	537952	348003
6072	538040	347914
6073	538116	347817
6074	538191	347720
6075	538269	347624
6076	538328	347517
6077	538405	347421
6078	538477	347321
6079	538557	347228
6080	538653	347144
6081	538729	347047
6082	538820	346960
6083	538910	346872
6084	539004	346787
6085	539097	346701
6086	539200	346622
6087	539306	346545
6088	539406	346464
6089	539507	346383
6090	539611	346304
6091	539693	346211
6092	539767	346114
6093	539850	346021
6094	539924	345924
6095	540017	345838
6096	540099	345744
6097	540177	345649
6098	540256	345554
6099	540332	345458
6100	540400	345356
6101	540499	345274
6102	540596	345191
6103	540716	345122
6104	540824	345046
6105	540935	344972
6106	541007	344873
6107	541092	344782
6108	541182	344694
6109	541259	344598
6110	541377	344528
6111	541459	344436
6112	541536	344340
6113	541626	344252
6114	541711	344161
6115	541775	344057
6116	541855	343963
6117	541931	343867
6118	542005	343769
6119	542090	343678
6120	542163	343579
6121	542266	343500
6122	542363	343417
6123	542463	343335
6124	542540	343240
6125	542632	343153
6126	542716	343062
6127	542813	342978
6128	542903	342891
6129	542995	342804
6130	543070	342707
6131	543187	342636
6132	543272	342546
6133	543341	342444
6134	543423	342352
6135	543486	342247
6136	543546	342141
6137	543614	342039
6138	543692	341944
6139	543760	341842
6140	543815	341733
6141	543871	341624
6142	543922	341512
6143	543981	341405
6144	544075	341320
6145	544152	341224
6146	544254	341144
6147	544371	341073
6148	544480	340997
6149	544559	340903
6150	544638	340808
6151	544731	340722
6152	544829	340639
6153	544925	340556
6154	545020	340472
6155	545101	340378
6156	545185	340287
6157	545255	340187
6158	545336	340093
6159	545424	340005
6160	545489	339901
6161	545563	339804
6162	545639	339707
6163	545710	339608
6164	545769	339501
6165	545829	339395
6166	545894	339292
6167	545970	339195
6168	546056	339105
6169	546153	339022
6170	546224	338923
6171	546316	338836
6172	546407	338749
6173	546494	338660
6174	546568	338562
6175	546661	338476
6176	546751	338389
6177	546873	338321
6178	546936	338217
6179	547012	338121
6180	547079	338019
6181	547164	337928
6182	547294	337865
6183	547364	337765
6184	547437	337667
6185	547504	337565
6186	547567	337461
6187	547649	337368
6188	547752	337289
6189	547835	337197
6190	547932	337114
6191	548041	337038
6192	548154	336965
6193	548234	336871
6194	548313	336776
6195	548410	336693
6196	548521	336619
6197	548659	336560
6198	548755	336476
6199	548839	336385
6200	548922	336293
6201	549007	336202
6202	549086	336108
6203	549164	336013
6204	549222	335906
6205	549291	335806
6206	549364	335707
6207	549421	335600
6208	549495	335502
6209	549585	335415
6210	549667	335322
6211	549764	335239
6212	549853	335151
6213	549933	335057
6214	550037	334978
6215	550125	334889
6216	550208	334798
6217	550301	334712
6218	550388	334622
6219	550507	334552
6220	550577	334453
6221	550665	334364
6222	550747	334271
6223	550822	334174
6224	550903	334081
6225	550979	333985
6226	551055	333890
6227	551129	333792
6228	551188	333686
6229	551263	333589
6230	551335	333491
6231	551412	333395
6232	551508	333311
6233	551577	333211
6234	551673	333127
6235	551776	333047
6236	551872	332964
6237	551941	332863
6238	552023	332771
6239	552096	332673
6240	552195	332591
6241	552341	332537
6242	552427	332447
6243	552506	332353
6244	552585	332259
6245	552668	332167
6246	552742	332070
6247	552818	331974
6248	552893	331877
6249	552954	331772
6250	553016	331668
6251	553099	331576
6252	553164	331474
6253	553237	331376
6254	553323	331286
6255	553417	331201
6256	553488	331102
6257	553585	331018
6258	553675	330931
6259	553744	330831
6260	553829	330740
6261	553918	330652
6262	554007	330564
6263	554123	330492
6264	554188	330390
6265	554271	330298
6266	554340	330198
6267	554420	330104
6268	554488	330004
6269	554564	329908
6270	554623	329802
6271	554692	329702
6272	554747	329594
6273	554800	329484
6274	554865	329382
6275	554942	329286
6276	555033	329200
6277	555121	329111
6278	555223	329031
6279	555311	328942
6280	555402	328855
6281	555477	328759
6282	555570	328673
6283	555661	328586
6284	555739	328491
6285	555816	328396
6286	555935	328326
6287	556014	328232
6288	556100	328142
6289	556167	328041
6290	556250	327949
6291	556326	327853
6292	556397	327755
6293	556469	327657
6294	556533	327554
6295	556613	327461
6296	556687	327364
6297	556754	327263
6298	556847	327177
6299	556942	327093
6300	557027	327002
6301	557102	326906
6302	557199	326823
6303	557280	326730
6304	557376	326646
6305	557467	326559
6306	557552	326469
6307	557622	326370
6308	557691	326270
6309	557761	326171
6310	557836	326074
6311	557919	325983
6312	557985	325882
6313	558059	325785
6314	558119	325680
6315	558180	325575
6316	558257	325480
6317	558330	325383
6318	558403	325285
6319	558488	325195
6320	558561	325098
6321	558654	325013
6322	558745	324926
6323	558820	324829
6324	558912	324743
6325	559009	324659
6326	559086	324565
6327	559173	324476
6328	559266	324390
6329	559361	324306
6330	559469	324228
6331	559548	324135
6332	559628	324042
6333	559708	323948
6334	559781	323851
6335	559856	323755
6336	559929	323657
6337	559989	323553
6338	560065	323457
6339	560139	323361
6340	560213	323264
6341	560298	323174
6342	560394	323090
6343	560486	323004
6344	560593	322926
6345	560684	322839
6346	560758	322743
6347	560830	322645
6348	560920	322557
6349	561011	322471
6350	561082	322372
6351	561181	322290
6352	561286	322211
6353	561369	322120
6354	561450	322027
6355	561542	321941
6356	561620	321847
6357	561682	321743
6358	561762	321650
6359	561837	321555
6360	561914	321459
6361	561981	321359
6362	562075	321274
6363	562171	321190
6364	562267	321106
6365	562359	321020
6366	562448	320932
6367	562550	320851
6368	562638	320762
6369	562729	320676
6370	562802	320579
6371	562899	320495
6372	563003	320416
6373	563086	320324
6374	563153	320224
6375	563235	320132
6376	563314	320039
6377	563390	319943
6378	563482	319857
6379	563545	319754
6380	563623	319660
6381	563713	319573
6382	563798	319483
6383	563872	319386
6384	563965	319300
6385	564061	319216
6386	564154	319131
6387	564245	319044
6388	564342	318960
6389	564413	318862
6390	564506	318776
6391	564598	318691
6392	564689	318604
6393	564852	318557
6394	564920	318457
6395	565011	318370
6396	565091	318278
6397	565166	318182
6398	565233	318081
6399	565309	317986
6400	565380	317888
6401	565434	317780
6402	565496	317677
6403	565553	317571
6404	565624	317474
6405	565720	317389
6406	565809	317301
6407	565901	317215
6408	565997	317131
6409	566075	317037
6410	566160	316947
6411	566239	316853
6412	566321	316761
6413	566408	316673
6414	566488	316579
6415	566566	316485
6416	566684	316414
6417	566769	316324
6418	566862	316238
6419	566944	316146
6420	567018	316050
6421	567097	315956
6422	567174	315862
6423	567232	315757
6424	567295	315654
6425	567369	315558
6426	567445	315463
6427	567538	315377
6428	567629	315291
6429	567720	315204
6430	567813	315118
6431	567911	315035
6432	567999	314947
6433	568071	314849
6434	568157	314759
6435	568233	314665
6436	568342	314588
6437	568427	314498
6438	568513	314408
6439	568596	314317
6440	568662	314216
6441	568746	314126
6442	568824	314032
6443	568896	313934
6444	568970	313838
6445	569043	313742
6446	569118	313646
6447	569194	313551
6448	569266	313454
6449	569358	313367
6450	569432	313271
6451	569523	313184
6452	569600	313090
6453	569673	312993
6454	569765	312907
6455	569837	312810
6456	569925	312722
6457	570013	312633
6458	570130	312561
6459	570214	312470
6460	570298	312379
6461	570371	312283
6462	570459	312194
6463	570529	312096
6464	570605	312001
6465	570681	311906
6466	570740	311802
6467	570817	311707
6468	570878	311604
6469	570942	311503
6470	571019	311409
6471	571111	311322
6472	571184	311226
6473	571280	311142
6474	571369	311054
6475	571455	310965
6476	571539	310874
6477	571636	310790
6478	571725	310703
6479	571824	310620
6480	571910	310531
6481	572004	310446
6482	572071	310346
6483	572153	310254
6484	572245	310168
6485	572311	310068
6486	572387	309973
6487	572460	309876
6488	572552	309790
6489	572664	309715
6490	572749	309625
6491	572823	309529
6492	572898	309434
6493	572972	309337
6494	573071	309255
6495	573172	309174
6496	573278	309095
6497	573404	309028
6498	573497	308942
6499	573590	308856
6500	573668	308762
6501	573781	308687
6502	573857	308593
6503	573932	308497
6504	573999	308397
6505	574076	308303
6506	574154	308209
6507	574220	308109
6508	574296	308014
6509	574359	307913
6510	574446	307824
6511	574539	307738
6512	574633	307653
6513	574726	307567
6514	574818	307481
6515	574929	307405
6516	575003	307309
6517	575089	307220
6518	575168	307127
6519	575284	307053
6520	575361	306959
6521	575442	306867
6522	575521	306774
6523	575587	306673
6524	575673	306584
6525	575751	306491
6526	575833	306399
6527	575918	306309
6528	575995	306215
6529	576052	306110
6530	576125	306014
6531	576197	305917
6532	576290	305831
6533	576383	305745
6534	576473	305658
6535	576569	305574
6536	576641	305477
6537	576737	305393
6538	576832	305309
6539	576910	305215
6540	577002	305129
6541	577088	305040
6542	577191	304959
6543	577257	304859
6544	577337	304767
6545	577405	304668
6546	577473	304569
6547	577567	304484
6548	577660	304398
6549	577750	304311
6550	577833	304220
6551	577921	304132
6552	577991	304034
6553	578075	303943
6554	578163	303855
6555	578245	303763
6556	578349	303684
6557	578456	303605
6558	578559	303525
6559	578646	303436
6560	578750	303356
6561	578850	303274
6562	578943	303188
6563	579015	303092
6564	579133	303019
6565	579213	302926
6566	579292	302833
6567	579371	302741
6568	579455	302650
6569	579531	302556
6570	579605	302460
6571	579681	302366
6572	579764	302275
6573	579831	302175
6574	579919	302087
6575	580009	301999
6576	580097	301911
6577	580187	301824
6578	580271	301734
6579	580349	301640
6580	580426	301546
6581	580503	301452
6582	580586	301361
6583	580673	301272
6584	580766	301187
6585	580888	301116
6586	580979	301029
6587	581059	300937
6588	581142	300846
6589	581208	300746
6590	581294	300657
6591	581355	300555
6592	581425	300457
6593	581497	300361
6594	581560	300259
6595	581625	300159
6596	581701	300065
6597	581762	299962
6598	581851	299875
6599	581926	299780
6600	582006	299688
6601	582099	299602
6602	582178	299509
6603	582270	299423
6604	582351	299331
6605	582440	299243
6606	582512	299147
6607	582631	299074
6608	582694	298973
6609	582779	298884
6610	582849	298786
6611	582936	298697
6612	583034	298614
6613	583114	298522
6614	583188	298426
6615	583248	298324
6616	583320	298227
6617	583393	298132
6618	583463	298034
6619	583537	297938
6620	583629	297853
6621	583711	297761
6622	583806	297677
6623	583897	297590
6624	583992	297505
6625	584084	297419
6626	584161	297325
6627	584245	297235
6628	584338	297149
6629	584426	297061
6630	584547	296989
6631	584628	296898
6632	584714	296808
6633	584797	296718
6634	584868	296621
6635	584948	296529
6636	585025	296435
6637	585083	296332
6638	585163	296239
6639	585244	296147
6640	585305	296045
6641	585366	295944
6642	585436	295846
6643	585524	295758
6644	585615	295672
6645	585706	295585
6646	585792	295496
6647	585882	295408
6648	585952	295311
6649	586020	295213
6650	586094	295117
6651	586206	295041
6652	586321	294967
6653	586389	294869
6654	586458	294771
6655	586549	294684
6656	586618	294587
6657	586695	294493
6658	586757	294392
6659	586813	294288
6660	586886	294192
6661	586944	294088
6662	586999	293984
6663	587073	293889
6664	587149	293795
6665	587239	293707
6666	587334	293623
6667	587427	293537
6668	587502	293442
6669	587596	293357
6670	587678	293266
6671	587775	293182
6672	587864	293095
6673	587958	293010
6674	588050	292923
6675	588142	292838
6676	588232	292750
6677	588314	292659
6678	588398	292569
6679	588490	292483
6680	588577	292394
6681	588660	292304
6682	588737	292210
6683	588814	292116
6684	588889	292022
6685	588951	291921
6686	589017	291822
6687	589089	291725
6688	589183	291640
6689	589258	291546
6690	589332	291451
6691	589421	291363
6692	589488	291265
6693	589564	291171
6694	589655	291084
6695	589743	290996
6696	589835	290910
6697	589950	290835
6698	590012	290734
6699	590073	290633
6700	590144	290536
6701	590208	290436
6702	590283	290342
6703	590358	290247
6704	590434	290153
6705	590497	290053
6706	590559	289952
6707	590635	289858
6708	590700	289759
6709	590796	289675
6710	590892	289590
6711	590962	289494
6712	591034	289398
6713	591126	289312
6714	591219	289226
6715	591294	289131
6716	591384	289044
6717	591474	288957
6718	591561	288869
6719	591652	288782
6720	591740	288694
6721	591824	288604
6722	591908	288514
6723	591975	288416
6724	592061	288327
6725	592133	288231
6726	592205	288135
6727	592264	288033
6728	592353	287945
6729	592426	287850
6730	592501	287756
6731	592594	287670
6732	592669	287576
6733	592756	287487
6734	592853	287404
6735	592942	287316
6736	593018	287222
6737	593096	287129
6738	593183	287041
6739	593294	286964
6740	593376	286873
6741	593458	286782
6742	593544	286693
6743	593609	286594
6744	593692	286504
6745	593761	286406
6746	593838	286313
6747	593910	286217
6748	593988	286124
6749	594063	286030
6750	594138	285936
6751	594198	285834
6752	594273	285740
6753	594345	285645
6754	594419	285550
6755	594494	285455
6756	594585	285369
6757	594673	285281
6758	594742	285184
6759	594839	285100
6760	594925	285011
6761	595016	284924
6762	595087	284828
6763	595168	284737
6764	595248	284645
6765	595328	284554
6766	595407	284461
6767	595493	284372
6768	595567	284278
6769	595641	284183
6770	595720	284091
6771	595796	283997
6772	595855	283895
6773	595917	283795
6774	595995	283702
6775	596086	283616
6776	596184	283532
6777	596254	283436
6778	596327	283341
6779	596410	283251
6780	596493	283160
6781	596587	283075
6782	596655	282978
6783	596717	282878
6784	596807	282791
6785	596870	282691
6786	596992	282619
6787	597074	282528
6788	597141	282430
6789	597226	282341
6790	597297	282245
6791	597383	282156
6792	597455	282060
6793	597524	281964
6794	597596	281868
6795	597658	281768
6796	597728	281672
6797	597818	281585
6798	597899	281493
6799	598001	281412
6800	598095	281327
6801	598173	281234
6802	598272	281151
6803	598363	281065
6804	598434	280969
6805	598530	280885
6806	598620	280798
6807	598708	280710
6808	598793	280621
6809	598886	280535
6810	598954	280438
6811	599044	280351
6812	599163	280278
6813	599255	280191
6814	599332	280099
6815	599396	279999
6816	599467	279903
6817	599542	279809
6818	599613	279714
6819	599688	279620
6820	599747	279518
6821	599838	279432
6822	599910	279336
6823	599980	279240
6824	600068	279152
6825	600142	279058
6826	600236	278973
6827	600330	278888
6828	600426	278804
6829	600521	278719
6830	600610	278632
6831	600729	278558
6832	600814	278469
6833	600884	278372
6834	600995	278295
6835	601055	278194
6836	601131	278101
6837	601208	278008
6838	601281	277913
6839	601340	277812
6840	601398	277710
6841	601463	277611
6842	601529	277514
6843	601622	277428
6844	601711	277341
6845	601793	277250
6846	601885	277164
6847	601966	277073
6848	602046	276981
6849	602134	276894
6850	602222	276806
6851	602303	276714
6852	602418	276639
6853	602514	276555
6854	602581	276457
6855	602662	276366
6856	602748	276278
6857	602829	276187
6858	602890	276086
6859	602964	275992
6860	603027	275893
6861	603104	275800
6862	603166	275700
6863	603228	275601
6864	603307	275508
6865	603385	275416
6866	603455	275320
6867	603525	275224
6868	603595	275128
6869	603691	275044
6870	603779	274956
6871	603867	274868
6872	603930	274769
6873	604006	274676
6874	604094	274588
6875	604189	274503
6876	604305	274428
6877	604389	274339
6878	604453	274240
6879	604533	274149
6880	604603	274053
6881	604666	273953
6882	604743	273861
6883	604820	273768
6884	604887	273670
6885	604957	273574
6886	605032	273481
6887	605116	273391
6888	605239	273319
6889	605321	273229
6890	605410	273142
6891	605502	273055
6892	605597	272971
6893	605686	272884
6894	605777	272797
6895	605864	272709
6896	605955	272622
6897	606063	272543
6898	606143	272452
6899	606222	272360
6900	606302	272269
6901	606367	272171
6902	606452	272082
6903	606530	271989
6904	606591	271889
6905	606679	271802
6906	606753	271708
6907	606815	271608
6908	606875	271508
6909	606951	271415
6910	607013	271315
6911	607109	271231
6912	607198	271144
6913	607290	271058
6914	607360	270962
6915	607463	270881
6916	607576	270804
6917	607685	270726
6918	607791	270646
6919	607905	270570
6920	608022	270495
6921	608112	270408
6922	608197	270319
6923	608292	270235
6924	608385	270149
6925	608454	270053
6926	608521	269956
6927	608603	269865
6928	608684	269774
6929	608746	269675
6930	608818	269580
6931	608889	269485
6932	608978	269398
6933	609063	269309
6934	609158	269224
6935	609235	269131
6936	609325	269044
6937	609418	268959
6938	609494	268866
6939	609567	268771
6940	609660	268686
6941	609757	268602
6942	609840	268512
6943	609956	268437
6944	610024	268340
6945	610107	268250
6946	610190	268160
6947	610272	268070
6948	610348	267977
6949	610408	267877
6950	610482	267783
6951	610556	267689
6952	610634	267597
6953	610696	267497
6954	610778	267407
6955	610853	267314
6956	610926	267219
6957	611019	267134
6958	611097	267042
6959	611192	266957
6960	611286	266872
6961	611361	266779
6962	611456	266694
6963	611539	266604
6964	611640	266522
6965	611709	266426
6966	611778	266330
6967	611860	266240
6968	611944	266150
6969	612020	266057
6970	612099	265965
6971	612159	265866
6972	612232	265772
6973	612307	265678
6974	612382	265585
6975	612445	265486
6976	612522	265394
6977	612618	265309
6978	612691	265215
6979	612784	265130
6980	612869	265041
6981	612958	264953
6982	613048	264867
6983	613117	264771
6984	613210	264685
6985	613308	264602
6986	613423	264526
6987	613509	264437
6988	613595	264349
6989	613678	264259
6990	613764	264170
6991	613840	264077
6992	613914	263984
6993	613987	263889
6994	614063	263797
6995	614141	263705
6996	614216	263611
6997	614287	263516
6998	614380	263431
6999	614470	263344
7000	614558	263256
7001	614637	263165
7002	614727	263078
7003	614799	262984
7004	614900	262901
7005	614989	262814
7006	615067	262722
7007	615178	262644
7008	615247	262548
7009	615335	262461
7010	615413	262369
7011	615478	262271
7012	615543	262174
7013	615624	262083
7014	615687	261985
7015	615765	261893
7016	615837	261798
7017	615910	261704
7018	615984	261611
7019	616063	261519
7020	616159	261435
7021	616252	261349
7022	616321	261254
7023	616410	261167
7024	616486	261074
7025	616571	260985
7026	616664	260899
7027	616753	260812
7028	616821	260716
7029	616921	260634
7030	617008	260546
7031	617088	260454
7032	617171	260365
7033	617256	260276
7034	617328	260181
7035	617409	260091
7036	617485	259998
7037	617561	259905
7038	617633	259811
7039	617710	259718
7040	617770	259619
7041	617848	259527
7042	617923	259435
7043	617996	259340
7044	618092	259256
7045	618193	259174
7046	618261	259078
7047	618335	258985
7048	618429	258899
7049	618524	258815
7050	618596	258720
7051	618669	258626
7052	618759	258540
7053	618847	258452
7054	618964	258376
7055	619046	258287
7056	619143	258203
7057	619233	258116
7058	619318	258027
7059	619397	257936
7060	619459	257837
7061	619537	257745
7062	619611	257652
7063	619677	257555
7064	619740	257457
7065	619820	257366
7066	619907	257278
7067	619994	257190
7068	620069	257097
7069	620168	257014
7070	620266	256931
7071	620362	256847
7072	620434	256752
7073	620525	256666
7074	620608	256576
7075	620705	256492
7076	620780	256399
7077	620846	256303
7078	620929	256213
7079	621019	256126
7080	621104	256037
7081	621190	255949
7082	621253	255851
7083	621327	255758
7084	621406	255666
7085	621478	255572
7086	621556	255480
7087	621634	255389
7088	621700	255292
7089	621780	255201
7090	621871	255115
7091	621966	255030
7092	622042	254938
7093	622136	254853
7094	622210	254759
7095	622285	254667
7096	622378	254581
7097	622469	254495
7098	622572	254413
7099	622698	254341
7100	622784	254253
7101	622867	254163
7102	622954	254075
7103	623043	253988
7104	623108	253891
7105	623179	253796
7106	623251	253702
7107	623326	253609
7108	623395	253514
7109	623458	253416
7110	623553	253332
7111	623645	253246
7112	623722	253154
7113	623798	253061
7114	623880	252971
7115	623962	252882
7116	624055	252796
7117	624141	252707
7118	624232	252621
7119	624326	252536
7120	624399	252442
7121	624510	252364
7122	624576	252268
7123	624658	252178
7124	624743	252089
7125	624811	251994
7126	624885	251900
7127	624959	251807
7128	625022	251709
7129	625107	251620
7130	625183	251528
7131	625255	251434
7132	625313	251335
7133	625401	251247
7134	625493	251161
7135	625585	251075
7136	625674	250988
7137	625763	250901
7138	625852	250814
7139	625940	250726
7140	626009	250631
7141	626080	250537
7142	626175	250452
7143	626275	250369
7144	626378	250288
7145	626458	250197
7146	626522	250100
7147	626585	250002
7148	626667	249913
7149	626752	249824
7150	626829	249732
7151	626891	249634
7152	626970	249543
7153	627054	249454
7154	627134	249363
7155	627224	249277
7156	627311	249189
7157	627401	249102
7158	627491	249015
7159	627558	248920
7160	627647	248832
7161	627736	248745
7162	627822	248657
7163	627914	248571
7164	628032	248495
7165	628112	248405
7166	628197	248316
7167	628275	248224
7168	628360	248136
7169	628449	248049
7170	628538	247961
7171	628599	247863
7172	628670	247769
7173	628746	247677
7174	628805	247578
7175	628883	247487
7176	628975	247401
7177	629123	247337
7178	629198	247244
7179	629293	247159
7180	629385	247074
7181	629478	246988
7182	629572	246903
7183	629664	246817
7184	629774	246738
7185	629859	246649
7186	629970	246571
7187	630039	246476
7188	630119	246385
7189	630203	246296
7190	630282	246205
7191	630365	246115
7192	630438	246022
7193	630513	245930
7194	630588	245837
7195	630664	245745
7196	630741	245653
7197	630815	245560
7198	630886	245466
7199	630978	245380
7200	631071	245294
7201	631148	245203
7202	631219	245108
7203	631291	245015
7204	631374	244925
7205	631474	244843
7206	631547	244749
7207	631637	244662
7208	631709	244569
7209	631784	244476
7210	631905	244402
7211	631992	244314
7212	632083	244228
7213	632166	244138
7214	632246	244048
7215	632324	243956
7216	632398	243863
7217	632470	243770
7218	632533	243673
7219	632596	243576
7220	632670	243483
7221	632751	243392
7222	632835	243303
7223	632927	243217
7224	633017	243131
7225	633107	243044
7226	633191	242955
7227	633284	242869
7228	633364	242779
7229	633443	242688
7230	633537	242603
7231	633605	242508
7232	633687	242418
7233	633763	242326
7234	633844	242236
7235	633932	242148
7236	634015	242059
7237	634096	241969
7238	634167	241875
7239	634239	241781
7240	634299	241683
7241	634361	241586
7242	634440	241495
7243	634515	241403
7244	634595	241312
7245	634687	241226
7246	634784	241142
7247	634873	241055
7248	634963	240969
7249	635052	240882
7250	635120	240786
7251	635215	240701
7252	635310	240617
7253	635431	240542
7254	635499	240447
7255	635579	240356
7256	635657	240265
7257	635725	240170
7258	635809	240081
7259	635875	239985
7260	635951	239894
7261	636025	239801
7262	636099	239708
7263	636159	239610
7264	636238	239519
7265	636306	239424
7266	636398	239338
7267	636486	239251
7268	636577	239165
7269	636657	239075
7270	636736	238984
7271	636824	238896
7272	636912	238809
7273	637013	238726
7274	637094	238636
7275	637215	238561
7276	637292	238470
7277	637378	238382
7278	637466	238294
7279	637556	238207
7280	637649	238122
7281	637718	238027
7282	637799	237937
7283	637887	237850
7284	637971	237761
7285	638053	237671
7286	638159	237590
7287	638244	237502
7288	638345	237419
7289	638453	237340
7290	638555	237257
7291	638651	237173
7292	638745	237088
7293	638834	237000
7294	638926	236915
7295	639052	236841
7296	639121	236747
7297	639202	236657
7298	639286	236568
7299	639354	236473
7300	639429	236381
7301	639503	236288
7302	639582	236197
7303	639666	236109
7304	639754	236021
7305	639822	235926
7306	639884	235829
7307	639967	235740
7308	640040	235647
7309	640137	235563
7310	640234	235479
7311	640327	235394
7312	640404	235302
7313	640494	235215
7314	640581	235127
7315	640660	235037
7316	640741	234947
7317	640835	234862
7318	640943	234781
7319	641005	234685
7320	641075	234591
7321	641161	234503
7322	641232	234409
7323	641313	234319
7324	641389	234227
7325	641464	234135
7326	641538	234042
7327	641602	233946
7328	641661	233848
7329	641722	233751
7330	641806	233662
7331	641907	233580
7332	641982	233488
7333	642057	233395
7334	642158	233313
7335	642254	233228
7336	642356	233146
7337	642449	233060
7338	642524	232968
7339	642616	232882
7340	642691	232790
7341	642816	232716
7342	642897	232626
7343	642982	232538
7344	643069	232450
7345	643151	232360
7346	643225	232268
7347	643301	232176
7348	643369	232082
7349	643446	231991
7350	643526	231900
7351	643601	231808
7352	643700	231725
7353	643776	231633
7354	643871	231548
7355	643969	231464
7356	644062	231379
7357	644161	231295
7358	644239	231204
7359	644337	231120
7360	644451	231042
7361	644541	230956
7362	644622	230866
7363	644707	230777
7364	644790	230688
7365	644861	230595
7366	644939	230504
7367	645015	230412
7368	645100	230324
7369	645174	230231
7370	645253	230141
7371	645326	230048
7372	645413	229960
7373	645506	229875
7374	645600	229790
7375	645680	229699
7376	645765	229611
7377	645853	229523
7378	645944	229437
7379	646012	229343
7380	646106	229257
7381	646174	229163
7382	646283	229083
7383	646362	228992
7384	646440	228902
7385	646504	228806
7386	646574	228712
7387	646649	228620
7388	646726	228529
7389	646804	228438
7390	646868	228342
7391	646953	228254
7392	647032	228163
7393	647110	228072
7394	647188	227981
7395	647269	227892
7396	647359	227805
7397	647458	227721
7398	647529	227628
7399	647602	227536
7400	647695	227450
7401	647783	227363
7402	647866	227273
7403	647941	227182
7404	648010	227088
7405	648098	227000
7406	648195	226916
7407	648278	226827
7408	648360	226738
7409	648424	226642
7410	648510	226554
7411	648593	226465
7412	648658	226369
7413	648717	226272
7414	648780	226176
7415	648852	226083
7416	648910	225985
7417	648974	225890
7418	649052	225799
7419	649130	225708
7420	649210	225618
7421	649307	225534
7422	649403	225449
7423	649499	225365
7424	649592	225279
7425	649686	225194
7426	649759	225101
7427	649838	225011
7428	649957	224934
7429	650045	224847
7430	650132	224759
7431	650198	224665
7432	650278	224574
7433	650343	224479
7434	650424	224390
7435	650503	224299
7436	650579	224208
7437	650652	224115
7438	650723	224022
7439	650799	223931
7440	650871	223838
7441	650948	223747
7442	651027	223656
7443	651124	223572
7444	651212	223485
7445	651317	223403
7446	651409	223317
7447	651503	223232
7448	651571	223138
7449	651680	223058
7450	651757	222967
7451	651847	222880
7452	651932	222792
7453	651994	222696
7454	652076	222607
7455	652168	222521
7456	652240	222428
7457	652308	222334
7458	652369	222237
7459	652441	222145
7460	652515	222053
7461	652640	221978
7462	652726	221890
7463	652819	221804
7464	652893	221712
7465	652967	221620
7466	653057	221534
7467	653135	221443
7468	653207	221350
7469	653298	221264
7470	653419	221188
7471	653512	221102
7472	653575	221006
7473	653658	220917
7474	653744	220830
7475	653828	220741
7476	653917	220654
7477	653992	220562
7478	654052	220466
7479	654125	220373
7480	654195	220280
7481	654271	220189
7482	654358	220101
7483	654436	220011
7484	654530	219925
7485	654619	219838
7486	654696	219747
7487	654783	219660
7488	654879	219575
7489	654980	219492
7490	655072	219406
7491	655163	219320
7492	655251	219233
7493	655346	219148
7494	655451	219066
7495	655531	218976
7496	655598	218882
7497	655683	218794
7498	655749	218699
7499	655822	218607
7500	655910	218520
7501	655972	218424
7502	656034	218328
7503	656097	218233
7504	656174	218141
7505	656251	218051
7506	656336	217962
7507	656424	217875
7508	656511	217787
7509	656604	217702
7510	656688	217613
7511	656780	217528
7512	656866	217440
7513	656958	217354
7514	657081	217278
7515	657163	217189
7516	657243	217099
7517	657326	217010
7518	657415	216923
7519	657481	216829
7520	657548	216734
7521	657622	216642
7522	657702	216553
7523	657785	216464
7524	657845	216367
7525	657906	216271
7526	657975	216178
7527	658039	216083
7528	658136	215998
7529	658223	215911
7530	658315	215825
7531	658391	215734
7532	658471	215644
7533	658549	215553
7534	658622	215461
7535	658716	215376
7536	658836	215299
7537	658924	215212
7538	659004	215122
7539	659088	215034
7540	659172	214945
7541	659256	214857
7542	659348	214771
7543	659427	214681
7544	659510	214592
7545	659570	214495
7546	659651	214406
7547	659708	214309
7548	659784	214218
7549	659844	214121
7550	659926	214032
7551	659999	213940
7552	660095	213855
7553	660167	213763
7554	660243	213672
7555	660317	213580
7556	660388	213487
7557	660462	213396
7558	660554	213310
7559	660671	213232
7560	660744	213140
7561	660823	213050
7562	660892	212957
7563	660965	212864
7564	661032	212771
7565	661119	212683
7566	661178	212587
7567	661258	212497
7568	661329	212404
7569	661406	212314
7570	661492	212226
7571	661594	212143
7572	661663	212050
7573	661758	211965
7574	661835	211874
7575	661929	211789
7576	662019	211703
7577	662086	211609
7578	662156	211516
7579	662243	211428
7580	662357	211349
7581	662447	211263
7582	662528	211173
7583	662605	211083
7584	662675	210990
7585	662741	210896
7586	662824	210807
7587	662914	210720
7588	662982	210627
7589	663053	210534
7590	663131	210444
7591	663189	210347
7592	663268	210257
7593	663342	210166
7594	663419	210075
7595	663513	209990
7596	663606	209904
7597	663702	209820
7598	663790	209732
7599	663879	209646
7600	663973	209560
7601	664071	209476
7602	664169	209393
7603	664251	209303
7604	664337	209216
7605	664419	209127
7606	664503	209038
7607	664587	208950
7608	664672	208862
7609	664736	208767
7610	664798	208672
7611	664874	208581
7612	664948	208489
7613	665011	208394
7614	665088	208304
7615	665177	208217
7616	665270	208131
7617	665362	208045
7618	665459	207961
7619	665547	207874
7620	665643	207789
7621	665735	207703
7622	665828	207618
7623	665931	207535
7624	665997	207441
7625	666078	207352
7626	666158	207262
7627	666235	207172
7628	666297	207077
7629	666375	206986
7630	666433	206890
7631	666508	206799
7632	666582	206707
7633	666658	206616
7634	666734	206526
7635	666805	206433
7636	666882	206343
7637	666966	206254
7638	667038	206162
7639	667130	206076
7640	667202	205984
7641	667274	205892
7642	667347	205801
7643	667440	205715
7644	667524	205627
7645	667651	205552
7646	667742	205466
7647	667831	205379
7648	667922	205292
7649	668009	205205
7650	668103	205120
7651	668186	205031
7652	668258	204939
7653	668338	204849
7654	668405	204756
7655	668482	204666
7656	668548	204572
7657	668615	204478
7658	668699	204390
7659	668794	204305
7660	668885	204219
7661	668979	204133
7662	669071	204048
7663	669167	203963
7664	669259	203877
7665	669334	203786
7666	669421	203698
7667	669544	203622
7668	669637	203537
7669	669721	203448
7670	669807	203361
7671	669895	203273
7672	669966	203181
7673	670038	203089
7674	670098	202993
7675	670171	202902
7676	670245	202810
7677	670321	202720
7678	670395	202629
7679	670469	202537
7680	670542	202446
7681	670636	202360
7682	670728	202274
7683	670819	202188
7684	670894	202097
7685	670990	202013
7686	671083	201927
7687	671198	201848
7688	671266	201755
7689	671354	201668
7690	671427	201576
7691	671507	201487
7692	671575	201394
7693	671644	201301
7694	671716	201209
7695	671790	201118
7696	671855	201024
7697	671931	200933
7698	672009	200843
7699	672073	200749
7700	672147	200657
7701	672219	200566
7702	672297	200476
7703	672393	200391
7704	672480	200303
7705	672554	200212
7706	672628	200121
7707	672712	200033
7708	672781	199940
7709	672890	199859
7710	672981	199773
7711	673063	199684
7712	673145	199595
7713	673224	199506
7714	673295	199414
7715	673367	199322
7716	673442	199231
7717	673521	199141
7718	673596	199050
7719	673662	198957
7720	673741	198867
7721	673810	198774
7722	673886	198684
7723	673977	198598
7724	674073	198513
7725	674148	198422
7726	674238	198336
7727	674309	198244
7728	674400	198157
7729	674495	198073
7730	674601	197991
7731	674687	197903
7732	674783	197818
7733	674866	197730
7734	674952	197642
7735	675019	197549
7736	675100	197460
7737	675160	197365
7738	675220	197270
7739	675283	197175
7740	675356	197084
7741	675438	196995
7742	675518	196906
7743	675583	196812
7744	675679	196727
7745	675753	196636
7746	675825	196545
7747	675912	196457
7748	676004	196372
7749	676092	196285
7750	676181	196198
7751	676274	196112
7752	676360	196024
7753	676426	195931
7754	676512	195843
7755	676576	195750
7756	676661	195662
7757	676729	195569
7758	676803	195478
7759	676883	195389
7760	676948	195295
7761	677024	195204
7762	677101	195114
7763	677178	195024
7764	677240	194930
7765	677315	194839
7766	677404	194752
7767	677494	194666
7768	677585	194580
7769	677676	194494
7770	677768	194408
7771	677853	194320
7772	677962	194239
7773	678052	194152
7774	678134	194064
7775	678215	193975
7776	678297	193886
7777	678366	193793
7778	678440	193703
7779	678522	193614
7780	678597	193523
7781	678677	193434
7782	678744	193341
7783	678813	193249
7784	678883	193156
7785	678955	193065
7786	679047	192979
7787	679133	192892
7788	679226	192806
7789	679302	192716
7790	679393	192629
7791	679486	192544
7792	679563	192454
7793	679656	192368
7794	679739	192280
7795	679834	192195
7796	679932	192111
7797	680016	192022
7798	680097	191934
7799	680165	191841
7800	680229	191747
7801	680309	191658
7802	680371	191564
7803	680460	191477
7804	680538	191387
7805	680611	191296
7806	680683	191205
7807	680744	191110
7808	680811	191017
7809	680884	190926
7810	680970	190839
7811	681062	190753
7812	681148	190665
7813	681230	190577
7814	681320	190490
7815	681416	190406
7816	681514	190321
7817	681585	190230
7818	681698	190150
7819	681765	190057
7820	681849	189969
7821	681915	189876
7822	681997	189787
7823	682081	189699
7824	682166	189611
7825	682251	189524
7826	682325	189433
7827	682400	189342
7828	682473	189251
7829	682550	189161
7830	682621	189069
7831	682678	188974
7832	682758	188885
7833	682825	188792
7834	682913	188705
7835	682984	188613
7836	683076	188528
7837	683160	188440
7838	683233	188349
7839	683319	188261
7840	683393	188170
7841	683502	188089
7842	683602	188005
7843	683690	187919
7844	683756	187826
7845	683826	187734
7846	683912	187646
7847	683999	187559
7848	684075	187469
7849	684151	187379
7850	684225	187288
7851	684289	187194
7852	684360	187103
7853	684420	187008
7854	684496	186918
7855	684584	186831
7856	684677	186745
7857	684771	186660
7858	684848	186570
7859	684941	186485
7860	685024	186396
7861	685093	186304
7862	685161	186212
7863	685274	186132
7864	685353	186043
7865	685421	185950
7866	685507	185863
7867	685573	185770
7868	685662	185684
7869	685745	185595
7870	685825	185506
7871	685901	185416
7872	685978	185326
7873	686049	185235
7874	686112	185141
7875	686173	185047
7876	686253	184958
7877	686330	184868
7878	686423	184782
7879	686526	184699
7880	686599	184609
7881	686673	184518
7882	686764	184432
7883	686857	184346
7884	686944	184259
7885	687067	184182
7886	687149	184093
7887	687229	184004
7888	687308	183915
7889	687372	183822
7890	687453	183733
7891	687520	183640
7892	687597	183550
7893	687673	183460
7894	687746	183369
7895	687827	183281
7896	687891	183188
7897	687968	183098
7898	688029	183004
7899	688106	182914
7900	688199	182828
7901	688296	182744
7902	688390	182658
7903	688484	182573
7904	688572	182486
7905	688656	182399
7906	688745	182312
7907	688839	182227
7908	688919	182138
7909	688985	182045
7910	689049	181952
7911	689118	181860
7912	689205	181773
7913	689281	181683
7914	689356	181592
7915	689433	181503
7916	689503	181411
7917	689572	181319
7918	689666	181234
7919	689724	181139
7920	689798	181049
7921	689871	180958
7922	689966	180873
7923	690038	180782
7924	690130	180696
7925	690225	180611
7926	690322	180527
7927	690409	180439
7928	690480	180348
7929	690580	180265
7930	690687	180183
7931	690753	180090
7932	690834	180001
7933	690917	179913
7934	691007	179827
7935	691088	179738
7936	691158	179647
7937	691229	179555
7938	691290	179462
7939	691364	179371
7940	691440	179281
7941	691498	179186
7942	691573	179096
7943	691644	179005
7944	691738	178920
7945	691824	178833
7946	691917	178747
7947	691995	178658
7948	692089	178572
7949	692181	178486
7950	692273	178401
7951	692391	178322
7952	692481	178235
7953	692562	178147
7954	692647	178059
7955	692730	177971
7956	692812	177883
7957	692883	177791
7958	692961	177702
7959	693027	177610
7960	693085	177515
7961	693145	177421
7962	693206	177327
7963	693267	177234
7964	693339	177143
7965	693406	177051
7966	693499	176965
7967	693577	176876
7968	693646	176784
7969	693738	176698
7970	693827	176612
7971	693919	176526
7972	694010	176440
7973	694111	176356
7974	694209	176272
7975	694284	176182
7976	694363	176093
7977	694428	176000
7978	694501	175910
7979	694582	175821
7980	694660	175732
7981	694737	175642
7982	694804	175550
7983	694880	175460
7984	694955	175370
7985	695030	175280
7986	695118	175193
7987	695193	175103
7988	695268	175013
7989	695345	174924
7990	695439	174838
7991	695531	174753
7992	695604	174662
7993	695674	174571
7994	695764	174485
7995	695870	174402
7996	695952	174314
7997	696038	174227
7998	696116	174137
7999	696198	174049
8000	696287	173963
8001	696357	173871
8002	696438	173783
8003	696498	173689
8004	696573	173599
8005	696663	173513
8006	696733	173421
8007	696794	173328
8008	696866	173237
8009	696950	173149
8010	697029	173061
8011	697116	172973
8012	697206	172887
8013	697301	172802
8014	697396	172717
8015	697474	172628
8016	697582	172546
8017	697719	172471
8018	697811	172386
8019	697905	172300
8020	697981	172211
8021	698069	172124
8022	698163	172039
8023	698248	171951
8024	698335	171864
8025	698408	171774
8026	698481	171683
8027	698541	171589
8028	698619	171500
8029	698715	171415
8030	698790	171325
8031	698864	171235
8032	698938	171145
8033	699033	171060
8034	699124	170974
8035	699200	170884
8036	699274	170794
8037	699354	170705
8038	699483	170628
8039	699552	170537
8040	699632	170449
8041	699709	170359
8042	699779	170268
8043	699846	170176
8044	699905	170082
8045	699972	169990
8046	700039	169898
8047	700102	169806
8048	700175	169715
8049	700245	169624
8050	700321	169534
8051	700410	169448
8052	700493	169360
8053	700585	169274
8054	700677	169188
8055	700775	169104
8056	700864	169018
8057	700938	168928
8058	701013	168838
8059	701088	168748
8060	701179	168662
8061	701276	168577
8062	701361	168490
8063	701440	168401
8064	701522	168313
8065	701601	168224
8066	701673	168133
8067	701749	168044
8068	701829	167955
8069	701903	167865
8070	701979	167775
8071	702053	167685
8072	702126	167595
8073	702188	167502
8074	702274	167415
8075	702369	167330
8076	702462	167244
8077	702554	167158
8078	702628	167068
8079	702697	166977
8080	702786	166891
8081	702851	166798
8082	702929	166709
8083	703053	166631
8084	703138	166544
8085	703206	166452
8086	703275	166361
8087	703368	166275
8088	703440	166185
8089	703508	166094
8090	703594	166006
8091	703666	165916
8092	703741	165826
8093	703809	165735
8094	703880	165644
8095	703957	165555
8096	704033	165465
8097	704110	165376
8098	704204	165291
8099	704276	165200
8100	704372	165115
8101	704460	165029
8102	704546	164941
8103	704620	164852
8104	704693	164761
8105	704783	164675
8106	704854	164584
8107	704963	164502
8108	705058	164418
8109	705138	164329
8110	705201	164236
8111	705269	164145
8112	705333	164053
8113	705407	163963
8114	705484	163874
8115	705556	163783
8116	705636	163695
8117	705710	163605
8118	705784	163515
8119	705872	163428
8120	705945	163338
8121	706039	163253
8122	706128	163166
8123	706222	163081
8124	706315	162995
8125	706386	162905
8126	706471	162817
8127	706569	162733
8128	706683	162652
8129	706764	162564
8130	706852	162477
8131	706934	162389
8132	707022	162303
8133	707106	162215
8134	707184	162126
8135	707249	162034
8136	707333	161946
8137	707412	161858
8138	707488	161768
8139	707566	161679
8140	707651	161592
8141	707728	161503
8142	707820	161417
8143	707912	161331
8144	708000	161245
8145	708087	161158
8146	708184	161073
8147	708273	160987
8148	708371	160902
8149	708476	160819
8150	708558	160731
8151	708645	160644
8152	708721	160555
8153	708786	160463
8154	708875	160377
8155	708959	160289
8156	709034	160199
8157	709110	160110
8158	709196	160023
8159	709261	159931
8160	709326	159839
8161	709402	159750
8162	709475	159660
8163	709567	159574
8164	709636	159483
8165	709728	159397
8166	709807	159309
8167	709895	159222
8168	709968	159132
8169	710037	159041
8170	710122	158954
8171	710194	158863
8172	710266	158773
8173	710388	158694
8174	710471	158606
8175	710550	158518
8176	710633	158430
8177	710719	158343
8178	710782	158250
8179	710847	158159
8180	710919	158068
8181	710993	157979
8182	711062	157888
8183	711135	157798
8184	711204	157707
8185	711279	157617
8186	711380	157534
8187	711457	157445
8188	711557	157361
8189	711657	157277
8190	711769	157195
8191	711847	157106
8192	711935	157020
8193	712022	156933
8194	712112	156847
8195	712227	156766
8196	712313	156679
8197	712395	156591
8198	712464	156500
8199	712591	156422
8200	712680	156336
8201	712741	156243
8202	712814	156153
8203	712883	156062
8204	712943	155969
8205	713006	155877
8206	713077	155787
8207	713136	155694
8208	713210	155604
8209	713297	155517
8210	713392	155432
8211	713483	155346
8212	713579	155261
8213	713656	155172
8214	713735	155084
8215	713805	154993
8216	713885	154905
8217	713961	154816
8218	714048	154729
8219	714144	154644
8220	714232	154557
8221	714319	154470
8222	714408	154384
8223	714476	154293
8224	714544	154202
8225	714602	154109
8226	714687	154022
8227	714761	153932
8228	714837	153843
8229	714912	153753
8230	714988	153664
8231	715071	153577
8232	715168	153492
8233	715254	153405
8234	715324	153314
8235	715425	153231
8236	715518	153145
8237	715613	153060
8238	715682	152969
8239	715770	152882
8240	715852	152795
8241	715955	152711
8242	716053	152627
8243	716138	152539
8244	716213	152450
8245	716278	152358
8246	716351	152269
8247	716426	152179
8248	716495	152089
8249	716558	151997
8250	716619	151904
8251	716696	151816
8252	716781	151728
8253	716879	151644
8254	716976	151559
8255	717049	151469
8256	717146	151385
8257	717241	151299
8258	717319	151211
8259	717397	151122
8260	717497	151038
8261	717596	150954
8262	717705	150871
8263	717785	150783
8264	717868	150695
8265	717948	150607
8266	718019	150517
8267	718097	150428
8268	718167	150338
8269	718243	150249
8270	718313	150158
8271	718389	150069
8272	718451	149977
8273	718514	149885
8274	718599	149798
8275	718673	149709
8276	718751	149620
8277	718844	149534
8278	718932	149448
8279	719027	149363
8280	719126	149278
8281	719213	149192
8282	719298	149104
8283	719392	149019
8284	719512	148939
8285	719588	148850
8286	719670	148762
8287	719754	148675
8288	719847	148589
8289	719920	148499
8290	720015	148414
8291	720097	148326
8292	720164	148236
8293	720238	148146
8294	720316	148057
8295	720397	147969
8296	720500	147886
8297	720605	147803
8298	720690	147715
8299	720795	147632
8300	720889	147547
8301	720979	147461
8302	721058	147372
8303	721146	147286
8304	721275	147207
8305	721364	147121
8306	721454	147035
8307	721532	146946
8308	721613	146858
8309	721697	146771
8310	721773	146682
8311	721848	146592
8312	721920	146503
8313	721988	146412
8314	722062	146322
8315	722155	146237
8316	722227	146147
8317	722316	146061
8318	722403	145974
8319	722496	145888
8320	722572	145799
8321	722660	145713
8322	722755	145627
8323	722846	145541
8324	722917	145451
8325	723009	145366
8326	723084	145276
8327	723199	145195
8328	723285	145108
8329	723365	145020
8330	723450	144933
8331	723522	144843
8332	723596	144753
8333	723670	144664
8334	723741	144574
8335	723816	144485
8336	723879	144393
8337	723956	144305
8338	724033	144216
8339	724121	144129
8340	724214	144044
8341	724286	143954
8342	724376	143868
8343	724448	143778
8344	724536	143691
8345	724619	143604
8346	724720	143520
8347	724808	143433
8348	724879	143343
8349	724981	143259
8350	725098	143178
8351	725182	143091
8352	725268	143004
8353	725343	142915
8354	725409	142824
8355	725474	142733
8356	725554	142645
8357	725649	142560
8358	725706	142467
8359	725786	142379
8360	725881	142293
8361	725952	142204
8362	726048	142119
8363	726146	142034
8364	726234	141947
8365	726329	141862
8366	726412	141775
8367	726482	141684
8368	726574	141599
8369	726656	141511
8370	726746	141425
8371	726863	141344
8372	726929	141253
8373	727012	141165
8374	727096	141078
8375	727159	140987
8376	727233	140897
8377	727305	140808
8378	727380	140718
8379	727446	140628
8380	727527	140540
8381	727593	140449
8382	727669	140360
8383	727774	140277
8384	727880	140194
8385	727978	140109
8386	728072	140023
8387	728165	139938
8388	728260	139853
8389	728362	139769
8390	728450	139682
8391	728529	139594
8392	728636	139511
8393	728704	139421
8394	728788	139333
8395	728857	139243
8396	728948	139157
8397	729017	139067
8398	729077	138975
8399	729149	138885
8400	729223	138796
8401	729296	138706
8402	729358	138615
8403	729434	138526
8404	729539	138443
8405	729623	138355
8406	729726	138272
8407	729797	138182
8408	729890	138096
8409	729964	138007
8410	730050	137920
8411	730117	137830
8412	730208	137744
8413	730296	137657
8414	730369	137568
8415	730482	137486
8416	730562	137398
8417	730628	137307
8418	730707	137219
8419	730778	137129
8420	730851	137040
8421	730923	136950
8422	730996	136861
8423	731069	136771
8424	731127	136679
8425	731223	136594
8426	731307	136507
8427	731402	136421
8428	731498	136336
8429	731583	136249
8430	731673	136163
8431	731757	136076
8432	731828	135986
8433	731925	135901
8434	732039	135819
8435	732121	135732
8436	732203	135644
8437	732283	135556
8438	732354	135467
8439	732442	135380
8440	732517	135291
8441	732591	135202
8442	732663	135112
8443	732721	135020
8444	732796	134931
8445	732868	134842
8446	732950	134754
8447	733041	134668
8448	733127	134581
8449	733208	134493
8450	733303	134408
8451	733393	134322
8452	733483	134236
8453	733555	134146
8454	733636	134058
8455	733709	133969
8456	733810	133885
8457	733879	133795
8458	733965	133708
8459	734043	133620
8460	734130	133533
8461	734203	133444
8462	734283	133356
8463	734348	133265
8464	734420	133176
8465	734495	133087
8466	734566	132997
8467	734647	132909
8468	734741	132824
8469	734836	132739
8470	734926	132652
8471	735018	132566
8472	735105	132480
8473	735184	132392
8474	735276	132306
8475	735361	132219
8476	735442	132131
8477	735534	132045
8478	735627	131960
8479	735721	131874
8480	735811	131788
8481	735899	131701
8482	735980	131614
8483	736061	131526
8484	736124	131435
8485	736200	131346
8486	736261	131255
8487	736335	131166
8488	736409	131077
8489	736487	130988
8490	736564	130900
8491	736631	130810
8492	736721	130724
8493	736811	130637
8494	736897	130551
8495	736987	130464
8496	737078	130378
8497	737151	130289
8498	737235	130202
8499	737323	130115
8500	737396	130026
8501	737469	129937
8502	737568	129853
8503	737685	129771
8504	737764	129683
8505	737855	129597
8506	737934	129509
8507	737998	129418
8508	738070	129329
8509	738144	129240
8510	738222	129152
8511	738293	129062
8512	738369	128973
8513	738443	128884
8514	738532	128798
8515	738622	128712
8516	738713	128626
8517	738786	128537
8518	738871	128450
8519	738962	128364
8520	739030	128274
8521	739124	128189
8522	739216	128103
8523	739304	128016
8524	739394	127930
8525	739490	127845
8526	739571	127757
8527	739656	127670
8528	739729	127581
8529	739790	127490
8530	739863	127401
8531	739928	127310
8532	740003	127221
8533	740081	127133
8534	740155	127044
8535	740223	126954
8536	740315	126869
8537	740406	126783
8538	740494	126696
8539	740576	126609
8540	740663	126522
8541	740751	126435
8542	740832	126348
8543	740906	126259
8544	740992	126172
8545	741084	126086
8546	741172	126000
8547	741262	125914
8548	741370	125830
8549	741470	125746
8550	741544	125657
8551	741619	125568
8552	741692	125479
8553	741765	125390
8554	741838	125301
8555	741911	125212
8556	741976	125122
8557	742054	125034
8558	742144	124948
8559	742232	124861
8560	742321	124775
8561	742394	124686
8562	742488	124600
8563	742562	124511
8564	742634	124422
8565	742723	124336
8566	742796	124247
8567	742888	124161
8568	742961	124072
8569	743035	123983
8570	743116	123896
8571	743192	123807
8572	743278	123720
8573	743347	123631
8574	743414	123541
8575	743477	123450
8576	743553	123362
8577	743627	123273
8578	743686	123182
8579	743752	123091
8580	743823	123002
8581	743916	122916
8582	744006	122830
8583	744078	122741
8584	744166	122655
8585	744256	122569
8586	744346	122482
8587	744427	122395
8588	744517	122309
8589	744611	122223
8590	744689	122135
8591	744777	122049
8592	744864	121962
8593	744981	121880
8594	745046	121790
8595	745130	121703
8596	745191	121612
8597	745263	121523
8598	745336	121434
8599	745401	121344
8600	745470	121254
8601	745545	121166
8602	745611	121076
8603	745687	120987
8604	745763	120899
8605	745833	120810
8606	745922	120723
8607	745996	120635
8608	746087	120549
8609	746162	120460
8610	746231	120371
8611	746314	120283
8612	746385	120194
8613	746480	120109
8614	746560	120021
8615	746648	119935
8616	746767	119853
8617	746831	119763
8618	746917	119676
8619	746978	119585
8620	747057	119497
8621	747134	119409
8622	747191	119318
8623	747267	119230
8624	747327	119139
8625	747387	119048
8626	747467	118960
8627	747555	118874
8628	747632	118785
8629	747709	118697
8630	747802	118612
8631	747878	118523
8632	747977	118439
8633	748050	118350
8634	748118	118260
8635	748188	118171
8636	748285	118086
8637	748400	118004
8638	748482	117917
8639	748550	117827
8640	748614	117737
8641	748694	117649
8642	748782	117563
8643	748859	117474
8644	748936	117386
8645	748997	117296
8646	749056	117205
8647	749114	117114
8648	749189	117025
8649	749262	116936
8650	749356	116851
8651	749450	116765
8652	749554	116682
8653	749648	116596
8654	749722	116507
8655	749807	116421
8656	749894	116334
8657	749979	116247
8658	750070	116161
8659	750161	116075
8660	750256	115990
8661	750344	115904
8662	750439	115818
8663	750559	115737
8664	750624	115647
8665	750713	115561
8666	750778	115471
8667	750850	115382
8668	750926	115293
8669	751003	115205
8670	751071	115116
8671	751138	115026
8672	751230	114940
8673	751304	114852
8674	751397	114766
8675	751470	114678
8676	751569	114593
8677	751663	114507
8678	751749	114421
8679	751840	114335
8680	751932	114249
8681	752023	114163
8682	752143	114081
8683	752226	113994
8684	752295	113905
8685	752389	113819
8686	752448	113729
8687	752512	113639
8688	752576	113549
8689	752644	113459
8690	752722	113371
8691	752786	113281
8692	752859	113193
8693	752944	113106
8694	753016	113017
8695	753088	112928
8696	753176	112842
8697	753268	112756
8698	753356	112669
8699	753442	112583
8700	753531	112497
8701	753616	112410
8702	753704	112323
8703	753797	112238
8704	753891	112152
8705	753983	112066
8706	754085	111982
8707	754165	111894
8708	754253	111808
8709	754331	111720
8710	754392	111630
8711	754457	111540
8712	754535	111452
8713	754610	111364
8714	754687	111276
8715	754764	111188
8716	754839	111100
8717	754913	111011
8718	754986	110923
8719	755063	110835
8720	755137	110746
8721	755205	110657
8722	755278	110568
8723	755363	110481
8724	755451	110395
8725	755551	110310
8726	755631	110223
8727	755720	110137
8728	755788	110047
8729	755855	109958
8730	755939	109871
8731	756004	109781
8732	756074	109692
8733	756147	109604
8734	756213	109514
8735	756291	109426
8736	756357	109337
8737	756446	109250
8738	756527	109163
8739	756601	109075
8740	756670	108986
8741	756760	108900
8742	756847	108813
8743	756935	108727
8744	757024	108641
8745	757102	108553
8746	757177	108465
8747	757270	108379
8748	757375	108295
8749	757475	108210
8750	757584	108127
8751	757740	108050
8752	757832	107964
8753	757908	107876
8754	757999	107790
8755	758098	107706
8756	758189	107620
8757	758262	107531
8758	758335	107443
8759	758414	107355
8760	758477	107265
8761	758538	107175
8762	758624	107088
8763	758696	107000
8764	758801	106916
8765	758868	106826
8766	758954	106740
8767	759079	106658
8768	759177	106573
8769	759267	106487
8770	759335	106398
8771	759429	106313
8772	759511	106225
8773	759607	106140
8774	759688	106053
8775	759786	105968
8776	759878	105882
8777	759981	105798
8778	760096	105715
8779	760171	105627
8780	760262	105541
8781	760346	105454
8782	760429	105367
8783	760510	105280
8784	760588	105192
8785	760648	105102
8786	760720	105013
8787	760795	104925
8788	760884	104839
8789	760955	104750
8790	761052	104665
8791	761149	104580
8792	761227	104492
8793	761320	104406
8794	761414	104321
8795	761488	104232
8796	761578	104146
8797	761699	104064
8798	761764	103975
8799	761852	103888
8800	761918	103799
8801	761984	103710
8802	762065	103622
8803	762136	103534
8804	762213	103446
8805	762295	103359
8806	762370	103271
8807	762434	103181
8808	762492	103090
8809	762554	103001
8810	762616	102911
8811	762701	102824
8812	762791	102738
8813	762867	102650
8814	762962	102565
8815	763059	102479
8816	763130	102391
8817	763203	102302
8818	763308	102218
8819	763399	102132
8820	763486	102046
8821	763572	101959
8822	763641	101870
8823	763713	101782
8824	763780	101693
8825	763849	101604
8826	763940	101518
8827	764018	101430
8828	764093	101342
8829	764169	101254
8830	764244	101166
8831	764318	101078
8832	764400	100991
8833	764498	100906
8834	764569	100817
8835	764645	100729
8836	764741	100644
8837	764816	100556
8838	764912	100470
8839	764984	100382
8840	765056	100294
8841	765156	100209
8842	765237	100122
8843	765309	100033
8844	765384	99945
8845	765473	99859
8846	765558	99772
8847	765638	99685
8848	765722	99598
8849	765791	99509
8850	765872	99422
8851	765936	99332
8852	766010	99244
8853	766098	99158
8854	766194	99073
8855	766288	98987
8856	766364	98899
8857	766435	98811
8858	766511	98723
8859	766612	98638
8860	766692	98551
8861	766772	98463
8862	766851	98376
8863	766943	98290
8864	767056	98207
8865	767129	98119
8866	767201	98030
8867	767281	97943
8868	767365	97856
8869	767447	97769
8870	767509	97679
8871	767582	97591
8872	767656	97503
8873	767732	97415
8874	767816	97328
8875	767890	97240
8876	767980	97154
8877	768076	97069
8878	768167	96983
8879	768264	96898
8880	768353	96812
8881	768428	96724
8882	768512	96637
8883	768606	96551
8884	768711	96467
8885	768852	96387
8886	768938	96301
8887	769020	96214
8888	769108	96127
8889	769190	96040
8890	769264	95952
8891	769328	95863
8892	769401	95775
8893	769480	95687
8894	769556	95599
8895	769620	95510
8896	769693	95422
8897	769787	95336
8898	769867	95249
8899	769962	95163
8900	770051	95077
8901	770130	94990
8902	770205	94902
8903	770301	94816
8904	770382	94729
8905	770482	94644
8906	770557	94557
8907	770678	94474
8908	770793	94391
8909	770860	94302
8910	770943	94215
8911	771011	94127
8912	771096	94040
8913	771166	93951
8914	771230	93862
8915	771313	93775
8916	771386	93687
8917	771461	93599
8918	771537	93511
8919	771607	93423
8920	771683	93335
8921	771775	93249
8922	771853	93162
8923	771925	93073
8924	772016	92988
8925	772109	92902
8926	772204	92816
8927	772299	92731
8928	772396	92646
8929	772491	92560
8930	772581	92474
8931	772665	92387
8932	772764	92302
8933	772832	92213
8934	772911	92126
8935	772995	92039
8936	773078	91952
8937	773144	91863
8938	773232	91777
8939	773319	91691
8940	773408	91604
8941	773513	91520
8942	773605	91434
8943	773699	91349
8944	773803	91264
8945	773878	91176
8946	773960	91089
8947	774042	91002
8948	774134	90916
8949	774217	90830
8950	774330	90746
8951	774396	90657
8952	774472	90569
8953	774555	90482
8954	774625	90394
8955	774719	90308
8956	774795	90221
8957	774872	90133
8958	774932	90044
8959	775007	89956
8960	775073	89867
8961	775152	89779
8962	775222	89691
8963	775314	89605
8964	775403	89519
8965	775485	89432
8966	775562	89344
8967	775658	89259
8968	775751	89173
8969	775829	89086
8970	775924	89000
8971	776023	88915
8972	776125	88831
8973	776235	88747
8974	776305	88658
8975	776393	88572
8976	776461	88483
8977	776543	88396
8978	776620	88309
8979	776702	88222
8980	776780	88134
8981	776858	88047
8982	776918	87957
8983	776988	87869
8984	777076	87783
8985	777172	87697
8986	777262	87611
8987	777356	87526
8988	777450	87440
8989	777536	87353
8990	777608	87265
8991	777690	87178
8992	777765	87091
8993	777865	87006
8994	777959	86920
8995	778046	86833
8996	778131	86747
8997	778215	86660
8998	778300	86573
8999	778375	86486
9000	778454	86398
9001	778518	86309
9002	778597	86222
9003	778660	86133
9004	778737	86045
9005	778807	85957
9006	778893	85871
9007	778987	85785
9008	779067	85698
9009	779166	85613
9010	779258	85527
9011	779356	85442
9012	779453	85356
9013	779520	85268
9014	779589	85179
9015	779684	85094
9016	779783	85009
9017	779866	84922
9018	779952	84835
9019	780039	84749
9020	780109	84661
9021	780177	84572
9022	780238	84483
9023	780312	84395
9024	780375	84306
9025	780432	84216
9026	780513	84129
9027	780577	84040
9028	780660	83954
9029	780739	83866
9030	780835	83781
9031	780926	83695
9032	781002	83607
9033	781093	83521
9034	781168	83434
9035	781242	83346
9036	781316	83258
9037	781407	83172
9038	781503	83087
9039	781603	83002
9040	781689	82915
9041	781757	82827
9042	781841	82740
9043	781918	82652
9044	781988	82564
9045	782052	82476
9046	782116	82387
9047	782190	82299
9048	782268	82212
9049	782331	82123
9050	782428	82037
9051	782517	81951
9052	782589	81863
9053	782663	81776
9054	782749	81689
9055	782827	81602
9056	782901	81514
9057	782986	81427
9058	783060	81340
9059	783178	81256
9060	783259	81169
9061	783347	81083
9062	783417	80995
9063	783503	80909
9064	783597	80823
9065	783683	80736
9066	783763	80649
9067	783824	80560
9068	783884	80471
9069	783941	80382
9070	784018	80294
9071	784100	80207
9072	784182	80120
9073	784272	80034
9074	784371	79949
9075	784468	79864
9076	784554	79777
9077	784640	79691
9078	784735	79605
9079	784820	79519
9080	784921	79434
9081	785033	79350
9082	785155	79267
9083	785235	79180
9084	785321	79093
9085	785401	79006
9086	785498	78921
9087	785586	78835
9088	785666	78748
9089	785751	78661
9090	785830	78574
9091	785906	78486
9092	785971	78398
9093	786052	78311
9094	786133	78224
9095	786211	78137
9096	786291	78050
9097	786387	77964
9098	786489	77879
9099	786580	77793
9100	786663	77706
9101	786734	77618
9102	786824	77532
9103	786926	77447
9104	787011	77361
9105	787136	77278
9106	787228	77192
9107	787328	77107
9108	787434	77023
9109	787512	76935
9110	787586	76848
9111	787670	76761
9112	787757	76675
9113	787826	76587
9114	787898	76499
9115	787999	76414
9116	788102	76329
9117	788206	76244
9118	788300	76158
9119	788395	76073
9120	788487	75987
9121	788578	75901
9122	788668	75815
9123	788745	75727
9124	788848	75642
9125	788941	75557
9126	789026	75470
9127	789115	75384
9128	789207	75298
9129	789305	75213
9130	789389	75126
9131	789455	75038
9132	789517	74949
9133	789612	74863
9134	789683	74775
9135	789761	74688
9136	789854	74602
9137	789945	74516
9138	790036	74430
9139	790130	74344
9140	790224	74259
9141	790314	74173
9142	790412	74087
9143	790528	74003
9144	790595	73915
9145	790664	73827
9146	790730	73739
9147	790803	73651
9148	790874	73563
9149	790946	73475
9150	791017	73387
9151	791080	73299
9152	791142	73210
9153	791203	73121
9154	791277	73034
9155	791344	72946
9156	791424	72859
9157	791505	72772
9158	791594	72685
9159	791667	72598
9160	791773	72513
9161	791849	72426
9162	791925	72338
9163	792021	72253
9164	792095	72165
9165	792190	72080
9166	792289	71994
9167	792390	71909
9168	792519	71827
9169	792605	71740
9170	792672	71652
9171	792744	71564
9172	792842	71479
9173	792916	71391
9174	792978	71303
9175	793056	71216
9176	793137	71129
9177	793211	71041
9178	793284	70953
9179	793346	70865
9180	793440	70779
9181	793537	70694
9182	793619	70607
9183	793714	70521
9184	793810	70436
9185	793884	70348
9186	793962	70261
9187	794039	70174
9188	794133	70088
9189	794209	70001
9190	794308	69915
9191	794382	69828
9192	794460	69741
9193	794547	69654
9194	794635	69568
9195	794715	69481
9196	794777	69392
9197	794842	69304
9198	794923	69217
9199	794980	69128
9200	795055	69041
9201	795125	68953
9202	795219	68867
9203	795289	68779
9204	795383	68694
9205	795493	68609
9206	795601	68525
9207	795673	68437
9208	795762	68351
9209	795861	68266
9210	795961	68180
9211	796076	68096
9212	796164	68010
9213	796248	67923
9214	796314	67835
9215	796405	67749
9216	796487	67663
9217	796563	67575
9218	796637	67488
9219	796700	67399
9220	796779	67312
9221	796858	67225
9222	796937	67138
9223	797012	67051
9224	797086	66963
9225	797186	66878
9226	797290	66793
9227	797383	66707
9228	797478	66622
9229	797595	66538
9230	797684	66452
9231	797769	66365
9232	797854	66279
9233	797925	66191
9234	797994	66103
9235	798076	66016
9236	798157	65929
9237	798245	65843
9238	798332	65757
9239	798405	65669
9240	798484	65582
9241	798552	65494
9242	798630	65407
9243	798719	65321
9244	798799	65234
9245	798901	65149
9246	799004	65064
9247	799111	64979
9248	799192	64892
9249	799270	64805
9250	799364	64719
9251	799443	64632
9252	799516	64545
9253	799592	64458
9254	799684	64372
9255	799762	64285
9256	799827	64197
9257	799914	64110
9258	799992	64023
9259	800082	63937
9260	800144	63849
9261	800246	63763
9262	800323	63676
9263	800390	63588
9264	800474	63502
9265	800539	63414
9266	800639	63328
9267	800720	63242
9268	800800	63155
9269	800879	63068
9270	800980	62982
9271	801074	62897
9272	801149	62809
9273	801251	62724
9274	801348	62639
9275	801459	62554
9276	801539	62467
9277	801620	62380
9278	801705	62294
9279	801783	62207
9280	801851	62119
9281	801929	62032
9282	802009	61945
9283	802074	61857
9284	802150	61770
9285	802210	61681
9286	802284	61594
9287	802348	61506
9288	802438	61420
9289	802536	61334
9290	802629	61248
9291	802723	61163
9292	802805	61076
9293	802902	60990
9294	802990	60904
9295	803064	60817
9296	803157	60731
9297	803238	60644
9298	803343	60559
9299	803411	60471
9300	803498	60385
9301	803582	60298
9302	803675	60213
9303	803753	60126
9304	803887	60043
9305	803963	59956
9306	804038	59868
9307	804110	59781
9308	804169	59692
9309	804231	59604
9310	804307	59517
9311	804401	59431
9312	804495	59345
9313	804571	59258
9314	804691	59174
9315	804796	59089
9316	804877	59003
9317	804979	58917
9318	805067	58831
9319	805133	58743
9320	805198	58655
9321	805284	58569
9322	805354	58481
9323	805440	58395
9324	805510	58307
9325	805585	58220
9326	805671	58134
9327	805749	58047
9328	805822	57959
9329	805897	57872
9330	805957	57784
9331	806047	57698
9332	806145	57612
9333	806223	57525
9334	806324	57440
9335	806422	57354
9336	806519	57269
9337	806611	57183
9338	806694	57096
9339	806768	57009
9340	806890	56925
9341	806971	56838
9342	807039	56751
9343	807108	56663
9344	807184	56576
9345	807261	56489
9346	807327	56401
9347	807390	56313
9348	807473	56226
9349	807542	56139
9350	807623	56052
9351	807681	55964
9352	807748	55876
9353	807827	55789
9354	807921	55703
9355	808026	55618
9356	808120	55532
9357	808200	55446
9358	808293	55360
9359	808371	55273
9360	808447	55186
9361	808540	55100
9362	808635	55014
9363	808763	54930
9364	808854	54844
9365	808949	54759
9366	809033	54672
9367	809122	54586
9368	809202	54499
9369	809285	54413
9370	809362	54326
9371	809443	54239
9372	809536	54153
9373	809600	54065
9374	809694	53979
9375	809800	53894
9376	809896	53808
9377	809990	53722
9378	810084	53637
9379	810182	53551
9380	810262	53464
9381	810359	53379
9382	810439	53292
9383	810513	53205
9384	810604	53119
9385	810681	53032
9386	810802	52947
9387	810884	52861
9388	810962	52774
9389	811045	52687
9390	811134	52601
9391	811210	52514
9392	811273	52426
9393	811348	52339
9394	811426	52252
9395	811489	52164
9396	811554	52076
9397	811615	51988
9398	811711	51903
9399	811791	51816
9400	811895	51731
9401	811971	51644
9402	812070	51558
9403	812163	51472
9404	812238	51385
9405	812306	51298
9406	812413	51213
9407	812519	51127
9408	812586	51040
9409	812654	50952
9410	812741	50866
9411	812807	50778
9412	812876	50691
9413	812968	50605
9414	813030	50517
9415	813093	50429
9416	813171	50342
9417	813244	50255
9418	813318	50168
9419	813391	50081
9420	813478	49995
9421	813573	49909
9422	813668	49823
9423	813762	49737
9424	813853	49651
9425	813933	49564
9426	814003	49477
9427	814089	49391
9428	814202	49306
9429	814302	49220
9430	814401	49135
9431	814482	49048
9432	814576	48962
9433	814647	48875
9434	814729	48788
9435	814803	48701
9436	814865	48613
9437	814946	48527
9438	815026	48440
9439	815102	48353
9440	815197	48267
9441	815291	48181
9442	815382	48095
9443	815482	48010
9444	815573	47924
9445	815668	47838
9446	815750	47751
9447	815841	47665
9448	815916	47578
9449	816021	47493
9450	816130	47408
9451	816196	47320
9452	816281	47234
9453	816350	47146
9454	816425	47059
9455	816500	46972
9456	816575	46885
9457	816641	46798
9458	816724	46711
9459	816804	46625
9460	816877	46538
9461	816958	46451
9462	817036	46364
9463	817112	46277
9464	817229	46193
9465	817349	46108
9466	817440	46022
9467	817549	45937
9468	817644	45851
9469	817753	45766
9470	817843	45680
9471	817961	45595
9472	818065	45510
9473	818197	45426
9474	818287	45340
9475	818381	45254
9476	818443	45166
9477	818518	45079
9478	818578	44992
9479	818659	44905
9480	818740	44818
9481	818820	44732
9482	818917	44646
9483	818993	44559
9484	819091	44473
9485	819168	44386
9486	819247	44299
9487	819328	44213
9488	819428	44127
9489	819528	44042
9490	819640	43957
9491	819749	43871
9492	819830	43785
9493	819915	43698
9494	820001	43612
9495	820091	43526
9496	820164	43439
9497	820239	43352
9498	820319	43265
9499	820385	43178
9500	820457	43091
9501	820532	43004
9502	820604	42917
9503	820691	42830
9504	820782	42744
9505	820859	42657
9506	820953	42571
9507	821058	42486
9508	821163	42400
9509	821264	42315
9510	821367	42229
9511	821437	42142
9512	821532	42056
9513	821608	41969
9514	821722	41884
9515	821817	41799
9516	821939	41714
9517	822013	41627
9518	822086	41540
9519	822165	41453
9520	822238	41366
9521	822311	41279
9522	822373	41192
9523	822432	41104
9524	822493	41016
9525	822563	40929
9526	822657	40843
9527	822757	40757
9528	822841	40671
9529	822949	40586
9530	823028	40499
9531	823125	40413
9532	823215	40327
9533	823302	40241
9534	823403	40155
9535	823492	40069
9536	823616	39984
9537	823702	39898
9538	823789	39812
9539	823883	39726
9540	823958	39639
9541	824034	39552
9542	824113	39465
9543	824185	39378
9544	824254	39291
9545	824335	39204
9546	824421	39118
9547	824517	39032
9548	824593	38945
9549	824671	38858
9550	824768	38773
9551	824859	38686
9552	824952	38600
9553	825030	38514
9554	825118	38427
9555	825212	38341
9556	825342	38257
9557	825420	38170
9558	825511	38084
9559	825602	37998
9560	825673	37911
9561	825761	37825
9562	825837	37738
9563	825903	37650
9564	825989	37564
9565	826070	37477
9566	826147	37391
9567	826211	37303
9568	826306	37217
9569	826403	37132
9570	826489	37045
9571	826582	36959
9572	826654	36872
9573	826750	36786
9574	826836	36700
9575	826904	36613
9576	826990	36526
9577	827072	36440
9578	827161	36353
9579	827246	36267
9580	827329	36181
9581	827399	36094
9582	827488	36007
9583	827554	35920
9584	827621	35833
9585	827704	35746
9586	827778	35660
9587	827856	35573
9588	827936	35486
9589	827997	35399
9590	828086	35313
9591	828160	35226
9592	828259	35140
9593	828334	35053
9594	828405	34966
9595	828497	34880
9596	828593	34794
9597	828682	34708
9598	828759	34621
9599	828858	34535
9600	828943	34449
9601	829030	34363
9602	829096	34275
9603	829166	34188
9604	829253	34102
9605	829340	34016
9606	829410	33929
9607	829497	33842
9608	829576	33756
9609	829634	33668
9610	829714	33582
9611	829787	33495
9612	829866	33408
9613	829972	33323
9614	830050	33236
9615	830141	33150
9616	830237	33064
9617	830328	32978
9618	830398	32891
9619	830465	32804
9620	830537	32717
9621	830652	32632
9622	830737	32545
9623	830806	32458
9624	830868	32371
9625	830937	32284
9626	831025	32198
9627	831098	32111
9628	831163	32024
9629	831245	31937
9630	831319	31850
9631	831381	31763
9632	831454	31676
9633	831523	31589
9634	831600	31503
9635	831694	31417
9636	831801	31331
9637	831900	31245
9638	831997	31159
9639	832079	31073
9640	832161	30987
9641	832246	30900
9642	832325	30814
9643	832417	30727
9644	832501	30641
9645	832628	30556
9646	832720	30470
9647	832790	30383
9648	832860	30296
9649	832933	30210
9650	833031	30124
9651	833114	30037
9652	833199	29951
9653	833263	29864
9654	833344	29777
9655	833426	29691
9656	833491	29604
9657	833584	29518
9658	833680	29432
9659	833777	29346
9660	833862	29259
9661	833941	29173
9662	834026	29086
9663	834118	29000
9664	834217	28914
9665	834323	28829
9666	834395	28742
9667	834477	28656
9668	834547	28569
9669	834615	28482
9670	834699	28395
9671	834770	28309
9672	834852	28222
9673	834937	28136
9674	835023	28049
9675	835096	27963
9676	835174	27876
9677	835256	27790
9678	835325	27703
9679	835401	27616
9680	835487	27530
9681	835573	27443
9682	835643	27357
9683	835715	27270
9684	835806	27184
9685	835913	27098
9686	836015	27012
9687	836081	26925
9688	836147	26838
9689	836211	26751
9690	836290	26665
9691	836376	26579
9692	836470	26492
9693	836531	26405
9694	836606	26319
9695	836670	26232
9696	836748	26145
9697	836821	26058
9698	836897	25972
9699	836977	25885
9700	837061	25799
9701	837145	25713
9702	837246	25627
9703	837339	25541
9704	837434	25455
9705	837508	25368
9706	837598	25282
9707	837684	25196
9708	837781	25110
9709	837874	25024
9710	837954	24937
9711	838058	24851
9712	838140	24765
9713	838244	24679
9714	838334	24593
9715	838440	24507
9716	838520	24421
9717	838580	24334
9718	838653	24247
9719	838733	24161
9720	838810	24074
9721	838884	23987
9722	838981	23901
9723	839076	23815
9724	839171	23729
9725	839250	23643
9726	839362	23557
9727	839458	23471
9728	839549	23385
9729	839623	23298
9730	839715	23212
9731	839807	23126
9732	839909	23040
9733	840012	22954
9734	840095	22868
9735	840157	22781
9736	840231	22694
9737	840293	22608
9738	840364	22521
9739	840454	22435
9740	840524	22348
9741	840612	22262
9742	840709	22176
9743	840807	22090
9744	840899	22004
9745	840969	21917
9746	841042	21830
9747	841114	21744
9748	841180	21657
9749	841282	21571
9750	841374	21485
9751	841453	21398
9752	841529	21312
9753	841619	21226
9754	841703	21139
9755	841792	21053
9756	841871	20966
9757	841952	20880
9758	842014	20793
9759	842088	20707
9760	842153	20620
9761	842236	20533
9762	842299	20447
9763	842383	20360
9764	842481	20274
9765	842573	20188
9766	842672	20102
9767	842765	20016
9768	842865	19930
9769	842965	19844
9770	843064	19758
9771	843184	19673
9772	843262	19586
9773	843370	19500
9774	843450	19414
9775	843538	19328
9776	843620	19241
9777	843714	19155
9778	843798	19069
9779	843874	18982
9780	843959	18896
9781	844041	18810
9782	844099	18723
9783	844184	18636
9784	844260	18550
9785	844351	18464
9786	844424	18377
9787	844513	18291
9788	844609	18205
9789	844704	18119
9790	844800	18033
9791	844878	17946
9792	844966	17860
9793	845057	17774
9794	845183	17688
9795	845248	17602
9796	845314	17515
9797	845402	17429
9798	845489	17342
9799	845557	17256
9800	845622	17169
9801	845687	17082
9802	845753	16996
9803	845826	16909
9804	845905	16823
9805	845964	16736
9806	846041	16649
9807	846115	16563
9808	846208	16477
9809	846306	16391
9810	846378	16304
9811	846467	16218
9812	846546	16132
9813	846635	16045
9814	846723	15959
9815	846823	15873
9816	846897	15787
9817	847018	15701
9818	847091	15614
9819	847192	15528
9820	847300	15443
9821	847398	15357
9822	847485	15270
9823	847577	15184
9824	847644	15097
9825	847707	15011
9826	847777	14924
9827	847867	14838
9828	847951	14752
9829	848061	14666
9830	848166	14580
9831	848260	14494
9832	848334	14407
9833	848411	14321
9834	848481	14234
9835	848574	14148
9836	848666	14062
9837	848765	13976
9838	848854	13890
9839	848939	13803
9840	849025	13717
9841	849120	13631
9842	849204	13545
9843	849305	13459
9844	849389	13372
9845	849473	13286
9846	849556	13200
9847	849639	13113
9848	849723	13027
9849	849820	12941
9850	849898	12855
9851	849981	12768
9852	850062	12682
9853	850155	12596
9854	850247	12509
9855	850343	12423
9856	850436	12337
9857	850514	12251
9858	850640	12165
9859	850722	12079
9860	850806	11992
9861	850891	11906
9862	850968	11820
9863	851047	11733
9864	851113	11647
9865	851171	11560
9866	851253	11474
9867	851334	11387
9868	851422	11301
9869	851514	11215
9870	851606	11129
9871	851681	11042
9872	851755	10956
9873	851853	10870
9874	851948	10784
9875	852036	10697
9876	852127	10611
9877	852219	10525
9878	852295	10439
9879	852415	10353
9880	852497	10266
9881	852567	10180
9882	852652	10094
9883	852730	10007
9884	852803	9921
9885	852883	9834
9886	852942	9748
9887	853018	9662
9888	853098	9575
9889	853175	9489
9890	853252	9402
9891	853332	9316
9892	853404	9230
9893	853496	9143
9894	853593	9057
9895	853690	8971
9896	853768	8885
9897	853857	8799
9898	853932	8712
9899	854021	8626
9900	854140	8540
9901	854206	8454
9902	854274	8367
9903	854358	8281
9904	854428	8194
9905	854519	8108
9906	854598	8022
9907	854674	7936
9908	854736	7849
9909	854803	7763
9910	854877	7676
9911	854958	7590
9912	855054	7504
9913	855153	7418
9914	855249	7331
9915	855348	7245
9916	855427	7159
9917	855516	7073
9918	855590	6986
9919	855663	6900
9920	855742	6814
9921	855835	6727
9922	855974	6642
9923	856055	6555
9924	856136	6469
9925	856228	6383
9926	856308	6297
9927	856382	6210
9928	856462	6124
9929	856537	6038
9930	856601	5951
9931	856681	5865
9932	856739	5778
9933	856829	5692
9934	856921	5606
9935	856995	5520
9936	857088	5433
9937	857191	5347
9938	857277	5261
9939	857352	5175
9940	857451	5088
9941	857534	5002
9942	857640	4916
9943	857774	4830
9944	857876	4744
9945	857963	4658
9946	858045	4571
9947	858123	4485
9948	858211	4399
9949	858303	4313
9950	858380	4226
9951	858473	4140
9952	858556	4054
9953	858660	3968
9954	858732	3881
9955	858832	3795
9956	858904	3709
9957	858998	3623
9958	859071	3536
9959	859143	3450
9960	859215	3364
9961	859304	3277
9962	859441	3191
9963	859550	3105
9964	859647	3019
9965	859726	2933
9966	859812	2846
9967	859890	2760
9968	859968	2674
9969	860043	2587
9970	860119	2501
9971	860201	2415
9972	860281	2329
9973	860373	2242
9974	860470	2156
9975	860546	2070
9976	860619	1983
9977	860724	1897
9978	860816	1811
9979	860906	1725
9980	860982	1638
9981	861083	1552
9982	861207	1466
9983	861293	1380
9984	861379	1294
9985	861468	1207
9986	861549	1121
9987	861614	1035
9988	861690	948
9989	861762	862
9990	861837	776
9991	861918	690
9992	862003	603
9993	862100	517
9994	862194	431
9995	862277	345
9996	862361	258
9997	862438	172
9998	862515	86
9999	862608	0
